player_name,season,gp,age
Aaron Gordon,2021-22,75,26.0
Aaron Henry,2021-22,6,22.0
Aaron Holiday,2021-22,63,25.0
Aaron Nesmith,2021-22,52,22.0
Aaron Wiggins,2021-22,50,23.0
Abdel Nader,2021-22,14,28.0
Ade Murkey,2021-22,1,24.0
Admiral Schofield,2021-22,38,25.0
Ahmad Caver,2021-22,1,25.0
Al Horford,2021-22,69,36.0
Alec Burks,2021-22,81,30.0
Aleem Ford,2021-22,5,24.0
Aleksej Pokusevski,2021-22,61,20.0
Alex Caruso,2021-22,41,28.0
Alex Len,2021-22,39,29.0
Alfonzo McKinnie,2021-22,17,29.0
Alize Johnson,2021-22,23,26.0
Alperen Sengun,2021-22,72,19.0
Amir Coffey,2021-22,69,25.0
Andre Drummond,2021-22,73,28.0
Andre Iguodala,2021-22,31,38.0
Andrew Wiggins,2021-22,73,27.0
Anfernee Simons,2021-22,57,23.0
Anthony Davis,2021-22,40,29.0
Anthony Edwards,2021-22,72,20.0
Anthony Gill,2021-22,44,29.0
Anthony Lamb,2021-22,2,24.0
Armoni Brooks,2021-22,54,24.0
Arnoldas Kulboka,2021-22,2,24.0
Austin Reaves,2021-22,61,24.0
Austin Rivers,2021-22,67,29.0
Avery Bradley,2021-22,62,31.0
Ayo Dosunmu,2021-22,77,22.0
BJ Johnson,2021-22,4,26.0
Bam Adebayo,2021-22,56,24.0
Ben McLemore,2021-22,64,29.0
Bismack Biyombo,2021-22,36,29.0
Blake Griffin,2021-22,56,33.0
Boban Marjanovic,2021-22,23,33.0
Bobby Portis Jr.,2021-22,72,27.0
Bogdan Bogdanović,2021-22,63,29.0
Bojan Bogdanovic,2021-22,69,33.0
Bol Bol,2021-22,14,22.0
Bones Hyland,2021-22,69,21.0
Brad Wanamaker,2021-22,23,32.0
Bradley Beal,2021-22,40,29.0
Brandon Boston Jr.,2021-22,51,20.0
Brandon Clarke,2021-22,64,25.0
Brandon Goodwin,2021-22,36,26.0
Brandon Ingram,2021-22,55,24.0
Brandon Knight,2021-22,5,30.0
Brandon Williams,2021-22,24,22.0
Braxton Key,2021-22,11,25.0
Brodric Thomas,2021-22,12,25.0
Brook Lopez,2021-22,13,34.0
Bruce Brown,2021-22,72,25.0
Bruno Fernando,2021-22,30,23.0
Bryn Forbes,2021-22,75,28.0
Buddy Hield,2021-22,81,29.0
CJ Elleby,2021-22,58,22.0
CJ McCollum,2021-22,62,30.0
CJ Miles,2021-22,1,35.0
Cade Cunningham,2021-22,64,20.0
Caleb Martin,2021-22,60,26.0
Cam Reddish,2021-22,49,22.0
Cam Thomas,2021-22,67,20.0
Cameron Johnson,2021-22,66,26.0
Cameron McGriff,2021-22,3,24.0
Cameron Oliver,2021-22,2,25.0
Cameron Payne,2021-22,58,27.0
Caris LeVert,2021-22,58,27.0
Carlik Jones,2021-22,5,24.0
Carmelo Anthony,2021-22,69,38.0
Carsen Edwards,2021-22,4,24.0
Cassius Stanley,2021-22,9,22.0
Cassius Winston,2021-22,7,24.0
Cat Barber,2021-22,3,27.0
Cedi Osman,2021-22,66,27.0
Chandler Hutchison,2021-22,6,26.0
Charles Bassey,2021-22,23,21.0
Charlie Brown Jr.,2021-22,22,25.0
Chaundee Brown Jr.,2021-22,5,23.0
Cheick Diallo,2021-22,3,25.0
Chimezie Metu,2021-22,60,25.0
Chris Boucher,2021-22,80,29.0
Chris Chiozza,2021-22,34,26.0
Chris Duarte,2021-22,55,25.0
Chris Paul,2021-22,65,37.0
Chris Silva,2021-22,10,25.0
Christian Wood,2021-22,68,26.0
Chuma Okeke,2021-22,70,23.0
Clint Capela,2021-22,74,28.0
Coby White,2021-22,61,22.0
Cody Martin,2021-22,71,26.0
Cody Zeller,2021-22,27,29.0
Cole Anthony,2021-22,65,22.0
Collin Sexton,2021-22,11,23.0
Corey Kispert,2021-22,77,23.0
Cory Joseph,2021-22,65,30.0
Craig Sword,2021-22,3,28.0
D'Angelo Russell,2021-22,65,26.0
D.J. Augustin,2021-22,55,34.0
D.J. Wilson,2021-22,4,26.0
DaQuan Jeffries,2021-22,3,24.0
Daishen Nix,2021-22,24,20.0
Dakota Mathias,2021-22,6,26.0
Dalano Banton,2021-22,64,22.0
Damian Jones,2021-22,56,27.0
Damian Lillard,2021-22,29,31.0
Damion Lee,2021-22,63,29.0
Damyean Dotson,2021-22,2,28.0
Daniel Gafford,2021-22,72,23.0
Daniel Oturu,2021-22,3,22.0
Daniel Theis,2021-22,47,30.0
Danilo Gallinari,2021-22,66,33.0
Danny Green,2021-22,62,35.0
Danuel House Jr.,2021-22,42,29.0
Darius Bazley,2021-22,69,22.0
Darius Garland,2021-22,68,22.0
Darren Collison,2021-22,3,34.0
David Duke Jr.,2021-22,22,22.0
David Johnson,2021-22,2,21.0
David Nwaba,2021-22,46,29.0
Davion Mitchell,2021-22,75,23.0
Davis Bertans,2021-22,56,29.0
Davon Reed,2021-22,48,27.0
Day'Ron Sharpe,2021-22,32,20.0
De'Aaron Fox,2021-22,59,24.0
De'Andre Hunter,2021-22,53,24.0
De'Anthony Melton,2021-22,73,24.0
DeAndre Jordan,2021-22,48,33.0
DeAndre' Bembry,2021-22,56,27.0
DeJon Jarreau,2021-22,1,24.0
DeMar DeRozan,2021-22,76,32.0
DeMarcus Cousins,2021-22,48,31.0
Dean Wade,2021-22,51,25.0
Deandre Ayton,2021-22,58,23.0
Deividas Sirvydis,2021-22,3,22.0
Dejounte Murray,2021-22,68,25.0
Delon Wright,2021-22,77,30.0
Deni Avdija,2021-22,82,21.0
Dennis Schröder,2021-22,64,28.0
Dennis Smith Jr.,2021-22,37,24.0
Denzel Valentine,2021-22,24,28.0
Derrick Favors,2021-22,39,30.0
Derrick Jones Jr.,2021-22,51,25.0
Derrick Rose,2021-22,26,33.0
Derrick Walton Jr.,2021-22,3,27.0
Derrick White,2021-22,75,27.0
Desmond Bane,2021-22,76,24.0
Devin Booker,2021-22,68,25.0
Devin Cannady,2021-22,5,26.0
Devin Vassell,2021-22,71,21.0
Devon Dotson,2021-22,11,22.0
Devontae Cacok,2021-22,15,25.0
Devonte' Graham,2021-22,76,27.0
Dewayne Dedmon,2021-22,67,32.0
Didi Louzada,2021-22,9,22.0
Dillon Brooks,2021-22,32,26.0
Domantas Sabonis,2021-22,62,26.0
Donovan Mitchell,2021-22,67,25.0
Donte DiVincenzo,2021-22,42,25.0
Dorian Finney-Smith,2021-22,80,29.0
Doug McDermott,2021-22,51,30.0
Draymond Green,2021-22,46,32.0
Drew Eubanks,2021-22,71,25.0
Duane Washington Jr.,2021-22,48,22.0
Duncan Robinson,2021-22,79,28.0
Dwight Howard,2021-22,60,36.0
Dwight Powell,2021-22,82,30.0
Dylan Windler,2021-22,50,25.0
Ed Davis,2021-22,31,33.0
Elfrid Payton,2021-22,50,28.0
Elijah Hughes,2021-22,36,24.0
Emanuel Terry,2021-22,3,25.0
Emmanuel Mudiay,2021-22,2,26.0
Enes Freedom,2021-22,35,30.0
Eric Bledsoe,2021-22,54,32.0
Eric Gordon,2021-22,57,33.0
Eric Paschall,2021-22,58,25.0
Eugene Omoruyi,2021-22,4,25.0
Evan Fournier,2021-22,80,29.0
Evan Mobley,2021-22,69,21.0
Facundo Campazzo,2021-22,65,31.0
Feron Hunt,2021-22,2,22.0
Frank Jackson,2021-22,53,24.0
Frank Kaminsky,2021-22,9,29.0
Frank Ntilikina,2021-22,58,23.0
Franz Wagner,2021-22,79,20.0
Fred VanVleet,2021-22,65,28.0
Freddie Gillespie,2021-22,9,25.0
Furkan Korkmaz,2021-22,67,24.0
Gabe Vincent,2021-22,68,26.0
Gabe York,2021-22,2,28.0
Gabriel Deck,2021-22,7,27.0
Gabriel Lundberg,2021-22,4,27.0
Garrett Temple,2021-22,59,36.0
Garrison Mathews,2021-22,65,25.0
Gary Clark,2021-22,38,27.0
Gary Harris,2021-22,61,27.0
Gary Payton II,2021-22,71,29.0
Gary Trent Jr.,2021-22,70,23.0
George Hill,2021-22,54,36.0
George King,2021-22,4,28.0
Georges Niang,2021-22,76,29.0
Georgios Kalaitzakis,2021-22,13,23.0
Giannis Antetokounmpo,2021-22,67,27.0
Goga Bitadze,2021-22,50,22.0
Goran Dragic,2021-22,21,36.0
Gordon Hayward,2021-22,49,32.0
Gorgui Dieng,2021-22,44,32.0
Grant Williams,2021-22,77,23.0
Grayson Allen,2021-22,66,26.0
Greg Brown III,2021-22,48,20.0
Greg Monroe,2021-22,14,32.0
Hamidou Diallo,2021-22,58,23.0
Harrison Barnes,2021-22,77,30.0
Hassan Whiteside,2021-22,65,33.0
Hassani Gravett,2021-22,8,25.0
Haywood Highsmith,2021-22,19,25.0
Herbert Jones,2021-22,78,23.0
Ignas Brazdeikis,2021-22,42,23.0
Immanuel Quickley,2021-22,78,23.0
Isaac Bonga,2021-22,15,22.0
Isaac Okoro,2021-22,67,21.0
Isaiah Hartenstein,2021-22,68,24.0
Isaiah Jackson,2021-22,36,20.0
Isaiah Joe,2021-22,55,22.0
Isaiah Livers,2021-22,19,23.0
Isaiah Roby,2021-22,45,24.0
Isaiah Stewart,2021-22,71,21.0
Isaiah Thomas,2021-22,22,33.0
Isaiah Todd,2021-22,12,20.0
Ish Smith,2021-22,65,33.0
Ish Wainright,2021-22,45,27.0
Ivica Zubac,2021-22,76,25.0
JT Thor,2021-22,33,19.0
Ja Morant,2021-22,57,22.0
JaMychal Green,2021-22,67,32.0
JaQuori McLaughlin,2021-22,4,24.0
JaVale McGee,2021-22,74,34.0
Jabari Parker,2021-22,12,27.0
Jaden McDaniels,2021-22,70,21.0
Jaden Springer,2021-22,2,19.0
Jae Crowder,2021-22,67,31.0
Jae'Sean Tate,2021-22,78,26.0
Jahmi'us Ramsey,2021-22,19,21.0
Jaime Echenique,2021-22,1,25.0
Jake Layman,2021-22,34,28.0
Jakob Poeltl,2021-22,68,26.0
Jalen Brunson,2021-22,79,25.0
Jalen Green,2021-22,67,20.0
Jalen Johnson,2021-22,22,20.0
Jalen McDaniels,2021-22,55,24.0
Jalen Smith,2021-22,51,22.0
Jalen Suggs,2021-22,48,21.0
James Bouknight,2021-22,31,21.0
James Ennis III,2021-22,7,31.0
James Harden,2021-22,65,32.0
James Johnson,2021-22,62,35.0
Jamorko Pickett,2021-22,13,24.0
Jared Butler,2021-22,42,21.0
Jared Harper,2021-22,5,24.0
Jaren Jackson Jr.,2021-22,78,22.0
Jarred Vanderbilt,2021-22,74,23.0
Jarrett Allen,2021-22,56,24.0
Jarrett Culver,2021-22,37,23.0
Jarron Cumberland,2021-22,3,24.0
Javin DeLaurier,2021-22,1,24.0
Javonte Green,2021-22,65,28.0
Javonte Smart,2021-22,17,23.0
Jaxson Hayes,2021-22,70,22.0
Jay Huff,2021-22,4,24.0
Jay Scrubb,2021-22,18,21.0
Jaylen Brown,2021-22,66,25.0
Jaylen Hoard,2021-22,7,23.0
Jaylen Morris,2021-22,3,26.0
Jaylen Nowell,2021-22,62,22.0
Jaysean Paige,2021-22,1,27.0
Jayson Tatum,2021-22,76,24.0
Jeff Dowtin Jr.,2021-22,9,25.0
Jeff Green,2021-22,75,35.0
Jemerrio Jones,2021-22,2,27.0
Jerami Grant,2021-22,47,28.0
Jeremiah Robinson-Earl,2021-22,49,21.0
Jeremy Lamb,2021-22,56,30.0
Jericho Sims,2021-22,41,23.0
Jevon Carter,2021-22,66,26.0
Jimmy Butler III,2021-22,57,32.0
Jock Landale,2021-22,54,26.0
Joe Harris,2021-22,14,30.0
Joe Ingles,2021-22,45,34.0
Joe Johnson,2021-22,1,41.0
Joe Wieskamp,2021-22,29,22.0
Joel Ayayi,2021-22,7,22.0
Joel Embiid,2021-22,68,28.0
John Collins,2021-22,54,24.0
John Konchar,2021-22,72,26.0
Jon Teske,2021-22,3,25.0
Jonas Valanciunas,2021-22,74,30.0
Jonathan Kuminga,2021-22,70,19.0
Jordan Bell,2021-22,1,27.0
Jordan Clarkson,2021-22,79,30.0
Jordan Goodwin,2021-22,2,23.0
Jordan McLaughlin,2021-22,62,26.0
Jordan Nwora,2021-22,62,23.0
Jordan Poole,2021-22,76,23.0
Jordan Schakel,2021-22,4,24.0
Jose Alvarado,2021-22,54,24.0
Josh Christopher,2021-22,74,20.0
Josh Giddey,2021-22,54,19.0
Josh Green,2021-22,67,21.0
Josh Hart,2021-22,54,27.0
Josh Jackson,2021-22,51,25.0
Josh Okogie,2021-22,49,23.0
Josh Richardson,2021-22,65,28.0
Joshua Primo,2021-22,50,19.0
Jrue Holiday,2021-22,67,32.0
Juan Toscano-Anderson,2021-22,73,29.0
Juancho Hernangomez,2021-22,40,26.0
Julius Randle,2021-22,72,27.0
Justin Anderson,2021-22,16,28.0
Justin Champagnie,2021-22,36,21.0
Justin Holiday,2021-22,74,33.0
Justin Jackson,2021-22,7,27.0
Justin Robinson,2021-22,25,24.0
Justise Winslow,2021-22,48,26.0
Jusuf Nurkić,2021-22,56,27.0
Juwan Morgan,2021-22,2,25.0
KJ Martin,2021-22,79,21.0
KZ Okpala,2021-22,21,23.0
Kai Jones,2021-22,21,21.0
Karl-Anthony Towns,2021-22,74,26.0
Keifer Sykes,2021-22,32,28.0
Keita Bates-Diop,2021-22,59,26.0
Kelan Martin,2021-22,30,26.0
Keldon Johnson,2021-22,75,22.0
Keljin Blevins,2021-22,31,26.0
Kelly Olynyk,2021-22,40,31.0
Kelly Oubre Jr.,2021-22,76,26.0
Kemba Walker,2021-22,37,32.0
Kenrich Williams,2021-22,49,27.0
Kent Bazemore,2021-22,39,32.0
Kentavious Caldwell-Pope,2021-22,77,29.0
Keon Johnson,2021-22,37,20.0
Kessler Edwards,2021-22,48,21.0
Kevin Durant,2021-22,55,33.0
Kevin Huerter,2021-22,74,23.0
Kevin Knox II,2021-22,30,22.0
Kevin Love,2021-22,74,33.0
Kevin Pangos,2021-22,24,29.0
Kevin Porter Jr.,2021-22,61,22.0
Kevon Looney,2021-22,82,26.0
Khem Birch,2021-22,55,29.0
Khris Middleton,2021-22,66,30.0
Killian Hayes,2021-22,66,20.0
Killian Tillie,2021-22,36,24.0
Kira Lewis Jr.,2021-22,24,21.0
Klay Thompson,2021-22,32,32.0
Kris Dunn,2021-22,14,28.0
Kristaps Porziņģis,2021-22,51,26.0
Kyle Anderson,2021-22,69,28.0
Kyle Guy,2021-22,19,24.0
Kyle Kuzma,2021-22,66,26.0
Kyle Lowry,2021-22,63,36.0
Kyrie Irving,2021-22,29,30.0
LaMarcus Aldridge,2021-22,47,36.0
LaMelo Ball,2021-22,75,20.0
Lamar Stevens,2021-22,63,24.0
Lance Stephenson,2021-22,46,31.0
Landry Shamet,2021-22,69,25.0
Langston Galloway,2021-22,7,30.0
Larry Nance Jr.,2021-22,46,29.0
Lauri Markkanen,2021-22,61,25.0
LeBron James,2021-22,56,37.0
Leandro Bolmaro,2021-22,35,21.0
Lindell Wigginton,2021-22,19,24.0
Lindy Waters III,2021-22,25,24.0
Lonnie Walker IV,2021-22,70,23.0
Lonzo Ball,2021-22,35,24.0
Lou Williams,2021-22,56,35.0
Louis King,2021-22,10,23.0
Luguentz Dort,2021-22,51,23.0
Luka Dončić,2021-22,65,23.0
Luka Garza,2021-22,32,23.0
Luke Kennard,2021-22,70,26.0
Luke Kornet,2021-22,15,26.0
MJ Walker,2021-22,2,24.0
Mac McClung,2021-22,2,23.0
Malachi Flynn,2021-22,44,24.0
Malcolm Brogdon,2021-22,36,29.0
Malcolm Hill,2021-22,19,26.0
Malik Beasley,2021-22,79,25.0
Malik Fitts,2021-22,15,24.0
Malik Monk,2021-22,76,24.0
Malik Newman,2021-22,1,25.0
Mamadi Diakite,2021-22,13,25.0
Marcus Garrett,2021-22,12,23.0
Marcus Morris Sr.,2021-22,54,32.0
Marcus Smart,2021-22,71,28.0
Markelle Fultz,2021-22,18,24.0
Markieff Morris,2021-22,17,32.0
Marko Simonovic,2021-22,9,22.0
Markus Howard,2021-22,31,23.0
Marquese Chriss,2021-22,34,24.0
Marvin Bagley III,2021-22,48,23.0
Mason Jones,2021-22,4,23.0
Mason Plumlee,2021-22,73,32.0
Matisse Thybulle,2021-22,66,25.0
Matt Mooney,2021-22,1,27.0
Matt Ryan,2021-22,1,25.0
Matt Thomas,2021-22,40,27.0
Maurice Harkless,2021-22,47,29.0
Max Strus,2021-22,68,26.0
Maxi Kleber,2021-22,59,30.0
McKinley Wright IV,2021-22,5,23.0
Melvin Frazier Jr.,2021-22,3,25.0
Micah Potter,2021-22,3,24.0
Michael Porter Jr.,2021-22,9,24.0
Mikal Bridges,2021-22,82,25.0
Mike Conley,2021-22,72,34.0
Mike Muscala,2021-22,43,30.0
Miles Bridges,2021-22,80,24.0
Miles McBride,2021-22,40,21.0
Mitchell Robinson,2021-22,72,24.0
Miye Oni,2021-22,16,24.0
Mo Bamba,2021-22,71,24.0
Monte Morris,2021-22,75,27.0
Montrezl Harrell,2021-22,71,28.0
Moritz Wagner,2021-22,63,25.0
Moses Brown,2021-22,40,22.0
Moses Moody,2021-22,52,20.0
Moses Wright,2021-22,4,23.0
Mychal Mulder,2021-22,17,28.0
Myles Powell,2021-22,11,24.0
Myles Turner,2021-22,42,26.0
Naji Marshall,2021-22,55,24.0
Nassir Little,2021-22,42,22.0
Nate Hinton,2021-22,2,23.0
Nathan Knight,2021-22,37,24.0
Naz Reid,2021-22,77,22.0
Neemias Queta,2021-22,15,22.0
Nemanja Bjelica,2021-22,71,34.0
Nerlens Noel,2021-22,25,28.0
Nic Claxton,2021-22,47,23.0
Nick Richards,2021-22,50,24.0
Nickeil Alexander-Walker,2021-22,65,23.0
Nicolas Batum,2021-22,59,33.0
Nik Stauskas,2021-22,8,28.0
Nikola Jokić,2021-22,74,27.0
Nikola Vučević,2021-22,73,31.0
Norman Powell,2021-22,45,29.0
Norvel Pelle,2021-22,3,29.0
OG Anunoby,2021-22,48,24.0
Obi Toppin,2021-22,72,24.0
Olivier Sarr,2021-22,22,23.0
Omer Yurtseven,2021-22,56,24.0
Onyeka Okongwu,2021-22,48,21.0
Oshae Brissett,2021-22,67,24.0
Otto Porter Jr.,2021-22,63,29.0
P.J. Tucker,2021-22,71,37.0
P.J. Washington,2021-22,65,23.0
PJ Dozier,2021-22,18,25.0
Paris Bass,2021-22,2,26.0
Pascal Siakam,2021-22,68,28.0
Pat Connaughton,2021-22,65,29.0
Patrick Beverley,2021-22,58,33.0
Patrick Williams,2021-22,17,20.0
Patty Mills,2021-22,81,33.0
Paul George,2021-22,31,32.0
Paul Millsap,2021-22,33,37.0
Paul Reed,2021-22,38,23.0
Paul Watson,2021-22,9,27.0
Payton Pritchard,2021-22,71,24.0
Petr Cornelie,2021-22,13,26.0
Precious Achiuwa,2021-22,73,22.0
Quentin Grimes,2021-22,46,22.0
Quinndary Weatherspoon,2021-22,11,25.0
R.J. Hampton,2021-22,64,21.0
RJ Barrett,2021-22,70,22.0
RJ Nembhard Jr.,2021-22,14,23.0
Rajon Rondo,2021-22,39,36.0
Raul Neto,2021-22,70,30.0
Rayjon Tucker,2021-22,5,24.0
Reggie Bullock Jr.,2021-22,68,31.0
Reggie Jackson,2021-22,75,32.0
Reggie Perry,2021-22,10,22.0
Richaun Holmes,2021-22,45,28.0
Ricky Rubio,2021-22,34,31.0
Rob Edwards,2021-22,2,25.0
Robert Covington,2021-22,71,31.0
Robert Williams III,2021-22,61,24.0
Robert Woodard II,2021-22,12,22.0
Robin Lopez,2021-22,36,34.0
Rodney Hood,2021-22,52,29.0
Rodney McGruder,2021-22,51,30.0
Romeo Langford,2021-22,48,22.0
Royce O'Neale,2021-22,77,29.0
Rudy Gay,2021-22,55,35.0
Rudy Gobert,2021-22,66,30.0
Rui Hachimura,2021-22,42,24.0
Russell Westbrook,2021-22,78,33.0
Ryan Arcidiacono,2021-22,10,28.0
Saben Lee,2021-22,37,23.0
Saddiq Bey,2021-22,82,23.0
Sam Dekker,2021-22,1,28.0
Sam Hauser,2021-22,26,24.0
Sam Merrill,2021-22,6,26.0
Sandro Mamukelashvili,2021-22,41,23.0
Santi Aldama,2021-22,32,21.0
Scottie Barnes,2021-22,74,20.0
Scottie Lewis,2021-22,2,22.0
Scotty Hopson,2021-22,1,32.0
Sekou Doumbouya,2021-22,2,21.0
Semi Ojeleye,2021-22,30,27.0
Serge Ibaka,2021-22,54,32.0
Seth Curry,2021-22,64,31.0
Shai Gilgeous-Alexander,2021-22,56,23.0
Shake Milton,2021-22,55,25.0
Shaq Buchanan,2021-22,2,25.0
Shaquille Harrison,2021-22,2,28.0
Sharife Cooper,2021-22,13,21.0
Skylar Mays,2021-22,28,24.0
Solomon Hill,2021-22,13,31.0
Spencer Dinwiddie,2021-22,67,29.0
Stanley Johnson,2021-22,48,26.0
Stephen Curry,2021-22,64,34.0
Sterling Brown,2021-22,49,27.0
Steven Adams,2021-22,76,28.0
Svi Mykhailiuk,2021-22,56,25.0
T.J. McConnell,2021-22,27,30.0
Tacko Fall,2021-22,11,26.0
Taj Gibson,2021-22,52,37.0
Talen Horton-Tucker,2021-22,60,21.0
Taurean Prince,2021-22,69,28.0
Terance Mann,2021-22,81,25.0
Terence Davis,2021-22,30,25.0
Terrence Ross,2021-22,63,31.0
Terry Rozier,2021-22,73,28.0
Terry Taylor,2021-22,33,22.0
Thaddeus Young,2021-22,52,34.0
Thanasis Antetokounmpo,2021-22,48,29.0
Theo Maledon,2021-22,51,21.0
Theo Pinson,2021-22,19,26.0
Thomas Bryant,2021-22,27,24.0
Tim Frazier,2021-22,12,31.0
Tim Hardaway Jr.,2021-22,42,30.0
Timothe Luwawu-Cabarrot,2021-22,52,27.0
Tobias Harris,2021-22,73,29.0
Tomas Satoransky,2021-22,55,30.0
Tony Bradley,2021-22,55,24.0
Tony Snell,2021-22,53,30.0
Torrey Craig,2021-22,78,31.0
Trae Young,2021-22,76,23.0
Trayvon Palmer,2021-22,1,27.0
Tre Jones,2021-22,69,22.0
Tre Mann,2021-22,60,21.0
Tremont Waters,2021-22,3,24.0
Trendon Watford,2021-22,48,21.0
Trent Forrest,2021-22,60,24.0
Trevelin Queen,2021-22,10,25.0
Trevon Scott,2021-22,2,25.0
Trevor Ariza,2021-22,24,37.0
Trey Burke,2021-22,42,29.0
Trey Lyles,2021-22,75,26.0
Trey Murphy III,2021-22,62,22.0
Tristan Thompson,2021-22,57,31.0
Troy Brown Jr.,2021-22,66,22.0
Ty Jerome,2021-22,48,24.0
Tyler Cook,2021-22,20,24.0
Tyler Hall,2021-22,1,25.0
Tyler Herro,2021-22,66,22.0
Tyler Johnson,2021-22,6,30.0
Tyrell Terry,2021-22,2,21.0
Tyrese Haliburton,2021-22,77,22.0
Tyrese Maxey,2021-22,75,21.0
Tyrone Wallace,2021-22,6,28.0
Tyus Jones,2021-22,73,26.0
Udoka Azubuike,2021-22,17,22.0
Udonis Haslem,2021-22,13,42.0
Usman Garuba,2021-22,24,20.0
Vernon Carey Jr.,2021-22,7,21.0
Victor Oladipo,2021-22,8,30.0
Vlatko Cancar,2021-22,15,25.0
Vít Krejčí,2021-22,30,22.0
Wayne Ellington,2021-22,43,34.0
Wayne Selden,2021-22,3,27.0
Wendell Carter Jr.,2021-22,62,23.0
Wenyen Gabriel,2021-22,26,25.0
Wes Iwundu,2021-22,3,27.0
Wesley Matthews,2021-22,49,35.0
Will Barton,2021-22,71,31.0
Willie Cauley-Stein,2021-22,20,28.0
Willy Hernangomez,2021-22,50,28.0
Xavier Moon,2021-22,10,27.0
Xavier Sneed,2021-22,9,24.0
Xavier Tillman,2021-22,53,23.0
Yuta Watanabe,2021-22,38,27.0
Yves Pons,2021-22,12,23.0
Zach Collins,2021-22,28,24.0
Zach LaVine,2021-22,67,27.0
Zavier Simpson,2021-22,4,25.0
Zeke Nnaji,2021-22,41,21.0
Ziaire Williams,2021-22,62,20.0
Zylan Cheatham,2021-22,1,26.0
A.J. Lawson,2022-23,15,22.0
AJ Green,2022-23,35,23.0
AJ Griffin,2022-23,72,19.0
Aaron Gordon,2022-23,68,27.0
Aaron Holiday,2022-23,63,26.0
Aaron Nesmith,2022-23,73,23.0
Aaron Wiggins,2022-23,70,24.0
Admiral Schofield,2022-23,37,26.0
Al Horford,2022-23,63,37.0
Alec Burks,2022-23,51,31.0
Aleksej Pokusevski,2022-23,34,21.0
Alex Caruso,2022-23,67,29.0
Alex Len,2022-23,26,30.0
Alize Johnson,2022-23,4,27.0
Alondes Williams,2022-23,1,24.0
Alperen Sengun,2022-23,75,20.0
Amir Coffey,2022-23,50,26.0
Andre Drummond,2022-23,67,29.0
Andre Iguodala,2022-23,8,39.0
Andrew Nembhard,2022-23,75,23.0
Andrew Wiggins,2022-23,37,28.0
Anfernee Simons,2022-23,62,24.0
Anthony Davis,2022-23,56,30.0
Anthony Edwards,2022-23,79,21.0
Anthony Gill,2022-23,59,30.0
Anthony Lamb,2022-23,62,25.0
Austin Reaves,2022-23,64,25.0
Austin Rivers,2022-23,52,30.0
Ayo Dosunmu,2022-23,80,23.0
Bam Adebayo,2022-23,75,25.0
Ben Simmons,2022-23,42,26.0
Bennedict Mathurin,2022-23,78,21.0
Bismack Biyombo,2022-23,61,30.0
Blake Griffin,2022-23,41,34.0
Blake Wesley,2022-23,37,20.0
Boban Marjanovic,2022-23,31,34.0
Bobby Portis Jr.,2022-23,70,28.0
Bogdan Bogdanović,2022-23,54,30.0
Bojan Bogdanovic,2022-23,59,34.0
Bol Bol,2022-23,70,23.0
Bones Hyland,2022-23,56,22.0
Bradley Beal,2022-23,50,30.0
Brandon Boston Jr.,2022-23,22,21.0
Brandon Clarke,2022-23,56,26.0
Brandon Ingram,2022-23,45,25.0
Braxton Key,2022-23,3,26.0
Brook Lopez,2022-23,78,35.0
Bruce Brown,2022-23,80,26.0
Bruno Fernando,2022-23,39,24.0
Bryce McGowens,2022-23,46,20.0
Bryn Forbes,2022-23,25,29.0
Buddy Boeheim,2022-23,10,23.0
Buddy Hield,2022-23,80,30.0
CJ McCollum,2022-23,75,31.0
Cade Cunningham,2022-23,12,21.0
Caleb Houstan,2022-23,51,20.0
Caleb Martin,2022-23,71,27.0
Cam Reddish,2022-23,40,23.0
Cam Thomas,2022-23,57,21.0
Cameron Johnson,2022-23,42,27.0
Cameron Payne,2022-23,48,28.0
Caris LeVert,2022-23,74,28.0
Carlik Jones,2022-23,7,25.0
Cedi Osman,2022-23,77,28.0
Chance Comanche,2022-23,1,27.0
Charles Bassey,2022-23,35,22.0
Chima Moneke,2022-23,2,27.0
Chimezie Metu,2022-23,66,26.0
Chris Boucher,2022-23,76,30.0
Chris Duarte,2022-23,46,26.0
Chris Paul,2022-23,59,38.0
Chris Silva,2022-23,1,26.0
Christian Braun,2022-23,76,22.0
Christian Koloko,2022-23,58,23.0
Christian Wood,2022-23,67,27.0
Chuma Okeke,2022-23,27,24.0
Clint Capela,2022-23,65,29.0
Coby White,2022-23,74,23.0
Cody Martin,2022-23,7,27.0
Cody Zeller,2022-23,15,30.0
Cole Anthony,2022-23,60,23.0
Cole Swider,2022-23,7,24.0
Collin Sexton,2022-23,48,24.0
Corey Kispert,2022-23,74,24.0
Cory Joseph,2022-23,62,31.0
D'Angelo Russell,2022-23,71,27.0
Daishen Nix,2022-23,57,21.0
Dalano Banton,2022-23,31,23.0
Dalen Terry,2022-23,38,20.0
Damian Jones,2022-23,41,28.0
Damian Lillard,2022-23,58,32.0
Damion Lee,2022-23,74,30.0
Daniel Gafford,2022-23,78,24.0
Daniel Theis,2022-23,7,31.0
Danny Green,2022-23,11,36.0
Danuel House Jr.,2022-23,56,30.0
Dario Saric,2022-23,57,29.0
Darius Bazley,2022-23,43,23.0
Darius Days,2022-23,4,23.0
Darius Garland,2022-23,69,23.0
David Duke Jr.,2022-23,23,23.0
David Roddy,2022-23,70,22.0
Davion Mitchell,2022-23,80,24.0
Davis Bertans,2022-23,45,30.0
Davon Reed,2022-23,43,28.0
Day'Ron Sharpe,2022-23,48,21.0
De'Aaron Fox,2022-23,73,25.0
De'Andre Hunter,2022-23,67,25.0
De'Anthony Melton,2022-23,77,25.0
DeAndre Jordan,2022-23,39,34.0
DeMar DeRozan,2022-23,74,33.0
Dean Wade,2022-23,44,26.0
Deandre Ayton,2022-23,67,24.0
Dejounte Murray,2022-23,74,26.0
Delon Wright,2022-23,50,31.0
Deni Avdija,2022-23,76,22.0
Dennis Schröder,2022-23,66,29.0
Dennis Smith Jr.,2022-23,54,25.0
Deonte Burton,2022-23,2,29.0
Dereon Seabron,2022-23,5,23.0
Derrick Jones Jr.,2022-23,64,26.0
Derrick Rose,2022-23,27,34.0
Derrick White,2022-23,82,28.0
Desmond Bane,2022-23,58,25.0
Devin Booker,2022-23,53,26.0
Devin Vassell,2022-23,38,22.0
Devon Dotson,2022-23,6,23.0
Devonte' Graham,2022-23,73,28.0
Dewayne Dedmon,2022-23,38,33.0
Dillon Brooks,2022-23,73,27.0
Domantas Sabonis,2022-23,79,27.0
Dominick Barlow,2022-23,28,20.0
Donovan Mitchell,2022-23,68,26.0
Donovan Williams,2022-23,2,21.0
Donte DiVincenzo,2022-23,72,26.0
Dorian Finney-Smith,2022-23,66,30.0
Doug McDermott,2022-23,64,31.0
Draymond Green,2022-23,73,33.0
Drew Eubanks,2022-23,78,26.0
Dru Smith,2022-23,15,25.0
Duane Washington Jr.,2022-23,31,23.0
Duncan Robinson,2022-23,42,29.0
Dwight Powell,2022-23,76,31.0
Dylan Windler,2022-23,3,26.0
Dyson Daniels,2022-23,59,20.0
Edmond Sumner,2022-23,53,27.0
Eric Gordon,2022-23,69,34.0
Eugene Omoruyi,2022-23,40,26.0
Evan Fournier,2022-23,27,30.0
Evan Mobley,2022-23,79,22.0
Facundo Campazzo,2022-23,8,32.0
Frank Jackson,2022-23,1,25.0
Frank Kaminsky,2022-23,36,30.0
Frank Ntilikina,2022-23,47,24.0
Franz Wagner,2022-23,80,21.0
Fred VanVleet,2022-23,69,29.0
Furkan Korkmaz,2022-23,37,25.0
Gabe Vincent,2022-23,68,27.0
Gabe York,2022-23,3,29.0
Garrett Temple,2022-23,25,37.0
Garrison Mathews,2022-23,54,26.0
Gary Harris,2022-23,48,28.0
Gary Payton II,2022-23,22,30.0
Gary Trent Jr.,2022-23,66,24.0
George Hill,2022-23,46,37.0
Georges Niang,2022-23,78,30.0
Giannis Antetokounmpo,2022-23,63,28.0
Goga Bitadze,2022-23,38,23.0
Goran Dragic,2022-23,58,37.0
Gordon Hayward,2022-23,50,33.0
Gorgui Dieng,2022-23,31,33.0
Grant Williams,2022-23,79,24.0
Grayson Allen,2022-23,72,27.0
Greg Brown III,2022-23,16,21.0
Hamidou Diallo,2022-23,56,24.0
Harrison Barnes,2022-23,82,31.0
Haywood Highsmith,2022-23,54,26.0
Herbert Jones,2022-23,66,24.0
Immanuel Quickley,2022-23,81,24.0
Isaac Okoro,2022-23,76,22.0
Isaiah Hartenstein,2022-23,82,25.0
Isaiah Jackson,2022-23,63,21.0
Isaiah Joe,2022-23,73,23.0
Isaiah Livers,2022-23,52,24.0
Isaiah Mobley,2022-23,12,23.0
Isaiah Roby,2022-23,42,25.0
Isaiah Stewart,2022-23,50,22.0
Isaiah Todd,2022-23,6,21.0
Ish Smith,2022-23,43,34.0
Ish Wainright,2022-23,60,28.0
Ivica Zubac,2022-23,76,26.0
JD Davison,2022-23,12,20.0
JT Thor,2022-23,69,20.0
Ja Morant,2022-23,61,23.0
JaMychal Green,2022-23,57,33.0
JaVale McGee,2022-23,42,35.0
Jabari Smith Jr.,2022-23,79,20.0
Jabari Walker,2022-23,56,20.0
Jack White,2022-23,17,25.0
Jacob Gilyard,2022-23,1,24.0
Jaden Hardy,2022-23,48,20.0
Jaden Ivey,2022-23,74,21.0
Jaden McDaniels,2022-23,79,22.0
Jaden Springer,2022-23,16,20.0
Jae Crowder,2022-23,18,32.0
Jae'Sean Tate,2022-23,31,27.0
Jake LaRavia,2022-23,35,21.0
Jakob Poeltl,2022-23,72,27.0
Jalen Brunson,2022-23,68,26.0
Jalen Duren,2022-23,67,19.0
Jalen Green,2022-23,76,21.0
Jalen Johnson,2022-23,70,21.0
Jalen McDaniels,2022-23,80,25.0
Jalen Smith,2022-23,68,23.0
Jalen Suggs,2022-23,53,22.0
Jalen Williams,2022-23,75,22.0
Jamal Cain,2022-23,18,24.0
Jamal Murray,2022-23,65,26.0
Jamaree Bouyea,2022-23,5,24.0
James Bouknight,2022-23,34,22.0
James Harden,2022-23,58,33.0
James Johnson,2022-23,18,36.0
James Wiseman,2022-23,45,22.0
Jared Butler,2022-23,6,22.0
Jared Rhoden,2022-23,14,23.0
Jaren Jackson Jr.,2022-23,63,23.0
Jarred Vanderbilt,2022-23,78,24.0
Jarrell Brantley,2022-23,4,27.0
Jarrett Allen,2022-23,68,25.0
Jarrett Culver,2022-23,10,24.0
Jason Preston,2022-23,14,23.0
Javonte Green,2022-23,32,29.0
Jaxson Hayes,2022-23,47,23.0
Jay Huff,2022-23,7,25.0
Jay Scrubb,2022-23,2,22.0
Jaylen Brown,2022-23,67,26.0
Jaylen Nowell,2022-23,65,23.0
Jaylin Williams,2022-23,49,21.0
Jayson Tatum,2022-23,74,25.0
Jeff Dowtin Jr.,2022-23,25,26.0
Jeff Green,2022-23,56,36.0
Jerami Grant,2022-23,63,29.0
Jeremiah Robinson-Earl,2022-23,43,22.0
Jeremy Sochan,2022-23,56,20.0
Jericho Sims,2022-23,52,24.0
Jevon Carter,2022-23,81,27.0
Jimmy Butler III,2022-23,64,33.0
Jock Landale,2022-23,69,27.0
Joe Harris,2022-23,74,31.0
Joe Ingles,2022-23,46,35.0
Joe Wieskamp,2022-23,9,23.0
Joel Embiid,2022-23,66,29.0
John Butler Jr.,2022-23,19,20.0
John Collins,2022-23,71,25.0
John Konchar,2022-23,72,27.0
John Wall,2022-23,34,32.0
Johnny Davis,2022-23,28,21.0
Johnny Juzang,2022-23,18,22.0
Jonas Valanciunas,2022-23,79,31.0
Jonathan Isaac,2022-23,11,25.0
Jonathan Kuminga,2022-23,67,20.0
Jordan Clarkson,2022-23,61,31.0
Jordan Goodwin,2022-23,62,24.0
Jordan Hall,2022-23,9,21.0
Jordan McLaughlin,2022-23,43,27.0
Jordan Nwora,2022-23,62,24.0
Jordan Poole,2022-23,82,24.0
Jordan Schakel,2022-23,2,25.0
Jose Alvarado,2022-23,61,25.0
Josh Christopher,2022-23,64,21.0
Josh Giddey,2022-23,76,20.0
Josh Green,2022-23,60,22.0
Josh Hart,2022-23,76,28.0
Josh Minott,2022-23,15,20.0
Josh Okogie,2022-23,72,24.0
Josh Richardson,2022-23,65,29.0
Joshua Primo,2022-23,4,20.0
Jrue Holiday,2022-23,67,33.0
Juan Toscano-Anderson,2022-23,52,30.0
Juancho Hernangomez,2022-23,42,27.0
Julian Champagnie,2022-23,17,22.0
Julius Randle,2022-23,77,28.0
Justin Champagnie,2022-23,5,22.0
Justin Holiday,2022-23,46,34.0
Justin Jackson,2022-23,23,28.0
Justin Minaya,2022-23,4,24.0
Justise Winslow,2022-23,29,27.0
Jusuf Nurkić,2022-23,52,28.0
KJ Martin,2022-23,82,22.0
KZ Okpala,2022-23,35,24.0
Kai Jones,2022-23,46,22.0
Karl-Anthony Towns,2022-23,29,27.0
Kawhi Leonard,2022-23,52,32.0
Keegan Murray,2022-23,80,22.0
Keita Bates-Diop,2022-23,67,27.0
Keldon Johnson,2022-23,63,23.0
Kelly Olynyk,2022-23,68,32.0
Kelly Oubre Jr.,2022-23,48,27.0
Kemba Walker,2022-23,9,33.0
Kendall Brown,2022-23,6,20.0
Kendrick Nunn,2022-23,70,27.0
Kennedy Chandler,2022-23,36,20.0
Kenneth Lofton Jr.,2022-23,24,20.0
Kenrich Williams,2022-23,53,28.0
Kentavious Caldwell-Pope,2022-23,76,30.0
Keon Ellis,2022-23,16,23.0
Keon Johnson,2022-23,40,21.0
Kessler Edwards,2022-23,36,22.0
Kevin Durant,2022-23,47,34.0
Kevin Huerter,2022-23,75,24.0
Kevin Knox II,2022-23,63,23.0
Kevin Love,2022-23,62,34.0
Kevin Porter Jr.,2022-23,59,23.0
Kevon Harris,2022-23,34,26.0
Kevon Looney,2022-23,82,27.0
Khem Birch,2022-23,20,30.0
Khris Middleton,2022-23,33,31.0
Killian Hayes,2022-23,76,21.0
Kira Lewis Jr.,2022-23,25,22.0
Klay Thompson,2022-23,69,33.0
Kobi Simmons,2022-23,5,25.0
Kris Dunn,2022-23,22,29.0
Kristaps Porziņģis,2022-23,65,27.0
Kyle Anderson,2022-23,69,29.0
Kyle Kuzma,2022-23,64,27.0
Kyle Lowry,2022-23,55,37.0
Kyrie Irving,2022-23,60,31.0
LaMelo Ball,2022-23,36,21.0
Lamar Stevens,2022-23,62,25.0
Landry Shamet,2022-23,40,26.0
Larry Nance Jr.,2022-23,65,30.0
Lauri Markkanen,2022-23,66,26.0
LeBron James,2022-23,55,38.0
Leandro Bolmaro,2022-23,14,22.0
Lester Quiñones,2022-23,4,22.0
Lindell Wigginton,2022-23,7,25.0
Lindy Waters III,2022-23,41,25.0
Lonnie Walker IV,2022-23,56,24.0
Louis King,2022-23,1,24.0
Luguentz Dort,2022-23,74,24.0
Luka Dončić,2022-23,66,24.0
Luka Garza,2022-23,28,24.0
Luka Samanic,2022-23,7,23.0
Luke Kennard,2022-23,59,27.0
Luke Kornet,2022-23,69,27.0
Mac McClung,2022-23,2,24.0
Malachi Flynn,2022-23,53,25.0
Malaki Branham,2022-23,66,20.0
Malcolm Brogdon,2022-23,67,30.0
Malcolm Hill,2022-23,5,27.0
Malik Beasley,2022-23,81,26.0
Malik Monk,2022-23,77,25.0
Mamadi Diakite,2022-23,22,26.0
MarJon Beauchamp,2022-23,52,22.0
Marcus Morris Sr.,2022-23,65,33.0
Marcus Smart,2022-23,61,29.0
Mark Williams,2022-23,43,21.0
Markelle Fultz,2022-23,60,25.0
Markieff Morris,2022-23,35,33.0
Marko Simonovic,2022-23,7,23.0
Marvin Bagley III,2022-23,42,24.0
Mason Plumlee,2022-23,79,33.0
Matisse Thybulle,2022-23,71,26.0
Matt Ryan,2022-23,34,26.0
Matthew Dellavedova,2022-23,32,32.0
Max Christie,2022-23,41,20.0
Max Strus,2022-23,80,27.0
Maxi Kleber,2022-23,37,31.0
McKinley Wright IV,2022-23,27,24.0
Meyers Leonard,2022-23,9,31.0
Mfiondu Kabengele,2022-23,4,25.0
Micah Potter,2022-23,7,25.0
Michael Carter-Williams,2022-23,4,31.0
Michael Foster Jr.,2022-23,1,20.0
Michael Porter Jr.,2022-23,62,25.0
Mikal Bridges,2022-23,83,26.0
Mike Conley,2022-23,67,35.0
Mike Muscala,2022-23,63,31.0
Miles McBride,2022-23,64,22.0
Mitchell Robinson,2022-23,59,25.0
Mo Bamba,2022-23,49,25.0
Monte Morris,2022-23,62,28.0
Montrezl Harrell,2022-23,57,29.0
Moritz Wagner,2022-23,57,26.0
Moses Brown,2022-23,36,23.0
Moses Moody,2022-23,63,21.0
Moussa Diabaté,2022-23,22,21.0
Myles Turner,2022-23,62,27.0
Naji Marshall,2022-23,77,25.0
Nassir Little,2022-23,54,23.0
Nate Williams,2022-23,5,24.0
Nathan Knight,2022-23,38,25.0
Naz Reid,2022-23,68,23.0
Neemias Queta,2022-23,5,23.0
Nerlens Noel,2022-23,17,29.0
Nic Claxton,2022-23,76,24.0
Nick Richards,2022-23,65,25.0
Nickeil Alexander-Walker,2022-23,59,24.0
Nicolas Batum,2022-23,78,34.0
Nikola Jokić,2022-23,69,28.0
Nikola Jović,2022-23,15,20.0
Nikola Vučević,2022-23,82,32.0
Noah Vonleh,2022-23,23,27.0
Norman Powell,2022-23,60,30.0
OG Anunoby,2022-23,67,25.0
Obi Toppin,2022-23,67,25.0
Ochai Agbaji,2022-23,59,23.0
Olivier Sarr,2022-23,9,24.0
Omer Yurtseven,2022-23,9,25.0
Onyeka Okongwu,2022-23,80,22.0
Orlando Robinson,2022-23,31,22.0
Oshae Brissett,2022-23,65,25.0
Otto Porter Jr.,2022-23,8,30.0
Ousmane Dieng,2022-23,39,20.0
P.J. Tucker,2022-23,75,38.0
P.J. Washington,2022-23,73,24.0
PJ Dozier,2022-23,16,26.0
Paolo Banchero,2022-23,72,20.0
Pascal Siakam,2022-23,71,29.0
Pat Connaughton,2022-23,61,30.0
Patrick Baldwin Jr.,2022-23,31,20.0
Patrick Beverley,2022-23,67,34.0
Patrick Williams,2022-23,82,21.0
Patty Mills,2022-23,40,34.0
Paul George,2022-23,56,33.0
Paul Reed,2022-23,69,24.0
Payton Pritchard,2022-23,48,25.0
Peyton Watson,2022-23,23,20.0
Precious Achiuwa,2022-23,55,23.0
Quentin Grimes,2022-23,71,23.0
Quenton Jackson,2022-23,9,24.0
R.J. Hampton,2022-23,47,22.0
RJ Barrett,2022-23,73,23.0
RaiQuan Gray,2022-23,1,23.0
Raul Neto,2022-23,48,31.0
Reggie Bullock Jr.,2022-23,78,32.0
Reggie Jackson,2022-23,68,33.0
Richaun Holmes,2022-23,42,29.0
Ricky Rubio,2022-23,33,32.0
Robert Covington,2022-23,48,32.0
Robert Williams III,2022-23,35,25.0
Robin Lopez,2022-23,37,35.0
Rodney McGruder,2022-23,32,31.0
Romeo Langford,2022-23,43,23.0
Ron Harper Jr.,2022-23,9,23.0
Royce O'Neale,2022-23,76,30.0
Rudy Gay,2022-23,56,36.0
Rudy Gobert,2022-23,70,31.0
Rui Hachimura,2022-23,63,25.0
Russell Westbrook,2022-23,73,34.0
Ryan Arcidiacono,2022-23,20,29.0
Ryan Rollins,2022-23,12,20.0
Saben Lee,2022-23,25,24.0
Saddiq Bey,2022-23,77,24.0
Sam Hauser,2022-23,80,25.0
Sam Merrill,2022-23,5,27.0
Sandro Mamukelashvili,2022-23,43,24.0
Santi Aldama,2022-23,77,22.0
Scottie Barnes,2022-23,77,21.0
Scotty Pippen Jr.,2022-23,6,22.0
Serge Ibaka,2022-23,16,33.0
Seth Curry,2022-23,61,32.0
Shaedon Sharpe,2022-23,80,20.0
Shai Gilgeous-Alexander,2022-23,68,24.0
Shake Milton,2022-23,76,26.0
Shaquille Harrison,2022-23,5,29.0
Simone Fontecchio,2022-23,52,27.0
Skylar Mays,2022-23,6,25.0
Spencer Dinwiddie,2022-23,79,30.0
Stanley Johnson,2022-23,30,27.0
Stanley Umude,2022-23,1,24.0
Stephen Curry,2022-23,56,35.0
Sterling Brown,2022-23,4,28.0
Steven Adams,2022-23,42,29.0
Svi Mykhailiuk,2022-23,32,26.0
T.J. McConnell,2022-23,75,31.0
T.J. Warren,2022-23,42,29.0
Taj Gibson,2022-23,49,38.0
Talen Horton-Tucker,2022-23,65,22.0
Tari Eason,2022-23,82,22.0
Taurean Prince,2022-23,54,29.0
Terance Mann,2022-23,81,26.0
Terence Davis,2022-23,64,26.0
Terrence Ross,2022-23,63,32.0
Terry Rozier,2022-23,63,29.0
Terry Taylor,2022-23,31,23.0
Thaddeus Young,2022-23,54,35.0
Thanasis Antetokounmpo,2022-23,37,30.0
Theo Maledon,2022-23,44,22.0
Theo Pinson,2022-23,40,27.0
Thomas Bryant,2022-23,59,25.0
Tim Hardaway Jr.,2022-23,71,31.0
Tobias Harris,2022-23,74,30.0
Tony Bradley,2022-23,12,25.0
Torrey Craig,2022-23,79,32.0
Trae Young,2022-23,73,24.0
Tre Jones,2022-23,68,23.0
Tre Mann,2022-23,67,22.0
Trendon Watford,2022-23,62,22.0
Trent Forrest,2022-23,23,25.0
Trevelin Queen,2022-23,7,26.0
Trevor Hudgins,2022-23,5,24.0
Trevor Keels,2022-23,3,19.0
Trey Lyles,2022-23,74,27.0
Trey Murphy III,2022-23,79,23.0
Troy Brown Jr.,2022-23,76,23.0
Ty Jerome,2022-23,45,25.0
TyTy Washington Jr.,2022-23,31,21.0
Tyler Dorsey,2022-23,3,27.0
Tyler Herro,2022-23,67,23.0
Tyrese Haliburton,2022-23,56,23.0
Tyrese Martin,2022-23,16,24.0
Tyrese Maxey,2022-23,60,22.0
Tyus Jones,2022-23,80,27.0
Udoka Azubuike,2022-23,36,23.0
Udonis Haslem,2022-23,7,43.0
Usman Garuba,2022-23,75,21.0
Vernon Carey Jr.,2022-23,11,22.0
Victor Oladipo,2022-23,42,31.0
Vince Williams Jr.,2022-23,15,22.0
Vlatko Cancar,2022-23,60,26.0
Vít Krejčí,2022-23,29,23.0
Walker Kessler,2022-23,74,21.0
Wendell Carter Jr.,2022-23,57,24.0
Wendell Moore Jr.,2022-23,29,21.0
Wenyen Gabriel,2022-23,68,26.0
Wesley Matthews,2022-23,52,36.0
Will Barton,2022-23,56,32.0
Willy Hernangomez,2022-23,38,29.0
Xavier Cooks,2022-23,10,27.0
Xavier Moon,2022-23,4,28.0
Xavier Sneed,2022-23,4,25.0
Xavier Tillman,2022-23,61,24.0
Yuta Watanabe,2022-23,58,28.0
Zach Collins,2022-23,63,25.0
Zach LaVine,2022-23,77,28.0
Zeke Nnaji,2022-23,53,22.0
Ziaire Williams,2022-23,37,21.0
Zion Williamson,2022-23,29,22.0
A.J. Lawson,2023-24,42,23.0
AJ Green,2023-24,56,24.0
AJ Griffin,2023-24,20,20.0
Aaron Gordon,2023-24,73,28.0
Aaron Holiday,2023-24,78,27.0
Aaron Nesmith,2023-24,72,24.0
Aaron Wiggins,2023-24,78,25.0
Adam Flagler,2023-24,2,24.0
Adama Sanogo,2023-24,9,22.0
Admiral Schofield,2023-24,23,27.0
Al Horford,2023-24,65,38.0
Alec Burks,2023-24,66,32.0
Aleksej Pokusevski,2023-24,28,22.0
Alex Caruso,2023-24,71,30.0
Alex Fudge,2023-24,6,21.0
Alex Len,2023-24,48,31.0
Alondes Williams,2023-24,7,25.0
Alperen Sengun,2023-24,63,21.0
Amari Bailey,2023-24,10,20.0
Amen Thompson,2023-24,62,21.0
Amir Coffey,2023-24,70,27.0
Andre Drummond,2023-24,79,30.0
Andre Jackson Jr.,2023-24,57,22.0
Andrew Funk,2023-24,5,24.0
Andrew Nembhard,2023-24,68,24.0
Andrew Wiggins,2023-24,71,29.0
Anfernee Simons,2023-24,46,25.0
Anthony Black,2023-24,69,20.0
Anthony Davis,2023-24,76,31.0
Anthony Edwards,2023-24,79,22.0
Anthony Gill,2023-24,50,31.0
Armoni Brooks,2023-24,10,26.0
Ashton Hagans,2023-24,19,24.0
Ausar Thompson,2023-24,63,21.0
Austin Reaves,2023-24,82,26.0
Ayo Dosunmu,2023-24,76,24.0
Bam Adebayo,2023-24,71,26.0
Ben Sheppard,2023-24,57,22.0
Ben Simmons,2023-24,15,27.0
Bennedict Mathurin,2023-24,59,22.0
Bilal Coulibaly,2023-24,63,19.0
Bismack Biyombo,2023-24,40,31.0
Blake Wesley,2023-24,61,21.0
Boban Marjanovic,2023-24,14,35.0
Bobby Portis Jr.,2023-24,82,29.0
Bogdan Bogdanović,2023-24,79,31.0
Bojan Bogdanovic,2023-24,57,35.0
Bol Bol,2023-24,43,24.0
Bones Hyland,2023-24,37,23.0
Bradley Beal,2023-24,53,31.0
Brandin Podziemski,2023-24,74,21.0
Brandon Boston Jr.,2023-24,32,22.0
Brandon Clarke,2023-24,6,27.0
Brandon Ingram,2023-24,64,26.0
Brandon Miller,2023-24,74,21.0
Brandon Williams,2023-24,17,24.0
Braxton Key,2023-24,20,27.0
Brice Sensabaugh,2023-24,32,20.0
Brook Lopez,2023-24,79,36.0
Bruce Brown,2023-24,67,27.0
Bruno Fernando,2023-24,45,25.0
Bryce McGowens,2023-24,59,21.0
Buddy Boeheim,2023-24,10,24.0
Buddy Hield,2023-24,84,31.0
CJ McCollum,2023-24,66,32.0
Cade Cunningham,2023-24,62,22.0
Caleb Houstan,2023-24,59,21.0
Caleb Martin,2023-24,64,28.0
Cam Reddish,2023-24,48,24.0
Cam Thomas,2023-24,66,22.0
Cam Whitmore,2023-24,47,19.0
Cameron Johnson,2023-24,58,28.0
Cameron Payne,2023-24,78,29.0
Caris LeVert,2023-24,68,29.0
Cason Wallace,2023-24,82,20.0
Cedi Osman,2023-24,72,29.0
Charles Bassey,2023-24,19,23.0
Charlie Brown Jr.,2023-24,8,27.0
Chet Holmgren,2023-24,82,22.0
Chimezie Metu,2023-24,51,27.0
Chris Boucher,2023-24,50,31.0
Chris Duarte,2023-24,59,27.0
Chris Livingston,2023-24,21,20.0
Chris Paul,2023-24,58,39.0
Christian Braun,2023-24,82,23.0
Christian Wood,2023-24,50,28.0
Chuma Okeke,2023-24,47,25.0
Clint Capela,2023-24,73,30.0
Coby White,2023-24,79,24.0
Cody Martin,2023-24,28,28.0
Cody Zeller,2023-24,43,31.0
Colby Jones,2023-24,30,22.0
Cole Anthony,2023-24,81,24.0
Cole Swider,2023-24,18,25.0
Colin Castleton,2023-24,16,24.0
Collin Gillespie,2023-24,24,25.0
Collin Sexton,2023-24,78,25.0
Corey Kispert,2023-24,80,25.0
Cory Joseph,2023-24,26,32.0
Craig Porter Jr.,2023-24,51,24.0
D'Angelo Russell,2023-24,76,28.0
D'Moi Hodge,2023-24,7,25.0
D.J. Carton,2023-24,4,23.0
D.J. Wilson,2023-24,2,28.0
DaQuan Jeffries,2023-24,17,26.0
Daishen Nix,2023-24,15,22.0
Dalano Banton,2023-24,54,24.0
Dalen Terry,2023-24,59,21.0
Damian Jones,2023-24,39,29.0
Damian Lillard,2023-24,73,33.0
Daniel Gafford,2023-24,74,25.0
Daniel Theis,2023-24,60,32.0
Danilo Gallinari,2023-24,49,35.0
Danny Green,2023-24,2,37.0
Dante Exum,2023-24,55,28.0
Danuel House Jr.,2023-24,34,31.0
Dario Saric,2023-24,64,30.0
Dariq Whitehead,2023-24,2,19.0
Darius Bazley,2023-24,9,24.0
Darius Garland,2023-24,57,24.0
David Duke Jr.,2023-24,4,24.0
David Roddy,2023-24,65,23.0
Davion Mitchell,2023-24,72,25.0
Davis Bertans,2023-24,43,31.0
Day'Ron Sharpe,2023-24,61,22.0
De'Aaron Fox,2023-24,74,26.0
De'Andre Hunter,2023-24,57,26.0
De'Anthony Melton,2023-24,38,26.0
DeAndre Jordan,2023-24,36,35.0
DeJon Jarreau,2023-24,9,26.0
DeMar DeRozan,2023-24,79,34.0
Dean Wade,2023-24,54,27.0
Deandre Ayton,2023-24,55,25.0
Dejounte Murray,2023-24,78,27.0
Delon Wright,2023-24,47,32.0
Deni Avdija,2023-24,75,23.0
Dennis Schröder,2023-24,80,30.0
Dennis Smith Jr.,2023-24,56,26.0
Dereck Lively II,2023-24,55,20.0
Dereon Seabron,2023-24,6,24.0
Derrick Jones Jr.,2023-24,76,27.0
Derrick Rose,2023-24,24,35.0
Derrick White,2023-24,73,29.0
Desmond Bane,2023-24,42,26.0
Devin Booker,2023-24,68,27.0
Devin Vassell,2023-24,68,23.0
Devonte' Graham,2023-24,23,29.0
Dexter Dennis,2023-24,4,25.0
Dillon Brooks,2023-24,72,28.0
Dmytro Skapintsev,2023-24,2,26.0
Domantas Sabonis,2023-24,82,28.0
Dominick Barlow,2023-24,33,21.0
Donovan Mitchell,2023-24,55,27.0
Donte DiVincenzo,2023-24,81,27.0
Dorian Finney-Smith,2023-24,68,31.0
Doug McDermott,2023-24,64,32.0
Draymond Green,2023-24,55,34.0
Drew Eubanks,2023-24,75,27.0
Drew Peterson,2023-24,3,24.0
Dru Smith,2023-24,9,26.0
Duncan Robinson,2023-24,68,30.0
Duop Reath,2023-24,68,28.0
Dwight Powell,2023-24,63,32.0
Dylan Windler,2023-24,17,27.0
Dyson Daniels,2023-24,61,21.0
E.J. Liddell,2023-24,8,23.0
Emoni Bates,2023-24,15,20.0
Eric Gordon,2023-24,68,35.0
Eugene Omoruyi,2023-24,43,27.0
Evan Fournier,2023-24,32,31.0
Evan Mobley,2023-24,50,23.0
Filip Petrusev,2023-24,3,24.0
Frank Ntilikina,2023-24,5,25.0
Franz Wagner,2023-24,72,22.0
Fred VanVleet,2023-24,73,30.0
Furkan Korkmaz,2023-24,35,26.0
GG Jackson,2023-24,48,19.0
Gabe Vincent,2023-24,11,28.0
Garrett Temple,2023-24,27,38.0
Garrison Mathews,2023-24,66,27.0
Gary Harris,2023-24,54,29.0
Gary Payton II,2023-24,44,31.0
Gary Trent Jr.,2023-24,71,25.0
Georges Niang,2023-24,82,31.0
Giannis Antetokounmpo,2023-24,73,29.0
Goga Bitadze,2023-24,62,24.0
Gordon Hayward,2023-24,51,34.0
Gradey Dick,2023-24,60,20.0
Grant Williams,2023-24,76,25.0
Grayson Allen,2023-24,75,28.0
Greg Brown III,2023-24,6,22.0
Gui Santos,2023-24,23,22.0
Hamidou Diallo,2023-24,2,25.0
Harrison Barnes,2023-24,82,32.0
Harry Giles III,2023-24,23,26.0
Haywood Highsmith,2023-24,66,27.0
Henri Drell,2023-24,4,24.0
Herbert Jones,2023-24,76,25.0
Hunter Tyson,2023-24,18,24.0
Ibou Badji,2023-24,22,21.0
Immanuel Quickley,2023-24,68,25.0
Isaac Okoro,2023-24,69,23.0
Isaiah Hartenstein,2023-24,75,26.0
Isaiah Jackson,2023-24,60,22.0
Isaiah Joe,2023-24,78,24.0
Isaiah Livers,2023-24,23,25.0
Isaiah Mobley,2023-24,10,24.0
Isaiah Stewart,2023-24,46,23.0
Isaiah Thomas,2023-24,6,35.0
Isaiah Wong,2023-24,1,23.0
Ish Smith,2023-24,43,35.0
Ish Wainright,2023-24,11,29.0
Ivica Zubac,2023-24,68,27.0
Izaiah Brockington,2023-24,1,24.0
JD Davison,2023-24,8,21.0
JT Thor,2023-24,63,21.0
Ja Morant,2023-24,9,24.0
JaVale McGee,2023-24,46,36.0
Jabari Smith Jr.,2023-24,76,21.0
Jabari Walker,2023-24,72,21.0
Jack White,2023-24,4,26.0
Jacob Gilyard,2023-24,41,25.0
Jacob Toppin,2023-24,9,24.0
Jaden Hardy,2023-24,73,21.0
Jaden Ivey,2023-24,77,22.0
Jaden McDaniels,2023-24,72,23.0
Jaden Springer,2023-24,49,21.0
Jae Crowder,2023-24,50,33.0
Jae'Sean Tate,2023-24,65,28.0
Jahmi'us Ramsey,2023-24,7,23.0
Jaime Jaquez Jr.,2023-24,75,23.0
Jake LaRavia,2023-24,35,22.0
Jakob Poeltl,2023-24,50,28.0
Jalen Brunson,2023-24,77,27.0
Jalen Crutcher,2023-24,1,24.0
Jalen Duren,2023-24,61,20.0
Jalen Green,2023-24,82,22.0
Jalen Hood-Schifino,2023-24,21,21.0
Jalen Johnson,2023-24,56,22.0
Jalen McDaniels,2023-24,50,26.0
Jalen Pickett,2023-24,27,24.0
Jalen Slawson,2023-24,12,24.0
Jalen Smith,2023-24,61,24.0
Jalen Suggs,2023-24,75,23.0
Jalen Williams,2023-24,71,23.0
Jalen Wilson,2023-24,43,23.0
Jamal Cain,2023-24,26,25.0
Jamal Murray,2023-24,59,27.0
Jamaree Bouyea,2023-24,9,25.0
James Bouknight,2023-24,14,23.0
James Harden,2023-24,72,34.0
James Johnson,2023-24,9,37.0
James Wiseman,2023-24,63,23.0
Jarace Walker,2023-24,33,20.0
Jared Butler,2023-24,40,23.0
Jared Rhoden,2023-24,17,24.0
Jaren Jackson Jr.,2023-24,66,24.0
Jarred Vanderbilt,2023-24,29,25.0
Jarrett Allen,2023-24,77,26.0
Jason Preston,2023-24,7,24.0
Javon Freeman-Liberty,2023-24,22,24.0
Javonte Green,2023-24,9,30.0
Javonte Smart,2023-24,1,25.0
Jaxson Hayes,2023-24,70,24.0
Jay Huff,2023-24,20,26.0
Jaylen Brown,2023-24,70,27.0
Jaylen Nowell,2023-24,13,24.0
Jaylin Williams,2023-24,69,22.0
Jayson Tatum,2023-24,74,26.0
Jeff Dowtin Jr.,2023-24,12,27.0
Jeff Green,2023-24,78,37.0
Jerami Grant,2023-24,54,30.0
Jeremiah Robinson-Earl,2023-24,39,23.0
Jeremy Sochan,2023-24,74,21.0
Jericho Sims,2023-24,45,25.0
Jermaine Samuels Jr.,2023-24,14,25.0
Jerome Robinson,2023-24,22,27.0
Jett Howard,2023-24,18,20.0
Jevon Carter,2023-24,72,28.0
Jimmy Butler III,2023-24,60,34.0
Jock Landale,2023-24,56,28.0
Joe Harris,2023-24,16,32.0
Joe Ingles,2023-24,68,36.0
Joel Embiid,2023-24,39,30.0
John Collins,2023-24,68,26.0
John Konchar,2023-24,55,28.0
Johnny Davis,2023-24,50,22.0
Johnny Juzang,2023-24,20,23.0
Jonas Valanciunas,2023-24,82,32.0
Jonathan Isaac,2023-24,58,26.0
Jonathan Kuminga,2023-24,74,21.0
Jontay Porter,2023-24,26,24.0
Jordan Clarkson,2023-24,55,32.0
Jordan Ford,2023-24,6,26.0
Jordan Goodwin,2023-24,57,25.0
Jordan Hawkins,2023-24,67,22.0
Jordan McLaughlin,2023-24,56,28.0
Jordan Miller,2023-24,8,24.0
Jordan Nwora,2023-24,52,25.0
Jordan Poole,2023-24,78,25.0
Jordan Walsh,2023-24,9,20.0
Jose Alvarado,2023-24,56,26.0
Josh Giddey,2023-24,80,21.0
Josh Green,2023-24,57,23.0
Josh Hart,2023-24,81,29.0
Josh Minott,2023-24,32,21.0
Josh Okogie,2023-24,60,25.0
Josh Richardson,2023-24,43,30.0
Joshua Primo,2023-24,2,21.0
Jrue Holiday,2023-24,69,34.0
Juan Toscano-Anderson,2023-24,11,31.0
Jules Bernard,2023-24,19,24.0
Julian Champagnie,2023-24,74,23.0
Julian Phillips,2023-24,40,20.0
Julian Strawther,2023-24,50,22.0
Julius Randle,2023-24,46,29.0
Justin Champagnie,2023-24,15,23.0
Justin Holiday,2023-24,58,35.0
Justin Jackson,2023-24,2,29.0
Justin Minaya,2023-24,34,25.0
Jusuf Nurkić,2023-24,76,29.0
KJ Martin,2023-24,60,23.0
Kaiser Gates,2023-24,1,27.0
Karl-Anthony Towns,2023-24,62,28.0
Kawhi Leonard,2023-24,68,33.0
Keegan Murray,2023-24,77,23.0
Keita Bates-Diop,2023-24,53,28.0
Keldon Johnson,2023-24,69,24.0
Kelly Olynyk,2023-24,78,33.0
Kelly Oubre Jr.,2023-24,68,28.0
Kendall Brown,2023-24,15,21.0
Kenneth Lofton Jr.,2023-24,21,21.0
Kenrich Williams,2023-24,69,29.0
Kentavious Caldwell-Pope,2023-24,76,31.0
Keon Ellis,2023-24,57,24.0
Keon Johnson,2023-24,5,22.0
Kessler Edwards,2023-24,54,23.0
Kevin Durant,2023-24,75,35.0
Kevin Huerter,2023-24,64,25.0
Kevin Knox II,2023-24,31,24.0
Kevin Love,2023-24,55,35.0
Kevon Harris,2023-24,2,27.0
Kevon Looney,2023-24,74,28.0
Keyontae Johnson,2023-24,9,24.0
Keyonte George,2023-24,75,20.0
Khris Middleton,2023-24,55,32.0
Killian Hayes,2023-24,42,22.0
Kira Lewis Jr.,2023-24,28,23.0
Klay Thompson,2023-24,77,34.0
Kobe Brown,2023-24,44,24.0
Kobe Bufkin,2023-24,17,20.0
Kobi Simmons,2023-24,4,26.0
Kris Dunn,2023-24,66,30.0
Kris Murray,2023-24,62,23.0
Kristaps Porziņģis,2023-24,57,28.0
Kyle Anderson,2023-24,79,30.0
Kyle Kuzma,2023-24,70,28.0
Kyle Lowry,2023-24,60,38.0
Kyrie Irving,2023-24,58,32.0
LaMelo Ball,2023-24,22,22.0
Lamar Stevens,2023-24,38,26.0
Landry Shamet,2023-24,46,27.0
Larry Nance Jr.,2023-24,61,31.0
Lauri Markkanen,2023-24,55,27.0
LeBron James,2023-24,71,39.0
Leaky Black,2023-24,26,25.0
Leonard Miller,2023-24,17,20.0
Lester Quiñones,2023-24,37,23.0
Lindell Wigginton,2023-24,3,26.0
Lindy Waters III,2023-24,38,26.0
Lonnie Walker IV,2023-24,58,25.0
Luguentz Dort,2023-24,79,25.0
Luka Dončić,2023-24,70,25.0
Luka Garza,2023-24,25,25.0
Luka Samanic,2023-24,43,24.0
Luke Kennard,2023-24,39,28.0
Luke Kornet,2023-24,63,28.0
Malachi Flynn,2023-24,69,26.0
Malaki Branham,2023-24,75,21.0
Malcolm Brogdon,2023-24,39,31.0
Malcolm Cazalon,2023-24,1,22.0
Malik Beasley,2023-24,79,27.0
Malik Monk,2023-24,72,26.0
Malik Williams,2023-24,7,25.0
Mamadi Diakite,2023-24,6,27.0
Maozinha Pereira,2023-24,7,23.0
MarJon Beauchamp,2023-24,48,23.0
Marcus Morris Sr.,2023-24,49,34.0
Marcus Sasser,2023-24,71,23.0
Marcus Smart,2023-24,20,30.0
Mark Williams,2023-24,19,22.0
Markelle Fultz,2023-24,43,26.0
Markieff Morris,2023-24,26,34.0
Markquis Nowell,2023-24,1,24.0
Marques Bolden,2023-24,11,26.0
Marvin Bagley III,2023-24,50,25.0
Mason Jones,2023-24,5,25.0
Mason Plumlee,2023-24,46,34.0
Matisse Thybulle,2023-24,65,27.0
Matt Hurt,2023-24,8,24.0
Matt Ryan,2023-24,28,27.0
Max Christie,2023-24,67,21.0
Max Strus,2023-24,70,28.0
Maxi Kleber,2023-24,43,32.0
Maxwell Lewis,2023-24,34,21.0
Micah Potter,2023-24,16,26.0
Michael Porter Jr.,2023-24,81,26.0
Mikal Bridges,2023-24,82,27.0
Mike Conley,2023-24,76,36.0
Mike Muscala,2023-24,53,33.0
Miles Bridges,2023-24,69,26.0
Miles McBride,2023-24,68,23.0
Mitchell Robinson,2023-24,31,26.0
Mo Bamba,2023-24,57,26.0
Monte Morris,2023-24,33,29.0
Moritz Wagner,2023-24,80,27.0
Moses Brown,2023-24,22,24.0
Moses Moody,2023-24,66,22.0
Mouhamadou Gueye,2023-24,11,25.0
Mouhamed Gueye,2023-24,6,21.0
Moussa Diabaté,2023-24,11,22.0
Myles Turner,2023-24,77,28.0
Naji Marshall,2023-24,66,26.0
Nassir Little,2023-24,45,24.0
Nate Hinton,2023-24,15,25.0
Nate Williams,2023-24,22,25.0
Nathan Mensah,2023-24,25,26.0
Naz Reid,2023-24,81,24.0
Neemias Queta,2023-24,28,24.0
Nic Claxton,2023-24,71,25.0
Nick Richards,2023-24,67,26.0
Nick Smith Jr.,2023-24,51,20.0
Nickeil Alexander-Walker,2023-24,82,25.0
Nicolas Batum,2023-24,60,35.0
Nikola Jokić,2023-24,79,29.0
Nikola Jović,2023-24,46,21.0
Nikola Vučević,2023-24,76,33.0
Noah Clowney,2023-24,23,19.0
Norman Powell,2023-24,76,31.0
OG Anunoby,2023-24,50,26.0
Obi Toppin,2023-24,82,26.0
Ochai Agbaji,2023-24,78,24.0
Olivier Sarr,2023-24,15,25.0
Olivier-Maxence Prosper,2023-24,40,21.0
Omer Yurtseven,2023-24,48,26.0
Onuralp Bitim,2023-24,23,25.0
Onyeka Okongwu,2023-24,55,23.0
Orlando Robinson,2023-24,36,23.0
Oscar Tshiebwe,2023-24,8,24.0
Oshae Brissett,2023-24,55,26.0
Otto Porter Jr.,2023-24,15,31.0
Ousmane Dieng,2023-24,33,21.0
P.J. Tucker,2023-24,31,39.0
P.J. Washington,2023-24,73,25.0
Paolo Banchero,2023-24,80,21.0
Pascal Siakam,2023-24,80,30.0
Pat Connaughton,2023-24,76,31.0
Pat Spencer,2023-24,6,27.0
Patrick Baldwin Jr.,2023-24,38,21.0
Patrick Beverley,2023-24,73,35.0
Patrick Williams,2023-24,43,22.0
Patty Mills,2023-24,32,35.0
Paul George,2023-24,74,34.0
Paul Reed,2023-24,82,25.0
Payton Pritchard,2023-24,82,26.0
Pete Nance,2023-24,8,24.0
Peyton Watson,2023-24,80,21.0
Precious Achiuwa,2023-24,74,24.0
Quentin Grimes,2023-24,51,24.0
Quenton Jackson,2023-24,3,25.0
R.J. Hampton,2023-24,8,23.0
RJ Barrett,2023-24,58,24.0
RaiQuan Gray,2023-24,3,24.0
Rayan Rupert,2023-24,39,20.0
Reggie Bullock Jr.,2023-24,44,33.0
Reggie Jackson,2023-24,82,34.0
Richaun Holmes,2023-24,40,30.0
Ricky Council IV,2023-24,32,22.0
Robert Covington,2023-24,29,33.0
Robert Williams III,2023-24,6,26.0
Robin Lopez,2023-24,16,36.0
Ron Harper Jr.,2023-24,1,24.0
Royce O'Neale,2023-24,79,31.0
Rudy Gobert,2023-24,76,32.0
Rui Hachimura,2023-24,68,26.0
Russell Westbrook,2023-24,68,35.0
Ryan Arcidiacono,2023-24,20,30.0
Ryan Rollins,2023-24,13,21.0
Saben Lee,2023-24,24,25.0
Saddiq Bey,2023-24,63,25.0
Sam Hauser,2023-24,79,26.0
Sam Merrill,2023-24,61,28.0
Sandro Mamukelashvili,2023-24,46,25.0
Santi Aldama,2023-24,61,23.0
Sasha Vezenkov,2023-24,42,28.0
Scoot Henderson,2023-24,62,20.0
Scottie Barnes,2023-24,60,22.0
Scotty Pippen Jr.,2023-24,21,23.0
Seth Curry,2023-24,44,33.0
Seth Lundy,2023-24,9,24.0
Shaedon Sharpe,2023-24,32,21.0
Shai Gilgeous-Alexander,2023-24,75,25.0
Shake Milton,2023-24,48,27.0
Shaquille Harrison,2023-24,3,30.0
Sidy Cissoko,2023-24,12,20.0
Simone Fontecchio,2023-24,66,28.0
Skylar Mays,2023-24,38,26.0
Spencer Dinwiddie,2023-24,76,31.0
Stanley Umude,2023-24,24,25.0
Stephen Curry,2023-24,74,36.0
Svi Mykhailiuk,2023-24,41,27.0
T.J. McConnell,2023-24,71,32.0
T.J. Warren,2023-24,11,30.0
Taj Gibson,2023-24,20,39.0
Talen Horton-Tucker,2023-24,51,23.0
Tari Eason,2023-24,22,23.0
Taurean Prince,2023-24,78,30.0
Taylor Hendricks,2023-24,40,20.0
Taze Moore,2023-24,4,26.0
Terance Mann,2023-24,75,27.0
Terquavion Smith,2023-24,16,21.0
Terry Rozier,2023-24,61,30.0
Terry Taylor,2023-24,31,24.0
Thaddeus Young,2023-24,33,36.0
Thanasis Antetokounmpo,2023-24,34,31.0
Theo Maledon,2023-24,17,23.0
Thomas Bryant,2023-24,38,26.0
Tim Hardaway Jr.,2023-24,79,32.0
Timmy Allen,2023-24,5,24.0
Tobias Harris,2023-24,70,31.0
Torrey Craig,2023-24,53,33.0
Tosan Evbuomwan,2023-24,17,23.0
Toumani Camara,2023-24,70,24.0
Trae Young,2023-24,54,25.0
Trayce Jackson-Davis,2023-24,68,24.0
Tre Jones,2023-24,77,24.0
Tre Mann,2023-24,41,23.0
Trendon Watford,2023-24,63,23.0
Trent Forrest,2023-24,38,26.0
Trevelin Queen,2023-24,14,27.0
Trey Jemison III,2023-24,25,24.0
Trey Lyles,2023-24,58,28.0
Trey Murphy III,2023-24,57,24.0
Tristan Thompson,2023-24,49,33.0
Tristan Vukcevic,2023-24,10,21.0
Troy Brown Jr.,2023-24,59,24.0
Ty Jerome,2023-24,2,26.0
TyTy Washington Jr.,2023-24,11,22.0
Tyler Herro,2023-24,42,24.0
Tyrese Haliburton,2023-24,69,24.0
Tyrese Maxey,2023-24,70,23.0
Tyus Jones,2023-24,66,28.0
Udoka Azubuike,2023-24,16,24.0
Usman Garuba,2023-24,6,22.0
Vasilije Micic,2023-24,60,30.0
Victor Wembanyama,2023-24,71,20.0
Vince Williams Jr.,2023-24,52,23.0
Vít Krejčí,2023-24,22,24.0
Walker Kessler,2023-24,64,22.0
Wendell Carter Jr.,2023-24,55,25.0
Wendell Moore Jr.,2023-24,25,22.0
Wenyen Gabriel,2023-24,5,27.0
Wesley Matthews,2023-24,36,37.0
Xavier Moon,2023-24,14,29.0
Xavier Tillman,2023-24,54,25.0
Yuta Watanabe,2023-24,34,29.0
Zach Collins,2023-24,69,26.0
Zach LaVine,2023-24,25,29.0
Zavier Simpson,2023-24,7,27.0
Zeke Nnaji,2023-24,58,23.0
Ziaire Williams,2023-24,51,22.0
Zion Williamson,2023-24,70,23.0
A.J. Lawson,2024-25,26,24.0
AJ Green,2024-25,73,25.0
AJ Johnson,2024-25,29,20.0
Aaron Gordon,2024-25,51,29.0
Aaron Holiday,2024-25,62,28.0
Aaron Nesmith,2024-25,45,25.0
Aaron Wiggins,2024-25,76,26.0
Adam Flagler,2024-25,37,25.0
Adama Sanogo,2024-25,4,23.0
Adem Bona,2024-25,58,22.0
Ajay Mitchell,2024-25,36,23.0
Al Horford,2024-25,60,39.0
Alec Burks,2024-25,49,33.0
Alex Caruso,2024-25,54,31.0
Alex Ducas,2024-25,21,24.0
Alex Len,2024-25,46,32.0
Alex Reese,2024-25,15,26.0
Alex Sarr,2024-25,67,20.0
Alondes Williams,2024-25,1,26.0
Alperen Sengun,2024-25,76,22.0
Amen Thompson,2024-25,69,22.0
Amir Coffey,2024-25,72,28.0
Andre Drummond,2024-25,40,31.0
Andre Jackson Jr.,2024-25,67,23.0
Andrew Nembhard,2024-25,65,25.0
Andrew Wiggins,2024-25,60,30.0
Anfernee Simons,2024-25,70,26.0
Anthony Black,2024-25,78,21.0
Anthony Davis,2024-25,51,32.0
Anthony Edwards,2024-25,79,23.0
Anthony Gill,2024-25,51,32.0
Anton Watson,2024-25,9,24.0
Antonio Reeves,2024-25,44,24.0
Ariel Hukporti,2024-25,25,23.0
Armel Traore,2024-25,9,22.0
Ausar Thompson,2024-25,59,22.0
Austin Reaves,2024-25,73,27.0
Ayo Dosunmu,2024-25,46,25.0
Bam Adebayo,2024-25,78,27.0
Baylor Scheierman,2024-25,31,24.0
Ben Sheppard,2024-25,63,23.0
Ben Simmons,2024-25,51,28.0
Bennedict Mathurin,2024-25,72,23.0
Bilal Coulibaly,2024-25,59,20.0
Bismack Biyombo,2024-25,28,32.0
Blake Wesley,2024-25,58,22.0
Bobby Portis Jr.,2024-25,49,30.0
Bobi Klintman,2024-25,8,22.0
Bogdan Bogdanović,2024-25,54,32.0
Bol Bol,2024-25,36,25.0
Bones Hyland,2024-25,24,24.0
Bradley Beal,2024-25,53,32.0
Branden Carlson,2024-25,32,26.0
Brandin Podziemski,2024-25,64,22.0
Brandon Boston Jr.,2024-25,42,23.0
Brandon Clarke,2024-25,64,28.0
Brandon Ingram,2024-25,18,27.0
Brandon Miller,2024-25,27,22.0
Brandon Williams,2024-25,33,25.0
Braxton Key,2024-25,3,28.0
Brice Sensabaugh,2024-25,71,21.0
Bronny James,2024-25,27,20.0
Brook Lopez,2024-25,80,37.0
Bruce Brown,2024-25,41,28.0
Bruno Fernando,2024-25,17,26.0
Bryce McGowens,2024-25,13,22.0
Bub Carrington,2024-25,82,19.0
Buddy Hield,2024-25,82,32.0
CJ McCollum,2024-25,56,33.0
Cade Cunningham,2024-25,70,23.0
Caleb Houstan,2024-25,58,22.0
Caleb Martin,2024-25,45,29.0
Cam Christie,2024-25,13,19.0
Cam Reddish,2024-25,33,25.0
Cam Spencer,2024-25,25,25.0
Cam Thomas,2024-25,25,23.0
Cam Whitmore,2024-25,51,20.0
Cameron Johnson,2024-25,57,29.0
Cameron Payne,2024-25,72,30.0
Caris LeVert,2024-25,64,30.0
Cason Wallace,2024-25,68,21.0
Charles Bassey,2024-25,36,24.0
Chet Holmgren,2024-25,32,23.0
Chris Boucher,2024-25,50,32.0
Chris Duarte,2024-25,17,28.0
Chris Livingston,2024-25,21,21.0
Chris Paul,2024-25,82,40.0
Christian Braun,2024-25,79,24.0
Christian Koloko,2024-25,37,25.0
Chuma Okeke,2024-25,9,26.0
Clint Capela,2024-25,55,31.0
Coby White,2024-25,74,25.0
Cody Martin,2024-25,53,29.0
Cody Williams,2024-25,50,20.0
Colby Jones,2024-25,39,23.0
Cole Anthony,2024-25,67,25.0
Cole Swider,2024-25,10,26.0
Colin Castleton,2024-25,26,25.0
Collin Gillespie,2024-25,33,26.0
Collin Sexton,2024-25,63,26.0
Corey Kispert,2024-25,61,26.0
Cory Joseph,2024-25,50,33.0
Craig Porter Jr.,2024-25,51,25.0
Cui Cui,2024-25,5,22.0
D'Angelo Russell,2024-25,58,29.0
D.J. Carton,2024-25,4,24.0
DaQuan Jeffries,2024-25,47,27.0
Daeqwon Plowden,2024-25,6,26.0
Daishen Nix,2024-25,3,23.0
Dalano Banton,2024-25,67,25.0
Dalen Terry,2024-25,73,22.0
Dalton Knecht,2024-25,78,24.0
Damian Lillard,2024-25,58,34.0
Damion Baugh,2024-25,15,24.0
Damion Lee,2024-25,25,32.0
Daniel Gafford,2024-25,57,26.0
Daniel Theis,2024-25,38,33.0
Daniss Jenkins,2024-25,7,23.0
Dante Exum,2024-25,20,29.0
Dario Saric,2024-25,16,31.0
Dariq Whitehead,2024-25,20,20.0
Darius Garland,2024-25,75,25.0
David Duke Jr.,2024-25,6,25.0
David Roddy,2024-25,33,24.0
Davion Mitchell,2024-25,74,26.0
Day'Ron Sharpe,2024-25,50,23.0
De'Aaron Fox,2024-25,62,27.0
De'Andre Hunter,2024-25,64,27.0
De'Anthony Melton,2024-25,6,27.0
DeAndre Jordan,2024-25,56,36.0
DeMar DeRozan,2024-25,77,35.0
Dean Wade,2024-25,59,28.0
Deandre Ayton,2024-25,40,26.0
Dejounte Murray,2024-25,31,28.0
Delon Wright,2024-25,40,33.0
Deni Avdija,2024-25,72,24.0
Dennis Schröder,2024-25,75,31.0
Dereck Lively II,2024-25,36,21.0
Derrick Jones Jr.,2024-25,77,28.0
Derrick White,2024-25,76,30.0
Desmond Bane,2024-25,69,27.0
Devin Booker,2024-25,75,28.0
Devin Carter,2024-25,36,23.0
Devin Vassell,2024-25,64,24.0
Dillon Brooks,2024-25,75,29.0
Dillon Jones,2024-25,54,23.0
Domantas Sabonis,2024-25,70,29.0
Dominick Barlow,2024-25,35,22.0
Donovan Clingan,2024-25,67,21.0
Donovan Mitchell,2024-25,71,28.0
Donte DiVincenzo,2024-25,62,28.0
Dorian Finney-Smith,2024-25,63,32.0
Doug McDermott,2024-25,42,33.0
Draymond Green,2024-25,68,35.0
Drew Eubanks,2024-25,61,28.0
Drew Peterson,2024-25,25,25.0
Drew Timme,2024-25,9,24.0
Dru Smith,2024-25,14,27.0
Duncan Robinson,2024-25,74,31.0
Duop Reath,2024-25,46,29.0
Dwight Powell,2024-25,55,33.0
Dyson Daniels,2024-25,76,22.0
E.J. Liddell,2024-25,12,24.0
Elfrid Payton,2024-25,24,31.0
Elijah Harkless,2024-25,10,25.0
Emanuel Miller,2024-25,6,25.0
Emoni Bates,2024-25,10,21.0
Enrique Freeman,2024-25,22,24.0
Eric Gordon,2024-25,39,36.0
Evan Mobley,2024-25,71,24.0
Franz Wagner,2024-25,60,23.0
Fred VanVleet,2024-25,60,31.0
GG Jackson,2024-25,29,20.0
Gabe Vincent,2024-25,72,29.0
Garrett Temple,2024-25,28,39.0
Garrison Mathews,2024-25,47,28.0
Gary Harris,2024-25,48,30.0
Gary Payton II,2024-25,62,32.0
Gary Trent Jr.,2024-25,74,26.0
Georges Niang,2024-25,79,32.0
Giannis Antetokounmpo,2024-25,67,30.0
Goga Bitadze,2024-25,70,25.0
Gradey Dick,2024-25,54,21.0
Grant Williams,2024-25,16,26.0
Grayson Allen,2024-25,64,29.0
Guerschon Yabusele,2024-25,70,29.0
Gui Santos,2024-25,56,23.0
Harrison Barnes,2024-25,82,33.0
Harrison Ingram,2024-25,5,22.0
Haywood Highsmith,2024-25,74,28.0
Herbert Jones,2024-25,20,26.0
Hunter Tyson,2024-25,51,25.0
Immanuel Quickley,2024-25,33,26.0
Isaac Jones,2024-25,40,24.0
Isaac Okoro,2024-25,55,24.0
Isaiah Collier,2024-25,71,20.0
Isaiah Crawford,2024-25,15,23.0
Isaiah Hartenstein,2024-25,57,27.0
Isaiah Jackson,2024-25,5,23.0
Isaiah Joe,2024-25,74,25.0
Isaiah Mobley,2024-25,1,25.0
Isaiah Stevens,2024-25,3,24.0
Isaiah Stewart,2024-25,72,24.0
Isaiah Wong,2024-25,20,24.0
Ivica Zubac,2024-25,80,28.0
JD Davison,2024-25,16,22.0
JT Thor,2024-25,20,22.0
Ja Morant,2024-25,50,25.0
Ja'Kobe Walter,2024-25,52,20.0
Jabari Smith Jr.,2024-25,57,22.0
Jabari Walker,2024-25,60,22.0
Jack McVeigh,2024-25,9,29.0
Jackson Rowe,2024-25,6,28.0
Jacob Toppin,2024-25,17,25.0
Jaden Hardy,2024-25,57,22.0
Jaden Ivey,2024-25,30,23.0
Jaden McDaniels,2024-25,82,24.0
Jaden Springer,2024-25,43,22.0
Jae Crowder,2024-25,9,34.0
Jae'Sean Tate,2024-25,52,29.0
Jahlil Okafor,2024-25,1,29.0
Jahmir Young,2024-25,6,24.0
Jaime Jaquez Jr.,2024-25,66,24.0
Jake LaRavia,2024-25,66,23.0
Jakob Poeltl,2024-25,57,29.0
Jalen Bridges,2024-25,8,24.0
Jalen Brunson,2024-25,65,28.0
Jalen Duren,2024-25,78,21.0
Jalen Green,2024-25,82,23.0
Jalen Hood-Schifino,2024-25,15,22.0
Jalen Johnson,2024-25,36,23.0
Jalen McDaniels,2024-25,4,27.0
Jalen Pickett,2024-25,49,25.0
Jalen Smith,2024-25,64,25.0
Jalen Suggs,2024-25,35,24.0
Jalen Williams,2024-25,69,24.0
Jalen Wilson,2024-25,79,24.0
Jamal Cain,2024-25,37,26.0
Jamal Murray,2024-25,67,28.0
Jamal Shead,2024-25,75,22.0
Jamaree Bouyea,2024-25,5,26.0
James Harden,2024-25,79,35.0
James Johnson,2024-25,12,38.0
James Wiseman,2024-25,1,24.0
Jamison Battle,2024-25,59,24.0
Jarace Walker,2024-25,75,21.0
Jared Butler,2024-25,60,24.0
Jared McCain,2024-25,23,21.0
Jared Rhoden,2024-25,14,25.0
Jaren Jackson Jr.,2024-25,74,25.0
Jarred Vanderbilt,2024-25,36,26.0
Jarrett Allen,2024-25,82,27.0
Javonte Green,2024-25,68,31.0
Jaxson Hayes,2024-25,56,25.0
Jay Huff,2024-25,64,27.0
Jaylen Brown,2024-25,63,28.0
Jaylen Clark,2024-25,40,23.0
Jaylen Martin,2024-25,16,21.0
Jaylen Nowell,2024-25,8,25.0
Jaylen Sims,2024-25,6,26.0
Jaylen Wells,2024-25,79,21.0
Jaylin Williams,2024-25,47,23.0
Jaylon Tyson,2024-25,47,22.0
Jayson Tatum,2024-25,72,27.0
Jazian Gortman,2024-25,16,22.0
Jeff Dowtin Jr.,2024-25,41,28.0
Jeff Green,2024-25,32,38.0
Jerami Grant,2024-25,47,31.0
Jeremiah Robinson-Earl,2024-25,66,24.0
Jeremy Sochan,2024-25,54,22.0
Jericho Sims,2024-25,53,26.0
Jesse Edwards,2024-25,2,25.0
Jett Howard,2024-25,60,21.0
Jevon Carter,2024-25,36,29.0
Jimmy Butler III,2024-25,55,35.0
Jock Landale,2024-25,42,29.0
Joe Ingles,2024-25,19,37.0
Joel Embiid,2024-25,19,31.0
John Collins,2024-25,40,27.0
John Konchar,2024-25,46,29.0
Johnny Davis,2024-25,34,23.0
Johnny Furphy,2024-25,50,20.0
Johnny Juzang,2024-25,64,24.0
Jonas Valanciunas,2024-25,81,33.0
Jonathan Isaac,2024-25,71,27.0
Jonathan Kuminga,2024-25,47,22.0
Jonathan Mogbo,2024-25,63,23.0
Jordan Clarkson,2024-25,37,33.0
Jordan Goodwin,2024-25,29,26.0
Jordan Hawkins,2024-25,56,23.0
Jordan McLaughlin,2024-25,46,29.0
Jordan Miller,2024-25,37,25.0
Jordan Poole,2024-25,68,26.0
Jordan Walsh,2024-25,52,21.0
Jose Alvarado,2024-25,56,27.0
Josh Christopher,2024-25,14,23.0
Josh Giddey,2024-25,70,22.0
Josh Green,2024-25,68,24.0
Josh Hart,2024-25,77,30.0
Josh Minott,2024-25,46,22.0
Josh Okogie,2024-25,40,26.0
Josh Richardson,2024-25,8,31.0
Jrue Holiday,2024-25,62,35.0
Julian Champagnie,2024-25,82,24.0
Julian Phillips,2024-25,79,21.0
Julian Strawther,2024-25,65,23.0
Julius Randle,2024-25,69,30.0
Justin Champagnie,2024-25,62,24.0
Justin Edwards,2024-25,44,21.0
Justin Minaya,2024-25,19,26.0
Jusuf Nurkić,2024-25,51,30.0
KJ Martin,2024-25,43,24.0
KJ Simpson,2024-25,36,22.0
Kai Jones,2024-25,40,24.0
Karl-Anthony Towns,2024-25,72,29.0
Karlo Matković,2024-25,42,24.0
Kawhi Leonard,2024-25,37,34.0
Keaton Wallace,2024-25,31,26.0
Keegan Murray,2024-25,76,24.0
Keion Brooks Jr.,2024-25,14,24.0
Kel'el Ware,2024-25,64,21.0
Keldon Johnson,2024-25,77,25.0
Kelly Olynyk,2024-25,44,34.0
Kelly Oubre Jr.,2024-25,60,29.0
Kenrich Williams,2024-25,69,30.0
Kentavious Caldwell-Pope,2024-25,77,32.0
Keon Ellis,2024-25,80,25.0
Keon Johnson,2024-25,79,23.0
Keshad Johnson,2024-25,16,24.0
Kessler Edwards,2024-25,40,24.0
Kevin Durant,2024-25,62,36.0
Kevin Huerter,2024-25,69,26.0
Kevin Knox II,2024-25,14,25.0
Kevin Love,2024-25,23,36.0
Kevin McCullar Jr.,2024-25,4,24.0
Kevin Porter Jr.,2024-25,75,25.0
Kevon Looney,2024-25,76,29.0
Keyonte George,2024-25,67,21.0
Khris Middleton,2024-25,37,33.0
Killian Hayes,2024-25,6,23.0
Klay Thompson,2024-25,72,35.0
Kobe Brown,2024-25,40,25.0
Kobe Bufkin,2024-25,10,21.0
Kris Dunn,2024-25,74,31.0
Kris Murray,2024-25,69,24.0
Kristaps Porziņģis,2024-25,42,29.0
Kyle Anderson,2024-25,61,31.0
Kyle Filipowski,2024-25,72,21.0
Kyle Kuzma,2024-25,65,29.0
Kyle Lowry,2024-25,35,39.0
Kylor Kelley,2024-25,11,27.0
Kyrie Irving,2024-25,50,33.0
Kyshawn George,2024-25,68,21.0
LaMelo Ball,2024-25,47,23.0
Lamar Stevens,2024-25,17,27.0
Landry Shamet,2024-25,50,28.0
Larry Nance Jr.,2024-25,24,32.0
Lauri Markkanen,2024-25,47,28.0
LeBron James,2024-25,70,40.0
Leonard Miller,2024-25,13,21.0
Lester Quiñones,2024-25,13,24.0
Liam Robbins,2024-25,13,25.0
Lindy Waters III,2024-25,52,27.0
Lonnie Walker IV,2024-25,20,26.0
Lonzo Ball,2024-25,35,27.0
Luguentz Dort,2024-25,71,26.0
Luka Dončić,2024-25,50,26.0
Luka Garza,2024-25,39,26.0
Luke Kennard,2024-25,65,29.0
Luke Kornet,2024-25,73,29.0
Luke Travers,2024-25,12,23.0
Mac McClung,2024-25,2,26.0
Malachi Flynn,2024-25,4,27.0
Malaki Branham,2024-25,47,22.0
Malcolm Brogdon,2024-25,24,32.0
Malevy Leons,2024-25,6,25.0
Malik Beasley,2024-25,82,28.0
Malik Monk,2024-25,65,27.0
MarJon Beauchamp,2024-25,35,24.0
Marcus Bagley,2024-25,10,23.0
Marcus Garrett,2024-25,4,26.0
Marcus Sasser,2024-25,57,24.0
Marcus Smart,2024-25,34,31.0
Mark Williams,2024-25,44,23.0
Markelle Fultz,2024-25,21,27.0
Markieff Morris,2024-25,15,35.0
Marvin Bagley III,2024-25,31,26.0
Mason Jones,2024-25,10,26.0
Mason Plumlee,2024-25,74,35.0
Matas Buzelis,2024-25,80,20.0
Matisse Thybulle,2024-25,15,28.0
Matt Ryan,2024-25,19,28.0
Max Christie,2024-25,78,22.0
Max Strus,2024-25,50,29.0
Maxi Kleber,2024-25,34,33.0
Maxwell Lewis,2024-25,28,22.0
Micah Potter,2024-25,38,27.0
Michael Porter Jr.,2024-25,77,27.0
Mikal Bridges,2024-25,82,28.0
Mike Conley,2024-25,71,37.0
Miles Bridges,2024-25,64,27.0
Miles McBride,2024-25,64,24.0
Miles Norris,2024-25,3,25.0
Mitchell Robinson,2024-25,17,27.0
Mo Bamba,2024-25,32,27.0
Monte Morris,2024-25,45,30.0
Moritz Wagner,2024-25,30,28.0
Moses Brown,2024-25,13,25.0
Moses Moody,2024-25,74,23.0
Mouhamed Gueye,2024-25,33,22.0
Moussa Diabaté,2024-25,71,23.0
Myles Turner,2024-25,72,29.0
N'Faly Dante,2024-25,4,23.0
Nae'Qwan Tomlin,2024-25,5,24.0
Naji Marshall,2024-25,69,27.0
Nate Williams,2024-25,20,26.0
Naz Reid,2024-25,80,25.0
Neemias Queta,2024-25,62,25.0
Nic Claxton,2024-25,70,26.0
Nick Richards,2024-25,57,27.0
Nick Smith Jr.,2024-25,60,21.0
Nickeil Alexander-Walker,2024-25,82,26.0
Nicolas Batum,2024-25,78,36.0
Nikola Jokić,2024-25,70,30.0
Nikola Jović,2024-25,46,22.0
Nikola Vučević,2024-25,73,34.0
Noah Clowney,2024-25,46,20.0
Norman Powell,2024-25,60,32.0
OG Anunoby,2024-25,74,27.0
Obi Toppin,2024-25,79,27.0
Ochai Agbaji,2024-25,64,25.0
Olivier-Maxence Prosper,2024-25,52,22.0
Onyeka Okongwu,2024-25,74,24.0
Orlando Robinson,2024-25,44,24.0
Oscar Tshiebwe,2024-25,14,25.0
Oshae Brissett,2024-25,6,27.0
Oso Ighodaro,2024-25,61,22.0
Ousmane Dieng,2024-25,37,22.0
P.J. Tucker,2024-25,3,40.0
P.J. Washington,2024-25,57,26.0
PJ Dozier,2024-25,9,28.0
PJ Hall,2024-25,19,23.0
Pacôme Dadiet,2024-25,18,19.0
Paolo Banchero,2024-25,46,22.0
Pascal Siakam,2024-25,78,31.0
Pat Connaughton,2024-25,41,32.0
Pat Spencer,2024-25,39,28.0
Patrick Baldwin Jr.,2024-25,24,22.0
Patrick Williams,2024-25,63,23.0
Patty Mills,2024-25,29,36.0
Paul George,2024-25,41,35.0
Paul Reed,2024-25,45,26.0
Payton Pritchard,2024-25,80,27.0
Pelle Larsson,2024-25,55,24.0
Pete Nance,2024-25,13,25.0
Peyton Watson,2024-25,68,22.0
Phillip Wheeler,2024-25,5,23.0
Precious Achiuwa,2024-25,57,25.0
Quentin Grimes,2024-25,75,25.0
Quenton Jackson,2024-25,28,26.0
Quincy Olivari,2024-25,2,24.0
Quinten Post,2024-25,42,25.0
RJ Barrett,2024-25,58,25.0
RayJ Dennis,2024-25,11,24.0
Rayan Rupert,2024-25,52,21.0
Reece Beekman,2024-25,36,23.0
Reed Sheppard,2024-25,52,21.0
Reggie Jackson,2024-25,31,35.0
Richaun Holmes,2024-25,31,31.0
Ricky Council IV,2024-25,73,23.0
Riley Minix,2024-25,1,24.0
Rob Dillingham,2024-25,49,20.0
Robert Williams III,2024-25,20,27.0
Ron Harper Jr.,2024-25,1,25.0
Ronald Holland II,2024-25,81,19.0
Royce O'Neale,2024-25,75,32.0
Rudy Gobert,2024-25,72,33.0
Rui Hachimura,2024-25,59,27.0
Russell Westbrook,2024-25,75,36.0
Ryan Dunn,2024-25,74,22.0
Ryan Rollins,2024-25,56,22.0
Sam Hauser,2024-25,71,27.0
Sam Merrill,2024-25,71,29.0
Sandro Mamukelashvili,2024-25,61,26.0
Santi Aldama,2024-25,65,24.0
Scoot Henderson,2024-25,66,21.0
Scottie Barnes,2024-25,65,23.0
Scotty Pippen Jr.,2024-25,79,24.0
Seth Curry,2024-25,68,34.0
Shaedon Sharpe,2024-25,72,22.0
Shai Gilgeous-Alexander,2024-25,76,26.0
Shake Milton,2024-25,57,28.0
Sidy Cissoko,2024-25,22,21.0
Simone Fontecchio,2024-25,75,29.0
Skal Labissiere,2024-25,4,29.0
Spencer Dinwiddie,2024-25,79,32.0
Spencer Jones,2024-25,20,24.0
Stanley Umude,2024-25,22,26.0
Stephen Curry,2024-25,70,37.0
Stephon Castle,2024-25,81,20.0
Steven Adams,2024-25,58,31.0
Svi Mykhailiuk,2024-25,38,28.0
T.J. McConnell,2024-25,79,33.0
Taj Gibson,2024-25,37,40.0
Talen Horton-Tucker,2024-25,58,24.0
Tari Eason,2024-25,57,24.0
Taurean Prince,2024-25,80,31.0
Taylor Hendricks,2024-25,3,21.0
Taze Moore,2024-25,2,27.0
Terance Mann,2024-25,67,28.0
Terence Davis,2024-25,1,28.0
Terrence Shannon Jr,2024-25,32,24.0
Terry Rozier,2024-25,64,31.0
Terry Taylor,2024-25,3,25.0
Thomas Bryant,2024-25,66,27.0
Tidjane Salaün,2024-25,60,19.0
Tim Hardaway Jr.,2024-25,77,33.0
Tobias Harris,2024-25,73,32.0
Tolu Smith,2024-25,1,24.0
Tony Bradley,2024-25,14,27.0
Torrey Craig,2024-25,26,34.0
Tosan Evbuomwan,2024-25,28,24.0
Toumani Camara,2024-25,78,25.0
Trae Young,2024-25,76,26.0
Trayce Jackson-Davis,2024-25,62,25.0
Tre Jones,2024-25,46,25.0
Tre Mann,2024-25,13,24.0
Trendon Watford,2024-25,44,24.0
Trentyn Flowers,2024-25,6,20.0
Trevelin Queen,2024-25,31,28.0
Trey Alexander,2024-25,24,22.0
Trey Jemison III,2024-25,38,25.0
Trey Lyles,2024-25,69,29.0
Trey Murphy III,2024-25,53,25.0
Tristan Thompson,2024-25,40,34.0
Tristan Vukcevic,2024-25,35,22.0
Tristan da Silva,2024-25,74,24.0
Tristen Newton,2024-25,8,24.0
Ty Jerome,2024-25,70,27.0
TyTy Washington Jr.,2024-25,16,23.0
Tyler Herro,2024-25,77,25.0
Tyler Kolek,2024-25,41,24.0
Tyler Smith,2024-25,23,20.0
Tyrese Haliburton,2024-25,73,25.0
Tyrese Martin,2024-25,60,26.0
Tyrese Maxey,2024-25,52,24.0
Tyson Etienne,2024-25,7,25.0
Tyus Jones,2024-25,81,29.0
Ulrich Chomche,2024-25,7,19.0
Vasilije Micic,2024-25,41,31.0
Victor Wembanyama,2024-25,46,21.0
Vince Williams Jr.,2024-25,27,24.0
Vlatko Cancar,2024-25,13,28.0
Vít Krejčí,2024-25,57,25.0
Walker Kessler,2024-25,58,23.0
Wendell Carter Jr.,2024-25,68,26.0
Wendell Moore Jr.,2024-25,36,23.0
Xavier Tillman,2024-25,33,26.0
Yuki Kawamura,2024-25,22,24.0
Yuri Collins,2024-25,2,24.0
Yves Missi,2024-25,73,21.0
Zaccharie Risacher,2024-25,75,20.0
Zach Collins,2024-25,64,27.0
Zach Edey,2024-25,66,23.0
Zach LaVine,2024-25,74,30.0
Zeke Nnaji,2024-25,57,24.0
Ziaire Williams,2024-25,63,23.0
Zion Williamson,2024-25,30,24.0
Zyon Pullin,2024-25,3,24.0
A.J. Lawson,2025-26,24,25.0
AJ Green,2025-26,78,26.0
AJ Johnson,2025-26,48,21.0
Aaron Gordon,2025-26,36,30.0
Aaron Holiday,2025-26,57,29.0
Aaron Nesmith,2025-26,45,26.0
Aaron Wiggins,2025-26,65,27.0
Ace Bailey,2025-26,72,19.0
Adama Bal,2025-26,8,22.0
Adem Bona,2025-26,71,23.0
Adou Thiero,2025-26,25,22.0
Ajay Mitchell,2025-26,57,24.0
Al Horford,2025-26,45,40.0
Alex Antetokounmpo,2025-26,6,24.0
Alex Caruso,2025-26,56,32.0
Alex Morales,2025-26,4,28.0
Alex Sarr,2025-26,48,21.0
Alijah Martin,2025-26,23,24.0
Alondes Williams,2025-26,4,27.0
Alperen Sengun,2025-26,72,23.0
Amari Williams,2025-26,22,24.0
Amen Thompson,2025-26,79,23.0
Amir Coffey,2025-26,46,29.0
Andersson Garcia,2025-26,5,25.0
Andre Drummond,2025-26,63,32.0
Andre Jackson Jr.,2025-26,48,24.0
Andrew Nembhard,2025-26,57,26.0
Andrew Wiggins,2025-26,68,31.0
Anfernee Simons,2025-26,55,27.0
Anthony Black,2025-26,64,22.0
Anthony Davis,2025-26,20,33.0
Anthony Edwards,2025-26,61,24.0
Anthony Gill,2025-26,55,33.0
Antonio Reeves,2025-26,10,25.0
Ariel Hukporti,2025-26,54,24.0
Asa Newell,2025-26,44,20.0
Ausar Thompson,2025-26,73,23.0
Austin Reaves,2025-26,51,28.0
Ayo Dosunmu,2025-26,69,26.0
Bam Adebayo,2025-26,73,28.0
Baylor Scheierman,2025-26,77,25.0
Ben Saraf,2025-26,44,20.0
Ben Sheppard,2025-26,65,24.0
Bennedict Mathurin,2025-26,54,24.0
Bez Mbeng,2025-26,15,23.0
Bilal Coulibaly,2025-26,56,21.0
Bismack Biyombo,2025-26,25,33.0
Blake Hinson,2025-26,14,26.0
Blake Wesley,2025-26,31,23.0
Bobby Portis Jr.,2025-26,67,31.0
Bobi Klintman,2025-26,12,23.0
Bogdan Bogdanović,2025-26,23,33.0
Bones Hyland,2025-26,71,25.0
Bradley Beal,2025-26,6,33.0
Branden Carlson,2025-26,42,27.0
Brandin Podziemski,2025-26,82,23.0
Brandon Clarke,2025-26,2,29.0
Brandon Ingram,2025-26,77,28.0
Brandon Miller,2025-26,65,23.0
Brandon Williams,2025-26,66,26.0
Brice Sensabaugh,2025-26,75,22.0
Bronny James,2025-26,42,21.0
Brook Lopez,2025-26,75,38.0
Brooks Barnhizer,2025-26,40,24.0
Bruce Brown,2025-26,82,29.0
Bryce McGowens,2025-26,42,23.0
Bub Carrington,2025-26,82,20.0
Buddy Boeheim,2025-26,4,26.0
Buddy Hield,2025-26,51,33.0
CJ Huntley,2025-26,4,24.0
CJ McCollum,2025-26,76,34.0
Cade Cunningham,2025-26,64,24.0
Caleb Houstan,2025-26,18,23.0
Caleb Love,2025-26,49,24.0
Caleb Martin,2025-26,58,30.0
Cam Christie,2025-26,55,20.0
Cam Spencer,2025-26,72,26.0
Cam Thomas,2025-26,42,24.0
Cam Whitmore,2025-26,21,21.0
Cameron Johnson,2025-26,54,30.0
Cameron Payne,2025-26,22,31.0
Caris LeVert,2025-26,60,31.0
Carter Bryant,2025-26,71,20.0
Cason Wallace,2025-26,77,22.0
Cedric Coward,2025-26,62,22.0
Chaney Johnson,2025-26,17,24.0
Charles Bassey,2025-26,13,25.0
Chaz Lanier,2025-26,34,24.0
Chet Holmgren,2025-26,69,24.0
Chris Boucher,2025-26,9,33.0
Chris Livingston,2025-26,3,22.0
Chris Mañon,2025-26,9,24.0
Chris Paul,2025-26,16,41.0
Chris Youngblood,2025-26,34,24.0
Christian Braun,2025-26,44,25.0
Christian Koloko,2025-26,27,26.0
Chucky Hepburn,2025-26,2,23.0
Clint Capela,2025-26,75,32.0
Coby White,2025-26,50,26.0
Cody Martin,2025-26,4,30.0
Cody Williams,2025-26,67,21.0
Colby Jones,2025-26,1,24.0
Cole Anthony,2025-26,35,26.0
Colin Castleton,2025-26,4,26.0
Collin Gillespie,2025-26,80,27.0
Collin Murray-Boyles,2025-26,57,21.0
Collin Sexton,2025-26,68,27.0
Cooper Flagg,2025-26,70,19.0
Corey Kispert,2025-26,58,27.0
Cormac Ryan,2025-26,11,27.0
Craig Porter Jr.,2025-26,64,26.0
Curtis Jones,2025-26,10,24.0
D'Angelo Russell,2025-26,26,30.0
DaQuan Jeffries,2025-26,3,28.0
DaRon Holmes II,2025-26,25,23.0
Daeqwon Plowden,2025-26,32,27.0
Dalano Banton,2025-26,6,26.0
Dalen Terry,2025-26,48,23.0
Dalton Knecht,2025-26,54,25.0
Daniel Gafford,2025-26,55,27.0
Daniss Jenkins,2025-26,72,24.0
Danny Wolf,2025-26,57,22.0
Dario Saric,2025-26,5,32.0
Dariq Whitehead,2025-26,6,21.0
Darius Brown II,2025-26,1,26.0
Darius Garland,2025-26,45,26.0
David Jones Garcia,2025-26,11,24.0
David Roddy,2025-26,5,25.0
Davion Mitchell,2025-26,70,27.0
Day'Ron Sharpe,2025-26,62,24.0
De'Aaron Fox,2025-26,72,28.0
De'Andre Hunter,2025-26,45,28.0
De'Anthony Melton,2025-26,49,28.0
DeAndre Jordan,2025-26,12,37.0
DeJon Jarreau,2025-26,11,28.0
DeMar DeRozan,2025-26,77,36.0
Dean Wade,2025-26,59,29.0
Deandre Ayton,2025-26,72,27.0
Dejounte Murray,2025-26,14,29.0
Deni Avdija,2025-26,66,25.0
Dennis Schröder,2025-26,70,32.0
Dereck Lively II,2025-26,7,22.0
Derik Queen,2025-26,81,21.0
Derrick Jones Jr.,2025-26,50,29.0
Derrick White,2025-26,77,31.0
Desmond Bane,2025-26,82,28.0
Devin Booker,2025-26,64,29.0
Devin Carter,2025-26,38,24.0
Devin Vassell,2025-26,67,25.0
Dillon Brooks,2025-26,56,30.0
Dillon Jones,2025-26,7,24.0
Domantas Sabonis,2025-26,19,30.0
Dominick Barlow,2025-26,71,23.0
Donovan Clingan,2025-26,77,22.0
Donovan Mitchell,2025-26,70,29.0
Donte DiVincenzo,2025-26,82,29.0
Dorian Finney-Smith,2025-26,37,33.0
Doug McDermott,2025-26,29,34.0
Drake Powell,2025-26,63,20.0
Draymond Green,2025-26,68,36.0
Drew Eubanks,2025-26,42,29.0
Drew Peterson,2025-26,6,26.0
Drew Timme,2025-26,27,25.0
Dru Smith,2025-26,70,28.0
Duncan Robinson,2025-26,77,32.0
Duop Reath,2025-26,32,30.0
Dwight Powell,2025-26,63,34.0
Dylan Cardwell,2025-26,44,24.0
Dylan Harper,2025-26,69,20.0
Dyson Daniels,2025-26,76,23.0
E.J. Liddell,2025-26,26,25.0
Egor Dëmin,2025-26,52,20.0
Elijah Harkless,2025-26,26,26.0
Emanuel Miller,2025-26,5,26.0
Enrique Freeman,2025-26,4,25.0
Eric Gordon,2025-26,6,37.0
Ethan Thompson,2025-26,32,27.0
Evan Mobley,2025-26,65,25.0
Franz Wagner,2025-26,34,24.0
GG Jackson,2025-26,55,21.0
Gabe Vincent,2025-26,53,30.0
Garrett Temple,2025-26,22,40.0
Garrison Mathews,2025-26,15,29.0
Gary Harris,2025-26,48,31.0
Gary Payton II,2025-26,73,33.0
Gary Trent Jr.,2025-26,65,27.0
Giannis Antetokounmpo,2025-26,36,31.0
Goga Bitadze,2025-26,64,26.0
Gradey Dick,2025-26,76,22.0
Grant Nelson,2025-26,4,24.0
Grant Williams,2025-26,36,27.0
Grayson Allen,2025-26,51,30.0
Guerschon Yabusele,2025-26,67,30.0
Gui Santos,2025-26,68,24.0
Harrison Barnes,2025-26,77,34.0
Harrison Ingram,2025-26,7,23.0
Hayden Gray,2025-26,1,23.0
Haywood Highsmith,2025-26,7,29.0
Herbert Jones,2025-26,56,27.0
Hugo González,2025-26,74,20.0
Hunter Dickinson,2025-26,5,25.0
Hunter Sallis,2025-26,7,23.0
Hunter Tyson,2025-26,21,26.0
Immanuel Quickley,2025-26,70,27.0
Isaac Jones,2025-26,7,25.0
Isaac Okoro,2025-26,63,25.0
Isaiah Collier,2025-26,59,21.0
Isaiah Crawford,2025-26,14,24.0
Isaiah Hartenstein,2025-26,47,28.0
Isaiah Jackson,2025-26,55,24.0
Isaiah Joe,2025-26,71,26.0
Isaiah Livers,2025-26,36,27.0
Isaiah Stevens,2025-26,3,25.0
Isaiah Stewart,2025-26,58,25.0
Ivica Zubac,2025-26,48,29.0
JD Davison,2025-26,28,23.0
Ja Morant,2025-26,20,26.0
Ja'Kobe Walter,2025-26,72,21.0
Jabari Smith Jr.,2025-26,77,23.0
Jabari Walker,2025-26,64,23.0
Jacob Toppin,2025-26,5,26.0
Jaden Hardy,2025-26,57,23.0
Jaden Ivey,2025-26,37,24.0
Jaden McDaniels,2025-26,73,25.0
Jae'Sean Tate,2025-26,46,30.0
Jahmai Mashack,2025-26,31,23.0
Jahmir Young,2025-26,14,25.0
Jahmyl Telfort,2025-26,8,25.0
Jaime Jaquez Jr.,2025-26,75,25.0
Jake LaRavia,2025-26,82,24.0
Jakob Poeltl,2025-26,46,30.0
Jalen Brunson,2025-26,74,29.0
Jalen Duren,2025-26,70,22.0
Jalen Green,2025-26,32,24.0
Jalen Johnson,2025-26,72,24.0
Jalen Pickett,2025-26,50,26.0
Jalen Slawson,2025-26,13,26.0
Jalen Smith,2025-26,53,26.0
Jalen Suggs,2025-26,57,25.0
Jalen Williams,2025-26,33,25.0
Jalen Wilson,2025-26,54,25.0
Jamal Cain,2025-26,40,27.0
Jamal Murray,2025-26,75,29.0
Jamal Shead,2025-26,82,23.0
Jamaree Bouyea,2025-26,46,27.0
James Harden,2025-26,70,36.0
James Wiseman,2025-26,4,25.0
Jamir Watkins,2025-26,50,24.0
Jamison Battle,2025-26,61,25.0
Jarace Walker,2025-26,76,22.0
Jared McCain,2025-26,67,22.0
Jaren Jackson Jr.,2025-26,48,26.0
Jarred Vanderbilt,2025-26,65,27.0
Jarrett Allen,2025-26,56,28.0
Jase Richardson,2025-26,54,20.0
Javon Small,2025-26,41,23.0
Javonte Cooke,2025-26,19,26.0
Javonte Green,2025-26,82,32.0
Jaxson Hayes,2025-26,66,26.0
Jay Huff,2025-26,82,28.0
Jaylen Brown,2025-26,71,29.0
Jaylen Clark,2025-26,68,24.0
Jaylen Wells,2025-26,69,22.0
Jaylin Williams,2025-26,65,24.0
Jaylon Tyson,2025-26,66,23.0
Jayson Kent,2025-26,5,24.0
Jayson Tatum,2025-26,16,28.0
Jeff Green,2025-26,30,39.0
Jerami Grant,2025-26,57,32.0
Jeremiah Fears,2025-26,82,19.0
Jeremiah Robinson-Earl,2025-26,22,25.0
Jeremy Sochan,2025-26,44,23.0
Jericho Sims,2025-26,67,27.0
Jett Howard,2025-26,55,22.0
Jevon Carter,2025-26,53,30.0
Jimmy Butler III,2025-26,38,36.0
Joan Beringer,2025-26,40,19.0
Jock Landale,2025-26,68,30.0
Joe Ingles,2025-26,27,38.0
Joel Embiid,2025-26,38,32.0
John Collins,2025-26,69,28.0
John Konchar,2025-26,56,30.0
John Poulakidas,2025-26,13,23.0
John Tonje,2025-26,6,25.0
Johni Broome,2025-26,11,23.0
Johnny Furphy,2025-26,35,21.0
Johnny Juzang,2025-26,21,25.0
Jonas Valanciunas,2025-26,65,34.0
Jonathan Isaac,2025-26,52,28.0
Jonathan Kuminga,2025-26,36,23.0
Jonathan Mogbo,2025-26,40,24.0
Jordan Clarkson,2025-26,72,34.0
Jordan Goodwin,2025-26,70,27.0
Jordan Hawkins,2025-26,51,24.0
Jordan McLaughlin,2025-26,44,30.0
Jordan Miller,2025-26,60,26.0
Jordan Poole,2025-26,39,27.0
Jordan Walsh,2025-26,68,22.0
Jose Alvarado,2025-26,69,28.0
Josh Giddey,2025-26,54,23.0
Josh Green,2025-26,58,25.0
Josh Hart,2025-26,66,31.0
Josh Minott,2025-26,49,23.0
Josh Oduro,2025-26,3,25.0
Josh Okogie,2025-26,78,27.0
Jrue Holiday,2025-26,53,36.0
Julian Champagnie,2025-26,82,25.0
Julian Phillips,2025-26,48,22.0
Julian Reese,2025-26,13,23.0
Julian Strawther,2025-26,57,24.0
Julius Randle,2025-26,79,31.0
Justin Champagnie,2025-26,69,25.0
Justin Edwards,2025-26,64,22.0
Jusuf Nurkić,2025-26,41,31.0
KJ Simpson,2025-26,20,23.0
Kadary Richmond,2025-26,3,24.0
Kam Jones,2025-26,37,24.0
Karl-Anthony Towns,2025-26,75,30.0
Karlo Matković,2025-26,62,25.0
Kasparas Jakučionis,2025-26,53,20.0
Kawhi Leonard,2025-26,65,35.0
Keaton Wallace,2025-26,53,27.0
Keegan Murray,2025-26,23,25.0
Kel'el Ware,2025-26,77,22.0
Keldon Johnson,2025-26,82,26.0
Kelly Olynyk,2025-26,42,35.0
Kelly Oubre Jr.,2025-26,50,30.0
Kennedy Chandler,2025-26,11,23.0
Kenrich Williams,2025-26,56,31.0
Kentavious Caldwell-Pope,2025-26,51,33.0
Keon Ellis,2025-26,72,26.0
Keshad Johnson,2025-26,32,25.0
Keshon Gilbert,2025-26,4,23.0
Kevin Durant,2025-26,78,37.0
Kevin Huerter,2025-26,69,27.0
Kevin Love,2025-26,37,37.0
Kevin McCullar Jr.,2025-26,21,25.0
Kevin Porter Jr.,2025-26,38,26.0
Kevon Looney,2025-26,21,30.0
Keyonte George,2025-26,54,22.0
Khaman Maluach,2025-26,46,19.0
Khris Middleton,2025-26,63,34.0
Killian Hayes,2025-26,23,24.0
Klay Thompson,2025-26,69,36.0
Kobe Brown,2025-26,61,26.0
Kobe Bufkin,2025-26,16,22.0
Kobe Sanders,2025-26,68,24.0
Koby Brea,2025-26,12,23.0
Kon Knueppel,2025-26,81,20.0
Kris Dunn,2025-26,82,32.0
Kris Murray,2025-26,57,25.0
Kristaps Porziņģis,2025-26,32,30.0
Kyle Anderson,2025-26,43,32.0
Kyle Filipowski,2025-26,77,22.0
Kyle Kuzma,2025-26,69,30.0
Kyle Lowry,2025-26,14,40.0
Kyshawn George,2025-26,48,22.0
LJ Cryer,2025-26,18,24.0
LaMelo Ball,2025-26,72,24.0
Lachlan Olbrich,2025-26,37,22.0
Landry Shamet,2025-26,51,29.0
Larry Nance Jr.,2025-26,35,33.0
Lauri Markkanen,2025-26,42,29.0
Lawson Lovering,2025-26,2,23.0
LeBron James,2025-26,60,41.0
Leaky Black,2025-26,15,27.0
Leonard Miller,2025-26,46,22.0
Liam McNeeley,2025-26,31,20.0
Lindy Waters III,2025-26,40,28.0
Lonzo Ball,2025-26,35,28.0
Lucas Williamson,2025-26,7,27.0
Luguentz Dort,2025-26,69,27.0
Luka Dončić,2025-26,64,27.0
Luka Garza,2025-26,69,27.0
Luke Kennard,2025-26,78,30.0
Luke Kornet,2025-26,68,30.0
Luke Travers,2025-26,12,24.0
Mac McClung,2025-26,11,27.0
Malachi Smith,2025-26,15,26.0
Malaki Branham,2025-26,28,23.0
Malevy Leons,2025-26,25,26.0
Malik Monk,2025-26,62,28.0
MarJon Beauchamp,2025-26,14,25.0
Marcus Sasser,2025-26,38,25.0
Marcus Smart,2025-26,62,32.0
Mark Sears,2025-26,7,24.0
Mark Williams,2025-26,60,24.0
Markelle Fultz,2025-26,5,28.0
Marvin Bagley III,2025-26,60,27.0
Mason Plumlee,2025-26,20,36.0
Matas Buzelis,2025-26,77,21.0
Matisse Thybulle,2025-26,30,29.0
Max Christie,2025-26,77,23.0
Max Shulga,2025-26,11,24.0
Max Strus,2025-26,12,30.0
Maxi Kleber,2025-26,43,34.0
Maxime Raynaud,2025-26,74,23.0
Micah Peavy,2025-26,61,24.0
Micah Potter,2025-26,47,28.0
Michael Porter Jr.,2025-26,52,28.0
Mikal Bridges,2025-26,82,29.0
Mike Conley,2025-26,54,38.0
Miles Bridges,2025-26,77,28.0
Miles Kelly,2025-26,14,23.0
Miles McBride,2025-26,41,25.0
Mitchell Robinson,2025-26,60,28.0
Mo Bamba,2025-26,4,28.0
Mohamed Diawara,2025-26,69,21.0
Monte Morris,2025-26,6,31.0
Moritz Wagner,2025-26,36,29.0
Moses Moody,2025-26,60,24.0
Mouhamadou Gueye,2025-26,2,27.0
Mouhamed Gueye,2025-26,77,23.0
Moussa Cisse,2025-26,38,23.0
Moussa Diabaté,2025-26,73,24.0
Myles Turner,2025-26,71,30.0
Myron Gardner,2025-26,45,25.0
N'Faly Dante,2025-26,4,24.0
Nae'Qwan Tomlin,2025-26,64,25.0
Naji Marshall,2025-26,74,28.0
Nate Williams,2025-26,14,27.0
Naz Reid,2025-26,77,26.0
Neemias Queta,2025-26,76,26.0
Nic Claxton,2025-26,69,27.0
Nick Richards,2025-26,48,28.0
Nick Smith Jr.,2025-26,30,22.0
Nickeil Alexander-Walker,2025-26,78,27.0
Nicolas Batum,2025-26,74,37.0
Nigel Hayes-Davis,2025-26,27,31.0
Nikola Jokić,2025-26,65,31.0
Nikola Jović,2025-26,47,23.0
Nikola Topić,2025-26,10,20.0
Nikola Vučević,2025-26,64,35.0
Nique Clifford,2025-26,75,24.0
Noa Essengue,2025-26,2,19.0
Noah Clowney,2025-26,66,21.0
Noah Penda,2025-26,59,21.0
Nolan Traore,2025-26,56,20.0
Norchad Omier,2025-26,6,24.0
Norman Powell,2025-26,58,33.0
OG Anunoby,2025-26,67,28.0
Obi Toppin,2025-26,24,28.0
Ochai Agbaji,2025-26,62,26.0
Olivier Sarr,2025-26,4,27.0
Olivier-Maxence Prosper,2025-26,53,23.0
Omer Yurtseven,2025-26,9,28.0
Onyeka Okongwu,2025-26,74,25.0
Orlando Robinson,2025-26,4,25.0
Oscar Tshiebwe,2025-26,27,26.0
Oso Ighodaro,2025-26,82,23.0
Ousmane Dieng,2025-26,57,23.0
P.J. Washington,2025-26,56,27.0
PJ Hall,2025-26,19,24.0
Pacôme Dadiet,2025-26,29,20.0
Paolo Banchero,2025-26,72,23.0
Pascal Siakam,2025-26,62,32.0
Pat Connaughton,2025-26,42,33.0
Pat Spencer,2025-26,66,29.0
Patrick Baldwin Jr.,2025-26,9,23.0
Patrick Williams,2025-26,72,24.0
Paul George,2025-26,37,36.0
Paul Reed,2025-26,65,27.0
Payton Pritchard,2025-26,79,28.0
Payton Sandfort,2025-26,4,23.0
Pelle Larsson,2025-26,70,25.0
Pete Nance,2025-26,47,26.0
Peyton Watson,2025-26,54,23.0
Precious Achiuwa,2025-26,73,26.0
Quentin Grimes,2025-26,75,26.0
Quenton Jackson,2025-26,49,27.0
Quinten Post,2025-26,67,26.0
RJ Barrett,2025-26,57,26.0
Rasheer Fleming,2025-26,55,21.0
RayJ Dennis,2025-26,17,25.0
Rayan Rupert,2025-26,64,22.0
Reed Sheppard,2025-26,82,22.0
Riley Minix,2025-26,9,25.0
Rob Dillingham,2025-26,65,21.0
Robert Williams III,2025-26,59,28.0
Rocco Zikarsky,2025-26,5,19.0
Ron Harper Jr.,2025-26,29,26.0
Ronald Holland II,2025-26,78,20.0
Royce O'Neale,2025-26,78,33.0
Rudy Gobert,2025-26,76,34.0
Rui Hachimura,2025-26,68,28.0
Russell Westbrook,2025-26,64,37.0
Ryan Dunn,2025-26,70,23.0
Ryan Kalkbrenner,2025-26,69,24.0
Ryan Nembhard,2025-26,60,23.0
Ryan Rollins,2025-26,74,23.0
Saddiq Bey,2025-26,72,27.0
Sam Hauser,2025-26,78,28.0
Sam Merrill,2025-26,52,30.0
Sandro Mamukelashvili,2025-26,80,27.0
Santi Aldama,2025-26,43,25.0
Scoot Henderson,2025-26,30,22.0
Scottie Barnes,2025-26,80,24.0
Scotty Pippen Jr.,2025-26,10,25.0
Sean Pedulla,2025-26,7,23.0
Seth Curry,2025-26,10,35.0
Shaedon Sharpe,2025-26,50,23.0
Shai Gilgeous-Alexander,2025-26,68,27.0
Sharife Cooper,2025-26,41,25.0
Sidy Cissoko,2025-26,75,22.0
Simone Fontecchio,2025-26,70,30.0
Sion James,2025-26,82,23.0
Skal Labissiere,2025-26,3,30.0
Spencer Jones,2025-26,64,25.0
Stanley Umude,2025-26,2,27.0
Stephen Curry,2025-26,43,38.0
Stephon Castle,2025-26,68,21.0
Steven Adams,2025-26,32,32.0
Svi Mykhailiuk,2025-26,50,29.0
T.J. McConnell,2025-26,56,34.0
Taelon Peter,2025-26,38,24.0
Taj Gibson,2025-26,10,41.0
Tari Eason,2025-26,60,25.0
Taurean Prince,2025-26,26,32.0
Taylor Hendricks,2025-26,59,22.0
Terance Mann,2025-26,63,29.0
Terrence Shannon Jr,2025-26,43,25.0
Thanasis Antetokounmpo,2025-26,34,33.0
Thomas Bryant,2025-26,60,28.0
Tidjane Salaün,2025-26,37,20.0
Tim Hardaway Jr.,2025-26,80,34.0
Tobias Harris,2025-26,63,33.0
Toby Okani,2025-26,6,24.0
Tolu Smith,2025-26,15,25.0
Tony Bradley,2025-26,41,28.0
Tosan Evbuomwan,2025-26,5,25.0
Toumani Camara,2025-26,82,26.0
Trae Young,2025-26,15,27.0
Trayce Jackson-Davis,2025-26,53,26.0
Tre Johnson,2025-26,60,20.0
Tre Jones,2025-26,65,26.0
Tre Mann,2025-26,53,25.0
Trendon Watford,2025-26,53,25.0
Trentyn Flowers,2025-26,2,21.0
Trevon Scott,2025-26,6,29.0
Trevor Keels,2025-26,8,22.0
Trey Alexander,2025-26,9,23.0
Trey Jemison III,2025-26,13,26.0
Trey Murphy III,2025-26,66,26.0
Tristan Enaruna,2025-26,9,25.0
Tristan Vukcevic,2025-26,49,23.0
Tristan da Silva,2025-26,77,25.0
Tristen Newton,2025-26,1,25.0
Ty Jerome,2025-26,15,28.0
TyTy Washington Jr.,2025-26,16,24.0
Tyler Burton,2025-26,12,26.0
Tyler Herro,2025-26,33,26.0
Tyler Kolek,2025-26,62,25.0
Tyler Smith,2025-26,12,21.0
Tyrese Martin,2025-26,46,27.0
Tyrese Maxey,2025-26,70,25.0
Tyrese Proctor,2025-26,50,22.0
Tyson Etienne,2025-26,24,26.0
Tyus Jones,2025-26,67,30.0
VJ Edgecombe,2025-26,75,20.0
Victor Wembanyama,2025-26,64,22.0
Vince Williams Jr.,2025-26,40,25.0
Vladislav Goldin,2025-26,9,25.0
Vít Krejčí,2025-26,65,26.0
Walker Kessler,2025-26,5,24.0
Walter Clayton Jr.,2025-26,69,23.0
Wendell Carter Jr.,2025-26,78,27.0
Wendell Moore Jr.,2025-26,6,24.0
Will Richard,2025-26,69,23.0
Will Riley,2025-26,74,20.0
Xavier Tillman,2025-26,30,27.0
Yang Hansen,2025-26,43,21.0
Yanic Konan Niederhäuser,2025-26,41,23.0
Yuki Kawamura,2025-26,18,25.0
Yves Missi,2025-26,66,22.0
Zaccharie Risacher,2025-26,67,21.0
Zach Collins,2025-26,10,28.0
Zach Edey,2025-26,11,24.0
Zach LaVine,2025-26,39,31.0
Zeke Nnaji,2025-26,52,25.0
Ziaire Williams,2025-26,56,24.0
Zion Williamson,2025-26,62,25.0
Zyon Pullin,2025-26,5,25.0
