player_name,name_key,GP,DD2,dd
A.J. Lawson,a.j. lawson,24,0,0.0
AJ Green,aj green,78,0,0.0
AJ Johnson,aj johnson,48,0,0.0
Aaron Gordon,aaron gordon,36,4,0.1111111111111111
Aaron Holiday,aaron holiday,57,0,0.0
Aaron Nesmith,aaron nesmith,45,0,0.0
Aaron Wiggins,aaron wiggins,65,0,0.0
Ace Bailey,ace bailey,72,1,0.013888888888888888
Adama Bal,adama bal,8,0,0.0
Adem Bona,adem bona,71,1,0.014084507042253521
Adou Thiero,adou thiero,25,0,0.0
Ajay Mitchell,ajay mitchell,57,1,0.017543859649122806
Al Horford,al horford,45,0,0.0
Alex Antetokounmpo,alex antetokounmpo,6,0,0.0
Alex Caruso,alex caruso,56,0,0.0
Alex Morales,alex morales,4,0,0.0
Alex Sarr,alex sarr,48,12,0.25
Alijah Martin,alijah martin,23,0,0.0
Alondes Williams,alondes williams,4,1,0.25
Alperen Sengun,alperen sengun,72,34,0.4722222222222222
Amari Williams,amari williams,22,0,0.0
Amen Thompson,amen thompson,79,20,0.25316455696202533
Amir Coffey,amir coffey,46,0,0.0
Andersson Garcia,andersson garcia,5,0,0.0
Andre Drummond,andre drummond,63,17,0.2698412698412698
Andre Jackson Jr.,andre jackson jr.,48,0,0.0
Andrew Nembhard,andrew nembhard,57,13,0.22807017543859648
Andrew Wiggins,andrew wiggins,68,2,0.029411764705882353
Anfernee Simons,anfernee simons,55,0,0.0
Anthony Black,anthony black,64,2,0.03125
Anthony Davis,anthony davis,20,13,0.65
Anthony Edwards,anthony edwards,61,2,0.03278688524590164
Anthony Gill,anthony gill,55,0,0.0
Antonio Reeves,antonio reeves,10,0,0.0
Ariel Hukporti,ariel hukporti,54,0,0.0
Asa Newell,asa newell,44,2,0.045454545454545456
Ausar Thompson,ausar thompson,73,3,0.0410958904109589
Austin Reaves,austin reaves,51,6,0.11764705882352941
Ayo Dosunmu,ayo dosunmu,69,2,0.028985507246376812
Bam Adebayo,bam adebayo,73,35,0.4794520547945205
Baylor Scheierman,baylor scheierman,77,4,0.05194805194805195
Ben Saraf,ben saraf,44,0,0.0
Ben Sheppard,ben sheppard,65,0,0.0
Bennedict Mathurin,bennedict mathurin,54,3,0.05555555555555555
Bez Mbeng,bez mbeng,15,1,0.06666666666666667
Bilal Coulibaly,bilal coulibaly,56,0,0.0
Bismack Biyombo,bismack biyombo,25,0,0.0
Blake Hinson,blake hinson,14,0,0.0
Blake Wesley,blake wesley,31,0,0.0
Bobby Portis Jr.,bobby portis jr.,67,11,0.16417910447761194
Bobi Klintman,bobi klintman,12,0,0.0
Bogdan Bogdanović,bogdan bogdanovic,23,0,0.0
Bones Hyland,bones hyland,71,0,0.0
Bradley Beal,bradley beal,6,0,0.0
Branden Carlson,branden carlson,42,3,0.07142857142857142
Brandin Podziemski,brandin podziemski,82,5,0.06097560975609756
Brandon Clarke,brandon clarke,2,0,0.0
Brandon Ingram,brandon ingram,77,2,0.025974025974025976
Brandon Miller,brandon miller,65,3,0.046153846153846156
Brandon Williams,brandon williams,66,1,0.015151515151515152
Brice Sensabaugh,brice sensabaugh,75,0,0.0
Bronny James,bronny james,42,0,0.0
Brook Lopez,brook lopez,75,1,0.013333333333333334
Brooks Barnhizer,brooks barnhizer,40,0,0.0
Bruce Brown,bruce brown,82,1,0.012195121951219513
Bryce McGowens,bryce mcgowens,42,0,0.0
Bub Carrington,bub carrington,82,0,0.0
Buddy Boeheim,buddy boeheim,4,0,0.0
Buddy Hield,buddy hield,51,0,0.0
CJ Huntley,cj huntley,4,0,0.0
CJ McCollum,cj mccollum,76,0,0.0
Cade Cunningham,cade cunningham,64,38,0.59375
Caleb Houstan,caleb houstan,18,0,0.0
Caleb Love,caleb love,49,0,0.0
Caleb Martin,caleb martin,58,0,0.0
Cam Christie,cam christie,55,0,0.0
Cam Spencer,cam spencer,72,6,0.08333333333333333
Cam Thomas,cam thomas,42,0,0.0
Cam Whitmore,cam whitmore,21,0,0.0
Cameron Johnson,cameron johnson,54,1,0.018518518518518517
Cameron Payne,cameron payne,22,1,0.045454545454545456
Caris LeVert,caris levert,60,0,0.0
Carter Bryant,carter bryant,71,0,0.0
Cason Wallace,cason wallace,77,1,0.012987012987012988
Cedric Coward,cedric coward,62,7,0.11290322580645161
Chaney Johnson,chaney johnson,17,1,0.058823529411764705
Charles Bassey,charles bassey,13,2,0.15384615384615385
Chaz Lanier,chaz lanier,34,0,0.0
Chet Holmgren,chet holmgren,69,24,0.34782608695652173
Chris Boucher,chris boucher,9,0,0.0
Chris Livingston,chris livingston,3,0,0.0
Chris Mañon,chris manon,9,0,0.0
Chris Paul,chris paul,16,0,0.0
Chris Youngblood,chris youngblood,34,0,0.0
Christian Braun,christian braun,44,0,0.0
Christian Koloko,christian koloko,27,0,0.0
Chucky Hepburn,chucky hepburn,2,0,0.0
Clint Capela,clint capela,75,1,0.013333333333333334
Coby White,coby white,50,1,0.02
Cody Martin,cody martin,4,0,0.0
Cody Williams,cody williams,67,2,0.029850746268656716
Colby Jones,colby jones,1,0,0.0
Cole Anthony,cole anthony,35,0,0.0
Colin Castleton,colin castleton,4,0,0.0
Collin Gillespie,collin gillespie,80,3,0.0375
Collin Murray-Boyles,collin murray-boyles,57,4,0.07017543859649122
Collin Sexton,collin sexton,68,1,0.014705882352941176
Cooper Flagg,cooper flagg,70,13,0.18571428571428572
Corey Kispert,corey kispert,58,0,0.0
Cormac Ryan,cormac ryan,11,1,0.09090909090909091
Craig Porter Jr.,craig porter jr.,64,0,0.0
Curtis Jones,curtis jones,10,0,0.0
D'Angelo Russell,d'angelo russell,26,1,0.038461538461538464
DaQuan Jeffries,daquan jeffries,3,0,0.0
DaRon Holmes II,daron holmes ii,25,0,0.0
Daeqwon Plowden,daeqwon plowden,32,0,0.0
Dalano Banton,dalano banton,6,0,0.0
Dalen Terry,dalen terry,48,0,0.0
Dalton Knecht,dalton knecht,54,0,0.0
Daniel Gafford,daniel gafford,55,10,0.18181818181818182
Daniss Jenkins,daniss jenkins,72,3,0.041666666666666664
Danny Wolf,danny wolf,57,2,0.03508771929824561
Dario Saric,dario saric,5,0,0.0
Dariq Whitehead,dariq whitehead,6,0,0.0
Darius Brown II,darius brown ii,1,0,0.0
Darius Garland,darius garland,45,7,0.15555555555555556
David Jones Garcia,david jones garcia,11,0,0.0
David Roddy,david roddy,5,1,0.2
Davion Mitchell,davion mitchell,70,5,0.07142857142857142
Day'Ron Sharpe,day'ron sharpe,62,5,0.08064516129032258
De'Aaron Fox,de'aaron fox,72,8,0.1111111111111111
De'Andre Hunter,de'andre hunter,45,0,0.0
De'Anthony Melton,de'anthony melton,49,0,0.0
DeAndre Jordan,deandre jordan,12,0,0.0
DeJon Jarreau,dejon jarreau,11,0,0.0
DeMar DeRozan,demar derozan,77,2,0.025974025974025976
Dean Wade,dean wade,59,1,0.01694915254237288
Deandre Ayton,deandre ayton,72,22,0.3055555555555556
Dejounte Murray,dejounte murray,14,1,0.07142857142857142
Deni Avdija,deni avdija,66,19,0.2878787878787879
Dennis Schröder,dennis schroder,70,3,0.04285714285714286
Dereck Lively II,dereck lively ii,7,0,0.0
Derik Queen,derik queen,81,14,0.1728395061728395
Derrick Jones Jr.,derrick jones jr.,50,1,0.02
Derrick White,derrick white,77,1,0.012987012987012988
Desmond Bane,desmond bane,82,1,0.012195121951219513
Devin Booker,devin booker,64,6,0.09375
Devin Carter,devin carter,38,0,0.0
Devin Vassell,devin vassell,67,1,0.014925373134328358
Dillon Brooks,dillon brooks,56,0,0.0
Dillon Jones,dillon jones,7,0,0.0
Domantas Sabonis,domantas sabonis,19,12,0.631578947368421
Dominick Barlow,dominick barlow,71,2,0.028169014084507043
Donovan Clingan,donovan clingan,77,37,0.4805194805194805
Donovan Mitchell,donovan mitchell,70,5,0.07142857142857142
Donte DiVincenzo,donte divincenzo,82,1,0.012195121951219513
Dorian Finney-Smith,dorian finney-smith,37,0,0.0
Doug McDermott,doug mcdermott,29,0,0.0
Drake Powell,drake powell,63,0,0.0
Draymond Green,draymond green,68,2,0.029411764705882353
Drew Eubanks,drew eubanks,42,1,0.023809523809523808
Drew Peterson,drew peterson,6,0,0.0
Drew Timme,drew timme,27,0,0.0
Dru Smith,dru smith,70,0,0.0
Duncan Robinson,duncan robinson,77,0,0.0
Duop Reath,duop reath,32,0,0.0
Dwight Powell,dwight powell,63,3,0.047619047619047616
Dylan Cardwell,dylan cardwell,44,3,0.06818181818181818
Dylan Harper,dylan harper,69,0,0.0
Dyson Daniels,dyson daniels,76,15,0.19736842105263158
E.J. Liddell,e.j. liddell,26,1,0.038461538461538464
Egor Dëmin,egor demin,52,1,0.019230769230769232
Elijah Harkless,elijah harkless,26,1,0.038461538461538464
Emanuel Miller,emanuel miller,5,0,0.0
Enrique Freeman,enrique freeman,4,0,0.0
Eric Gordon,eric gordon,6,0,0.0
Ethan Thompson,ethan thompson,32,0,0.0
Evan Mobley,evan mobley,65,27,0.4153846153846154
Franz Wagner,franz wagner,34,0,0.0
GG Jackson,gg jackson,55,1,0.01818181818181818
Gabe Vincent,gabe vincent,53,0,0.0
Garrett Temple,garrett temple,22,0,0.0
Garrison Mathews,garrison mathews,15,0,0.0
Gary Harris,gary harris,48,0,0.0
Gary Payton II,gary payton ii,73,2,0.0273972602739726
Gary Trent Jr.,gary trent jr.,65,0,0.0
Giannis Antetokounmpo,giannis antetokounmpo,36,19,0.5277777777777778
Goga Bitadze,goga bitadze,64,3,0.046875
Gradey Dick,gradey dick,76,1,0.013157894736842105
Grant Nelson,grant nelson,4,0,0.0
Grant Williams,grant williams,36,0,0.0
Grayson Allen,grayson allen,51,0,0.0
Guerschon Yabusele,guerschon yabusele,67,4,0.05970149253731343
Gui Santos,gui santos,68,3,0.04411764705882353
Harrison Barnes,harrison barnes,77,0,0.0
Harrison Ingram,harrison ingram,7,0,0.0
Hayden Gray,hayden gray,1,0,0.0
Haywood Highsmith,haywood highsmith,7,0,0.0
Herbert Jones,herbert jones,56,0,0.0
Hugo González,hugo gonzalez,74,2,0.02702702702702703
Hunter Dickinson,hunter dickinson,5,0,0.0
Hunter Sallis,hunter sallis,7,0,0.0
Hunter Tyson,hunter tyson,21,0,0.0
Immanuel Quickley,immanuel quickley,70,8,0.11428571428571428
Isaac Jones,isaac jones,7,0,0.0
Isaac Okoro,isaac okoro,63,0,0.0
Isaiah Collier,isaiah collier,59,10,0.1694915254237288
Isaiah Crawford,isaiah crawford,14,0,0.0
Isaiah Hartenstein,isaiah hartenstein,47,11,0.23404255319148937
Isaiah Jackson,isaiah jackson,55,7,0.12727272727272726
Isaiah Joe,isaiah joe,71,0,0.0
Isaiah Livers,isaiah livers,36,0,0.0
Isaiah Stevens,isaiah stevens,3,0,0.0
Isaiah Stewart,isaiah stewart,58,2,0.034482758620689655
Ivica Zubac,ivica zubac,48,24,0.5
JD Davison,jd davison,28,0,0.0
Ja Morant,ja morant,20,8,0.4
Ja'Kobe Walter,ja'kobe walter,72,0,0.0
Jabari Smith Jr.,jabari smith jr.,77,14,0.18181818181818182
Jabari Walker,jabari walker,64,2,0.03125
Jacob Toppin,jacob toppin,5,0,0.0
Jaden Hardy,jaden hardy,57,0,0.0
Jaden Ivey,jaden ivey,37,0,0.0
Jaden McDaniels,jaden mcdaniels,73,0,0.0
Jae'Sean Tate,jae'sean tate,46,0,0.0
Jahmai Mashack,jahmai mashack,31,2,0.06451612903225806
Jahmir Young,jahmir young,14,0,0.0
Jahmyl Telfort,jahmyl telfort,8,0,0.0
Jaime Jaquez Jr.,jaime jaquez jr.,75,6,0.08
Jake LaRavia,jake laravia,82,1,0.012195121951219513
Jakob Poeltl,jakob poeltl,46,7,0.15217391304347827
Jalen Brunson,jalen brunson,74,12,0.16216216216216217
Jalen Duren,jalen duren,70,41,0.5857142857142857
Jalen Green,jalen green,32,0,0.0
Jalen Johnson,jalen johnson,72,49,0.6805555555555556
Jalen Pickett,jalen pickett,50,0,0.0
Jalen Slawson,jalen slawson,13,0,0.0
Jalen Smith,jalen smith,53,9,0.16981132075471697
Jalen Suggs,jalen suggs,57,4,0.07017543859649122
Jalen Williams,jalen williams,33,1,0.030303030303030304
Jalen Wilson,jalen wilson,54,0,0.0
Jamal Cain,jamal cain,40,0,0.0
Jamal Murray,jamal murray,75,18,0.24
Jamal Shead,jamal shead,82,2,0.024390243902439025
Jamaree Bouyea,jamaree bouyea,46,0,0.0
James Harden,james harden,70,20,0.2857142857142857
James Wiseman,james wiseman,4,0,0.0
Jamir Watkins,jamir watkins,50,0,0.0
Jamison Battle,jamison battle,61,0,0.0
Jarace Walker,jarace walker,76,3,0.039473684210526314
Jared McCain,jared mccain,67,0,0.0
Jaren Jackson Jr.,jaren jackson jr.,48,3,0.0625
Jarred Vanderbilt,jarred vanderbilt,65,1,0.015384615384615385
Jarrett Allen,jarrett allen,56,20,0.35714285714285715
Jase Richardson,jase richardson,54,0,0.0
Javon Small,javon small,41,0,0.0
Javonte Cooke,javonte cooke,19,0,0.0
Javonte Green,javonte green,82,1,0.012195121951219513
Jaxson Hayes,jaxson hayes,66,1,0.015151515151515152
Jay Huff,jay huff,82,1,0.012195121951219513
Jaylen Brown,jaylen brown,71,14,0.19718309859154928
Jaylen Clark,jaylen clark,68,0,0.0
Jaylen Wells,jaylen wells,69,0,0.0
Jaylin Williams,jaylin williams,65,6,0.09230769230769231
Jaylon Tyson,jaylon tyson,66,7,0.10606060606060606
Jayson Kent,jayson kent,5,0,0.0
Jayson Tatum,jayson tatum,16,10,0.625
Jeff Green,jeff green,30,0,0.0
Jerami Grant,jerami grant,57,0,0.0
Jeremiah Fears,jeremiah fears,82,3,0.036585365853658534
Jeremiah Robinson-Earl,jeremiah robinson-earl,22,0,0.0
Jeremy Sochan,jeremy sochan,44,0,0.0
Jericho Sims,jericho sims,67,6,0.08955223880597014
Jett Howard,jett howard,55,0,0.0
Jevon Carter,jevon carter,53,0,0.0
Jimmy Butler III,jimmy butler iii,38,3,0.07894736842105263
Joan Beringer,joan beringer,40,1,0.025
Jock Landale,jock landale,68,9,0.1323529411764706
Joe Ingles,joe ingles,27,1,0.037037037037037035
Joel Embiid,joel embiid,38,10,0.2631578947368421
John Collins,john collins,69,3,0.043478260869565216
John Konchar,john konchar,56,3,0.05357142857142857
John Poulakidas,john poulakidas,13,0,0.0
John Tonje,john tonje,6,0,0.0
Johni Broome,johni broome,11,0,0.0
Johnny Furphy,johnny furphy,35,1,0.02857142857142857
Johnny Juzang,johnny juzang,21,0,0.0
Jonas Valanciunas,jonas valanciunas,65,5,0.07692307692307693
Jonathan Isaac,jonathan isaac,52,0,0.0
Jonathan Kuminga,jonathan kuminga,36,1,0.027777777777777776
Jonathan Mogbo,jonathan mogbo,40,0,0.0
Jordan Clarkson,jordan clarkson,72,0,0.0
Jordan Goodwin,jordan goodwin,70,2,0.02857142857142857
Jordan Hawkins,jordan hawkins,51,0,0.0
Jordan McLaughlin,jordan mclaughlin,44,0,0.0
Jordan Miller,jordan miller,60,1,0.016666666666666666
Jordan Poole,jordan poole,39,0,0.0
Jordan Walsh,jordan walsh,68,2,0.029411764705882353
Jose Alvarado,jose alvarado,69,1,0.014492753623188406
Josh Giddey,josh giddey,54,28,0.5185185185185185
Josh Green,josh green,58,0,0.0
Josh Hart,josh hart,66,13,0.19696969696969696
Josh Minott,josh minott,49,1,0.02040816326530612
Josh Oduro,josh oduro,3,1,0.3333333333333333
Josh Okogie,josh okogie,78,1,0.01282051282051282
Jrue Holiday,jrue holiday,53,9,0.16981132075471697
Julian Champagnie,julian champagnie,82,7,0.08536585365853659
Julian Phillips,julian phillips,48,0,0.0
Julian Reese,julian reese,13,5,0.38461538461538464
Julian Strawther,julian strawther,57,0,0.0
Julius Randle,julius randle,79,15,0.189873417721519
Justin Champagnie,justin champagnie,69,4,0.057971014492753624
Justin Edwards,justin edwards,64,0,0.0
Jusuf Nurkić,jusuf nurkic,41,16,0.3902439024390244
KJ Simpson,kj simpson,20,0,0.0
Kadary Richmond,kadary richmond,3,0,0.0
Kam Jones,kam jones,37,1,0.02702702702702703
Karl-Anthony Towns,karl-anthony towns,75,56,0.7466666666666667
Karlo Matković,karlo matkovic,62,1,0.016129032258064516
Kasparas Jakučionis,kasparas jakucionis,53,0,0.0
Kawhi Leonard,kawhi leonard,65,5,0.07692307692307693
Keaton Wallace,keaton wallace,53,0,0.0
Keegan Murray,keegan murray,23,2,0.08695652173913043
Kel'el Ware,kel'el ware,77,24,0.3116883116883117
Keldon Johnson,keldon johnson,82,5,0.06097560975609756
Kelly Olynyk,kelly olynyk,42,0,0.0
Kelly Oubre Jr.,kelly oubre jr.,50,5,0.1
Kennedy Chandler,kennedy chandler,11,1,0.09090909090909091
Kenrich Williams,kenrich williams,56,1,0.017857142857142856
Kentavious Caldwell-Pope,kentavious caldwell-pope,51,0,0.0
Keon Ellis,keon ellis,72,0,0.0
Keshad Johnson,keshad johnson,32,1,0.03125
Keshon Gilbert,keshon gilbert,4,0,0.0
Kevin Durant,kevin durant,78,7,0.08974358974358974
Kevin Huerter,kevin huerter,69,1,0.014492753623188406
Kevin Love,kevin love,37,2,0.05405405405405406
Kevin McCullar Jr.,kevin mccullar jr.,21,0,0.0
Kevin Porter Jr.,kevin porter jr.,38,10,0.2631578947368421
Kevon Looney,kevon looney,21,0,0.0
Keyonte George,keyonte george,54,4,0.07407407407407407
Khaman Maluach,khaman maluach,46,1,0.021739130434782608
Khris Middleton,khris middleton,63,2,0.031746031746031744
Killian Hayes,killian hayes,23,0,0.0
Klay Thompson,klay thompson,69,0,0.0
Kobe Brown,kobe brown,61,0,0.0
Kobe Bufkin,kobe bufkin,16,0,0.0
Kobe Sanders,kobe sanders,68,0,0.0
Koby Brea,koby brea,12,0,0.0
Kon Knueppel,kon knueppel,81,7,0.08641975308641975
Kris Dunn,kris dunn,82,0,0.0
Kris Murray,kris murray,57,0,0.0
Kristaps Porziņģis,kristaps porzingis,32,1,0.03125
Kyle Anderson,kyle anderson,43,0,0.0
Kyle Filipowski,kyle filipowski,77,13,0.16883116883116883
Kyle Kuzma,kyle kuzma,69,4,0.057971014492753624
Kyle Lowry,kyle lowry,14,0,0.0
Kyshawn George,kyshawn george,48,3,0.0625
LJ Cryer,lj cryer,18,0,0.0
LaMelo Ball,lamelo ball,72,10,0.1388888888888889
Lachlan Olbrich,lachlan olbrich,37,1,0.02702702702702703
Landry Shamet,landry shamet,51,0,0.0
Larry Nance Jr.,larry nance jr.,35,0,0.0
Lauri Markkanen,lauri markkanen,42,5,0.11904761904761904
Lawson Lovering,lawson lovering,2,1,0.5
LeBron James,lebron james,60,17,0.2833333333333333
Leaky Black,leaky black,15,0,0.0
Leonard Miller,leonard miller,46,3,0.06521739130434782
Liam McNeeley,liam mcneeley,31,0,0.0
Lindy Waters III,lindy waters iii,40,0,0.0
Lonzo Ball,lonzo ball,35,0,0.0
Lucas Williamson,lucas williamson,7,1,0.14285714285714285
Luguentz Dort,luguentz dort,69,0,0.0
Luka Dončić,luka doncic,64,34,0.53125
Luka Garza,luka garza,69,2,0.028985507246376812
Luke Kennard,luke kennard,78,1,0.01282051282051282
Luke Kornet,luke kornet,68,3,0.04411764705882353
Luke Travers,luke travers,12,0,0.0
Mac McClung,mac mcclung,11,0,0.0
Malachi Smith,malachi smith,15,1,0.06666666666666667
Malaki Branham,malaki branham,28,0,0.0
Malevy Leons,malevy leons,25,0,0.0
Malik Monk,malik monk,62,0,0.0
MarJon Beauchamp,marjon beauchamp,14,0,0.0
Marcus Sasser,marcus sasser,38,0,0.0
Marcus Smart,marcus smart,62,0,0.0
Mark Sears,mark sears,7,0,0.0
Mark Williams,mark williams,60,14,0.23333333333333334
Markelle Fultz,markelle fultz,5,0,0.0
Marvin Bagley III,marvin bagley iii,60,6,0.1
Mason Plumlee,mason plumlee,20,0,0.0
Matas Buzelis,matas buzelis,77,4,0.05194805194805195
Matisse Thybulle,matisse thybulle,30,0,0.0
Max Christie,max christie,77,0,0.0
Max Shulga,max shulga,11,0,0.0
Max Strus,max strus,12,0,0.0
Maxi Kleber,maxi kleber,43,0,0.0
Maxime Raynaud,maxime raynaud,74,18,0.24324324324324326
Micah Peavy,micah peavy,61,0,0.0
Micah Potter,micah potter,47,7,0.14893617021276595
Michael Porter Jr.,michael porter jr.,52,12,0.23076923076923078
Mikal Bridges,mikal bridges,82,1,0.012195121951219513
Mike Conley,mike conley,54,0,0.0
Miles Bridges,miles bridges,77,8,0.1038961038961039
Miles Kelly,miles kelly,14,0,0.0
Miles McBride,miles mcbride,41,0,0.0
Mitchell Robinson,mitchell robinson,60,6,0.1
Mo Bamba,mo bamba,4,0,0.0
Mohamed Diawara,mohamed diawara,69,0,0.0
Monte Morris,monte morris,6,0,0.0
Moritz Wagner,moritz wagner,36,0,0.0
Moses Moody,moses moody,60,0,0.0
Mouhamadou Gueye,mouhamadou gueye,2,0,0.0
Mouhamed Gueye,mouhamed gueye,77,3,0.03896103896103896
Moussa Cisse,moussa cisse,38,2,0.05263157894736842
Moussa Diabaté,moussa diabate,73,20,0.273972602739726
Myles Turner,myles turner,71,4,0.056338028169014086
Myron Gardner,myron gardner,45,1,0.022222222222222223
N'Faly Dante,n'faly dante,4,0,0.0
Nae'Qwan Tomlin,nae'qwan tomlin,64,0,0.0
Naji Marshall,naji marshall,74,2,0.02702702702702703
Nate Williams,nate williams,14,0,0.0
Naz Reid,naz reid,77,6,0.07792207792207792
Neemias Queta,neemias queta,76,17,0.2236842105263158
Nic Claxton,nic claxton,69,11,0.15942028985507245
Nick Richards,nick richards,48,4,0.08333333333333333
Nick Smith Jr.,nick smith jr.,30,0,0.0
Nickeil Alexander-Walker,nickeil alexander-walker,78,2,0.02564102564102564
Nicolas Batum,nicolas batum,74,0,0.0
Nigel Hayes-Davis,nigel hayes-davis,27,0,0.0
Nikola Jokić,nikola jokic,65,55,0.8461538461538461
Nikola Jović,nikola jovic,47,0,0.0
Nikola Topić,nikola topic,10,2,0.2
Nikola Vučević,nikola vucevic,64,23,0.359375
Nique Clifford,nique clifford,75,0,0.0
Noa Essengue,noa essengue,2,0,0.0
Noah Clowney,noah clowney,66,1,0.015151515151515152
Noah Penda,noah penda,59,2,0.03389830508474576
Nolan Traore,nolan traore,56,1,0.017857142857142856
Norchad Omier,norchad omier,6,0,0.0
Norman Powell,norman powell,58,1,0.017241379310344827
OG Anunoby,og anunoby,67,5,0.07462686567164178
Obi Toppin,obi toppin,24,0,0.0
Ochai Agbaji,ochai agbaji,62,0,0.0
Olivier Sarr,olivier sarr,4,0,0.0
Olivier-Maxence Prosper,olivier-maxence prosper,53,1,0.018867924528301886
Omer Yurtseven,omer yurtseven,9,0,0.0
Onyeka Okongwu,onyeka okongwu,74,16,0.21621621621621623
Orlando Robinson,orlando robinson,4,0,0.0
Oscar Tshiebwe,oscar tshiebwe,27,3,0.1111111111111111
Oso Ighodaro,oso ighodaro,82,4,0.04878048780487805
Ousmane Dieng,ousmane dieng,57,5,0.08771929824561403
P.J. Washington,p.j. washington,56,8,0.14285714285714285
PJ Hall,pj hall,19,1,0.05263157894736842
Pacôme Dadiet,pacome dadiet,29,0,0.0
Paolo Banchero,paolo banchero,72,26,0.3611111111111111
Pascal Siakam,pascal siakam,62,10,0.16129032258064516
Pat Connaughton,pat connaughton,42,0,0.0
Pat Spencer,pat spencer,66,1,0.015151515151515152
Patrick Baldwin Jr.,patrick baldwin jr.,9,0,0.0
Patrick Williams,patrick williams,72,0,0.0
Paul George,paul george,37,2,0.05405405405405406
Paul Reed,paul reed,65,3,0.046153846153846156
Payton Pritchard,payton pritchard,79,5,0.06329113924050633
Payton Sandfort,payton sandfort,4,0,0.0
Pelle Larsson,pelle larsson,70,1,0.014285714285714285
Pete Nance,pete nance,47,1,0.02127659574468085
Peyton Watson,peyton watson,54,2,0.037037037037037035
Precious Achiuwa,precious achiuwa,73,12,0.1643835616438356
Quentin Grimes,quentin grimes,75,2,0.02666666666666667
Quenton Jackson,quenton jackson,49,1,0.02040816326530612
Quinten Post,quinten post,67,0,0.0
RJ Barrett,rj barrett,57,0,0.0
Rasheer Fleming,rasheer fleming,55,0,0.0
RayJ Dennis,rayj dennis,17,0,0.0
Rayan Rupert,rayan rupert,64,3,0.046875
Reed Sheppard,reed sheppard,82,2,0.024390243902439025
Riley Minix,riley minix,9,0,0.0
Rob Dillingham,rob dillingham,65,0,0.0
Robert Williams III,robert williams iii,59,5,0.0847457627118644
Rocco Zikarsky,rocco zikarsky,5,0,0.0
Ron Harper Jr.,ron harper jr.,29,0,0.0
Ronald Holland II,ronald holland ii,78,2,0.02564102564102564
Royce O'Neale,royce o'neale,78,2,0.02564102564102564
Rudy Gobert,rudy gobert,76,33,0.4342105263157895
Rui Hachimura,rui hachimura,68,1,0.014705882352941176
Russell Westbrook,russell westbrook,64,16,0.25
Ryan Dunn,ryan dunn,70,2,0.02857142857142857
Ryan Kalkbrenner,ryan kalkbrenner,69,3,0.043478260869565216
Ryan Nembhard,ryan nembhard,60,4,0.06666666666666667
Ryan Rollins,ryan rollins,74,6,0.08108108108108109
Saddiq Bey,saddiq bey,72,7,0.09722222222222222
Sam Hauser,sam hauser,78,0,0.0
Sam Merrill,sam merrill,52,1,0.019230769230769232
Sandro Mamukelashvili,sandro mamukelashvili,80,3,0.0375
Santi Aldama,santi aldama,43,5,0.11627906976744186
Scoot Henderson,scoot henderson,30,0,0.0
Scottie Barnes,scottie barnes,80,30,0.375
Scotty Pippen Jr.,scotty pippen jr.,10,0,0.0
Sean Pedulla,sean pedulla,7,0,0.0
Seth Curry,seth curry,10,0,0.0
Shaedon Sharpe,shaedon sharpe,50,0,0.0
Shai Gilgeous-Alexander,shai gilgeous-alexander,68,8,0.11764705882352941
Sharife Cooper,sharife cooper,41,0,0.0
Sidy Cissoko,sidy cissoko,75,0,0.0
Simone Fontecchio,simone fontecchio,70,0,0.0
Sion James,sion james,82,0,0.0
Skal Labissiere,skal labissiere,3,0,0.0
Spencer Jones,spencer jones,64,1,0.015625
Stanley Umude,stanley umude,2,0,0.0
Stephen Curry,stephen curry,43,3,0.06976744186046512
Stephon Castle,stephon castle,68,18,0.2647058823529412
Steven Adams,steven adams,32,3,0.09375
Svi Mykhailiuk,svi mykhailiuk,50,0,0.0
T.J. McConnell,t.j. mcconnell,56,1,0.017857142857142856
Taelon Peter,taelon peter,38,0,0.0
Taj Gibson,taj gibson,10,0,0.0
Tari Eason,tari eason,60,6,0.1
Taurean Prince,taurean prince,26,2,0.07692307692307693
Taylor Hendricks,taylor hendricks,59,2,0.03389830508474576
Terance Mann,terance mann,63,0,0.0
Terrence Shannon Jr,terrence shannon jr,43,0,0.0
Thanasis Antetokounmpo,thanasis antetokounmpo,34,0,0.0
Thomas Bryant,thomas bryant,60,1,0.016666666666666666
Tidjane Salaün,tidjane salaun,37,1,0.02702702702702703
Tim Hardaway Jr.,tim hardaway jr.,80,0,0.0
Tobias Harris,tobias harris,63,3,0.047619047619047616
Toby Okani,toby okani,6,0,0.0
Tolu Smith,tolu smith,15,0,0.0
Tony Bradley,tony bradley,41,0,0.0
Tosan Evbuomwan,tosan evbuomwan,5,0,0.0
Toumani Camara,toumani camara,82,3,0.036585365853658534
Trae Young,trae young,15,3,0.2
Trayce Jackson-Davis,trayce jackson-davis,53,1,0.018867924528301886
Tre Johnson,tre johnson,60,0,0.0
Tre Jones,tre jones,65,5,0.07692307692307693
Tre Mann,tre mann,53,0,0.0
Trendon Watford,trendon watford,53,1,0.018867924528301886
Trentyn Flowers,trentyn flowers,2,0,0.0
Trevon Scott,trevon scott,6,0,0.0
Trevor Keels,trevor keels,8,0,0.0
Trey Alexander,trey alexander,9,0,0.0
Trey Jemison III,trey jemison iii,13,0,0.0
Trey Murphy III,trey murphy iii,66,4,0.06060606060606061
Tristan Enaruna,tristan enaruna,9,0,0.0
Tristan Vukcevic,tristan vukcevic,49,1,0.02040816326530612
Tristan da Silva,tristan da silva,77,0,0.0
Tristen Newton,tristen newton,1,0,0.0
Ty Jerome,ty jerome,15,0,0.0
TyTy Washington Jr.,tyty washington jr.,16,0,0.0
Tyler Burton,tyler burton,12,0,0.0
Tyler Herro,tyler herro,33,0,0.0
Tyler Kolek,tyler kolek,62,2,0.03225806451612903
Tyler Smith,tyler smith,12,0,0.0
Tyrese Martin,tyrese martin,46,0,0.0
Tyrese Maxey,tyrese maxey,70,7,0.1
Tyrese Proctor,tyrese proctor,50,1,0.02
Tyson Etienne,tyson etienne,24,0,0.0
Tyus Jones,tyus jones,67,0,0.0
VJ Edgecombe,vj edgecombe,75,7,0.09333333333333334
Victor Wembanyama,victor wembanyama,64,42,0.65625
Vince Williams Jr.,vince williams jr.,40,1,0.025
Vladislav Goldin,vladislav goldin,9,0,0.0
Vít Krejčí,vit krejci,65,0,0.0
Walker Kessler,walker kessler,5,2,0.4
Walter Clayton Jr.,walter clayton jr.,69,1,0.014492753623188406
Wendell Carter Jr.,wendell carter jr.,78,12,0.15384615384615385
Wendell Moore Jr.,wendell moore jr.,6,0,0.0
Will Richard,will richard,69,0,0.0
Will Riley,will riley,74,2,0.02702702702702703
Xavier Tillman,xavier tillman,30,0,0.0
Yang Hansen,yang hansen,43,0,0.0
Yanic Konan Niederhäuser,yanic konan niederhauser,41,0,0.0
Yuki Kawamura,yuki kawamura,18,0,0.0
Yves Missi,yves missi,66,5,0.07575757575757576
Zaccharie Risacher,zaccharie risacher,67,0,0.0
Zach Collins,zach collins,10,1,0.1
Zach Edey,zach edey,11,5,0.45454545454545453
Zach LaVine,zach lavine,39,0,0.0
Zeke Nnaji,zeke nnaji,52,2,0.038461538461538464
Ziaire Williams,ziaire williams,56,0,0.0
Zion Williamson,zion williamson,62,6,0.0967741935483871
Zyon Pullin,zyon pullin,5,0,0.0
