player_name,name_key,gp_2021,gp_2022,gp_2023,gp_2024,gp_2025,predicted_games
A.J. Lawson,a.j. lawson,,15.0,42.0,26.0,24.0,27
Aaron Gordon,aaron gordon,75.0,68.0,73.0,51.0,36.0,52
Aaron Henry,aaron henry,6.0,,,,,6
Aaron Holiday,aaron holiday,63.0,63.0,78.0,62.0,57.0,63
Aaron Nesmith,aaron nesmith,52.0,73.0,72.0,45.0,45.0,53
Aaron Wiggins,aaron wiggins,50.0,70.0,78.0,76.0,65.0,70
Abdel Nader,abdel nader,14.0,,,,,14
Ace Bailey,ace bailey,,,,,72.0,72
Adam Flagler,adam flagler,,,2.0,37.0,,23
Adama Bal,adama bal,,,,,8.0,8
Adama Sanogo,adama sanogo,,,9.0,4.0,,6
Ade Murkey,ade murkey,1.0,,,,,1
Adem Bona,adem bona,,,,58.0,71.0,65
Admiral Schofield,admiral schofield,38.0,37.0,23.0,,,29
Adou Thiero,adou thiero,,,,,25.0,25
Ahmad Caver,ahmad caver,1.0,,,,,1
AJ Green,aj green,,35.0,56.0,73.0,78.0,68
AJ Griffin,aj griffin,,72.0,20.0,,,37
AJ Johnson,aj johnson,,,,29.0,48.0,40
Ajay Mitchell,ajay mitchell,,,,36.0,57.0,48
Al Horford,al horford,69.0,63.0,65.0,60.0,45.0,56
Alec Burks,alec burks,81.0,51.0,66.0,49.0,,57
Aleem Ford,aleem ford,5.0,,,,,5
Aleksej Pokusevski,aleksej pokusevski,61.0,34.0,28.0,,,35
Alex Antetokounmpo,alex antetokounmpo,,,,,6.0,6
Alex Caruso,alex caruso,41.0,67.0,71.0,54.0,56.0,58
Alex Ducas,alex ducas,,,,21.0,,21
Alex Fudge,alex fudge,,,6.0,,,6
Alex Len,alex len,39.0,26.0,48.0,46.0,,43
Alex Morales,alex morales,,,,,4.0,4
Alex Reese,alex reese,,,,15.0,,15
Alex Sarr,alex sarr,,,,67.0,48.0,56
Alfonzo McKinnie,alfonzo mckinnie,17.0,,,,,17
Alijah Martin,alijah martin,,,,,23.0,23
Alize Johnson,alize johnson,23.0,4.0,,,,11
Alondes Williams,alondes williams,,1.0,7.0,1.0,4.0,3
Alperen Sengun,alperen sengun,72.0,75.0,63.0,76.0,72.0,72
Amari Bailey,amari bailey,,,10.0,,,10
Amari Williams,amari williams,,,,,22.0,22
Amen Thompson,amen thompson,,,62.0,69.0,79.0,72
Amir Coffey,amir coffey,69.0,50.0,70.0,72.0,46.0,60
Andersson Garcia,andersson garcia,,,,,5.0,5
Andre Drummond,andre drummond,73.0,67.0,79.0,40.0,63.0,60
Andre Iguodala,andre iguodala,31.0,8.0,,,,17
Andre Jackson Jr.,andre jackson jr.,,,57.0,67.0,48.0,56
Andrew Funk,andrew funk,,,5.0,,,5
Andrew Nembhard,andrew nembhard,,75.0,68.0,65.0,57.0,63
Andrew Wiggins,andrew wiggins,73.0,37.0,71.0,60.0,68.0,64
Anfernee Simons,anfernee simons,57.0,62.0,46.0,70.0,55.0,58
Anthony Black,anthony black,,,69.0,78.0,64.0,70
Anthony Davis,anthony davis,40.0,56.0,76.0,51.0,20.0,44
Anthony Edwards,anthony edwards,72.0,79.0,79.0,79.0,61.0,72
Anthony Gill,anthony gill,44.0,59.0,50.0,51.0,55.0,53
Anthony Lamb,anthony lamb,2.0,62.0,,,,40
Anton Watson,anton watson,,,,9.0,,9
Antonio Reeves,antonio reeves,,,,44.0,10.0,25
Ariel Hukporti,ariel hukporti,,,,25.0,54.0,42
Armel Traore,armel traore,,,,9.0,,9
Armoni Brooks,armoni brooks,54.0,,10.0,,,20
Arnoldas Kulboka,arnoldas kulboka,2.0,,,,,2
Asa Newell,asa newell,,,,,44.0,44
Ashton Hagans,ashton hagans,,,19.0,,,19
Ausar Thompson,ausar thompson,,,63.0,59.0,73.0,66
Austin Reaves,austin reaves,61.0,64.0,82.0,73.0,51.0,65
Austin Rivers,austin rivers,67.0,52.0,,,,58
Avery Bradley,avery bradley,62.0,,,,,62
Ayo Dosunmu,ayo dosunmu,77.0,80.0,76.0,46.0,69.0,65
Bam Adebayo,bam adebayo,56.0,75.0,71.0,78.0,73.0,73
Baylor Scheierman,baylor scheierman,,,,31.0,77.0,57
Ben McLemore,ben mclemore,64.0,,,,,64
Ben Saraf,ben saraf,,,,,44.0,44
Ben Sheppard,ben sheppard,,,57.0,63.0,65.0,63
Ben Simmons,ben simmons,,42.0,15.0,51.0,,38
Bennedict Mathurin,bennedict mathurin,,78.0,59.0,72.0,54.0,63
Bez Mbeng,bez mbeng,,,,,15.0,15
Bilal Coulibaly,bilal coulibaly,,,63.0,59.0,56.0,59
Bismack Biyombo,bismack biyombo,36.0,61.0,40.0,28.0,25.0,33
BJ Johnson,bj johnson,4.0,,,,,4
Blake Griffin,blake griffin,56.0,41.0,,,,47
Blake Hinson,blake hinson,,,,,14.0,14
Blake Wesley,blake wesley,,37.0,61.0,58.0,31.0,46
Boban Marjanovic,boban marjanovic,23.0,31.0,14.0,,,20
Bobby Portis Jr.,bobby portis jr.,72.0,70.0,82.0,49.0,67.0,65
Bobi Klintman,bobi klintman,,,,8.0,12.0,10
Bogdan Bogdanović,bogdan bogdanovic,63.0,54.0,79.0,54.0,23.0,48
Bojan Bogdanovic,bojan bogdanovic,69.0,59.0,57.0,,,60
Bol Bol,bol bol,14.0,70.0,43.0,36.0,,41
Bones Hyland,bones hyland,69.0,56.0,37.0,24.0,71.0,50
Brad Wanamaker,brad wanamaker,23.0,,,,,23
Bradley Beal,bradley beal,40.0,50.0,53.0,53.0,6.0,34
Branden Carlson,branden carlson,,,,32.0,42.0,38
Brandin Podziemski,brandin podziemski,,,74.0,64.0,82.0,74
Brandon Boston Jr.,brandon boston jr.,51.0,22.0,32.0,42.0,,37
Brandon Clarke,brandon clarke,64.0,56.0,6.0,64.0,2.0,29
Brandon Goodwin,brandon goodwin,36.0,,,,,36
Brandon Ingram,brandon ingram,55.0,45.0,64.0,18.0,77.0,54
Brandon Knight,brandon knight,5.0,,,,,5
Brandon Miller,brandon miller,,,74.0,27.0,65.0,54
Brandon Williams,brandon williams,24.0,,17.0,33.0,66.0,43
Braxton Key,braxton key,11.0,3.0,20.0,3.0,,9
Brice Sensabaugh,brice sensabaugh,,,32.0,71.0,75.0,64
Brodric Thomas,brodric thomas,12.0,,,,,12
Bronny James,bronny james,,,,27.0,42.0,36
Brook Lopez,brook lopez,13.0,78.0,79.0,80.0,75.0,74
Brooks Barnhizer,brooks barnhizer,,,,,40.0,40
Bruce Brown,bruce brown,72.0,80.0,67.0,41.0,82.0,67
Bruno Fernando,bruno fernando,30.0,39.0,45.0,17.0,,30
Bryce McGowens,bryce mcgowens,,46.0,59.0,13.0,42.0,37
Bryn Forbes,bryn forbes,75.0,25.0,,,,44
Bub Carrington,bub carrington,,,,82.0,82.0,82
Buddy Boeheim,buddy boeheim,,10.0,10.0,,4.0,7
Buddy Hield,buddy hield,81.0,80.0,84.0,82.0,51.0,70
Cade Cunningham,cade cunningham,64.0,12.0,62.0,70.0,64.0,60
Caleb Houstan,caleb houstan,,51.0,59.0,58.0,18.0,42
Caleb Love,caleb love,,,,,49.0,49
Caleb Martin,caleb martin,60.0,71.0,64.0,45.0,58.0,57
Cam Christie,cam christie,,,,13.0,55.0,37
Cam Reddish,cam reddish,49.0,40.0,48.0,33.0,,40
Cam Spencer,cam spencer,,,,25.0,72.0,52
Cam Thomas,cam thomas,67.0,57.0,66.0,25.0,42.0,45
Cam Whitmore,cam whitmore,,,47.0,51.0,21.0,37
Cameron Johnson,cameron johnson,66.0,42.0,58.0,57.0,54.0,55
Cameron McGriff,cameron mcgriff,3.0,,,,,3
Cameron Oliver,cameron oliver,2.0,,,,,2
Cameron Payne,cameron payne,58.0,48.0,78.0,72.0,22.0,51
Caris LeVert,caris levert,58.0,74.0,68.0,64.0,60.0,64
Carlik Jones,carlik jones,5.0,7.0,,,,6
Carmelo Anthony,carmelo anthony,69.0,,,,,69
Carsen Edwards,carsen edwards,4.0,,,,,4
Carter Bryant,carter bryant,,,,,71.0,71
Cason Wallace,cason wallace,,,82.0,68.0,77.0,75
Cassius Stanley,cassius stanley,9.0,,,,,9
Cassius Winston,cassius winston,7.0,,,,,7
Cat Barber,cat barber,3.0,,,,,3
Cedi Osman,cedi osman,66.0,77.0,72.0,,,72
Cedric Coward,cedric coward,,,,,62.0,62
Chance Comanche,chance comanche,,1.0,,,,1
Chandler Hutchison,chandler hutchison,6.0,,,,,6
Chaney Johnson,chaney johnson,,,,,17.0,17
Charles Bassey,charles bassey,23.0,35.0,19.0,36.0,13.0,23
Charlie Brown Jr.,charlie brown jr.,22.0,,8.0,,,11
Chaundee Brown Jr.,chaundee brown jr.,5.0,,,,,5
Chaz Lanier,chaz lanier,,,,,34.0,34
Cheick Diallo,cheick diallo,3.0,,,,,3
Chet Holmgren,chet holmgren,,,82.0,32.0,69.0,60
Chima Moneke,chima moneke,,2.0,,,,2
Chimezie Metu,chimezie metu,60.0,66.0,51.0,,,57
Chris Boucher,chris boucher,80.0,76.0,50.0,50.0,9.0,39
Chris Chiozza,chris chiozza,34.0,,,,,34
Chris Duarte,chris duarte,55.0,46.0,59.0,17.0,,38
Chris Livingston,chris livingston,,,21.0,21.0,3.0,13
Chris Mañon,chris manon,,,,,9.0,9
Chris Paul,chris paul,65.0,59.0,58.0,82.0,16.0,49
Chris Silva,chris silva,10.0,1.0,,,,4
Chris Youngblood,chris youngblood,,,,,34.0,34
Christian Braun,christian braun,,76.0,82.0,79.0,44.0,65
Christian Koloko,christian koloko,,58.0,,37.0,27.0,35
Christian Wood,christian wood,68.0,67.0,50.0,,,58
Chucky Hepburn,chucky hepburn,,,,,2.0,2
Chuma Okeke,chuma okeke,70.0,27.0,47.0,9.0,,29
CJ Elleby,cj elleby,58.0,,,,,58
CJ Huntley,cj huntley,,,,,4.0,4
CJ McCollum,cj mccollum,62.0,75.0,66.0,56.0,76.0,68
CJ Miles,cj miles,1.0,,,,,1
Clint Capela,clint capela,74.0,65.0,73.0,55.0,75.0,68
Coby White,coby white,61.0,74.0,79.0,74.0,50.0,65
Cody Martin,cody martin,71.0,7.0,28.0,53.0,4.0,26
Cody Williams,cody williams,,,,50.0,67.0,60
Cody Zeller,cody zeller,27.0,15.0,43.0,,,33
Colby Jones,colby jones,,,30.0,39.0,1.0,20
Cole Anthony,cole anthony,65.0,60.0,81.0,67.0,35.0,57
Cole Swider,cole swider,,7.0,18.0,10.0,,12
Colin Castleton,colin castleton,,,16.0,26.0,4.0,14
Collin Gillespie,collin gillespie,,,24.0,33.0,80.0,52
Collin Murray-Boyles,collin murray-boyles,,,,,57.0,57
Collin Sexton,collin sexton,11.0,48.0,78.0,63.0,68.0,63
Cooper Flagg,cooper flagg,,,,,70.0,70
Corey Kispert,corey kispert,77.0,74.0,80.0,61.0,58.0,66
Cormac Ryan,cormac ryan,,,,,11.0,11
Cory Joseph,cory joseph,65.0,62.0,26.0,50.0,,46
Craig Porter Jr.,craig porter jr.,,,51.0,51.0,64.0,57
Craig Sword,craig sword,3.0,,,,,3
Cui Cui,cui cui,,,,5.0,,5
Curtis Jones,curtis jones,,,,,10.0,10
D'Angelo Russell,d'angelo russell,65.0,71.0,76.0,58.0,26.0,51
D'Moi Hodge,d'moi hodge,,,7.0,,,7
D.J. Augustin,d.j. augustin,55.0,,,,,55
D.J. Carton,d.j. carton,,,4.0,4.0,,4
D.J. Wilson,d.j. wilson,4.0,,2.0,,,2
Daeqwon Plowden,daeqwon plowden,,,,6.0,32.0,21
Daishen Nix,daishen nix,24.0,57.0,15.0,3.0,,17
Dakota Mathias,dakota mathias,6.0,,,,,6
Dalano Banton,dalano banton,64.0,31.0,54.0,67.0,6.0,38
Dalen Terry,dalen terry,,38.0,59.0,73.0,48.0,57
Dalton Knecht,dalton knecht,,,,78.0,54.0,64
Damian Jones,damian jones,56.0,41.0,39.0,,,42
Damian Lillard,damian lillard,29.0,58.0,73.0,58.0,,60
Damion Baugh,damion baugh,,,,15.0,,15
Damion Lee,damion lee,63.0,74.0,,25.0,,41
Damyean Dotson,damyean dotson,2.0,,,,,2
Daniel Gafford,daniel gafford,72.0,78.0,74.0,57.0,55.0,62
Daniel Oturu,daniel oturu,3.0,,,,,3
Daniel Theis,daniel theis,47.0,7.0,60.0,38.0,,41
Danilo Gallinari,danilo gallinari,66.0,,49.0,,,53
Daniss Jenkins,daniss jenkins,,,,7.0,72.0,44
Danny Green,danny green,62.0,11.0,2.0,,,14
Danny Wolf,danny wolf,,,,,57.0,57
Dante Exum,dante exum,,,55.0,20.0,,34
Danuel House Jr.,danuel house jr.,42.0,56.0,34.0,,,41
DaQuan Jeffries,daquan jeffries,3.0,,17.0,47.0,3.0,20
Dario Saric,dario saric,,57.0,64.0,16.0,5.0,25
Dariq Whitehead,dariq whitehead,,,2.0,20.0,6.0,10
Darius Bazley,darius bazley,69.0,43.0,9.0,,,28
Darius Brown II,darius brown ii,,,,,1.0,1
Darius Days,darius days,,4.0,,,,4
Darius Garland,darius garland,68.0,69.0,57.0,75.0,45.0,59
DaRon Holmes II,daron holmes ii,,,,,25.0,25
Darren Collison,darren collison,3.0,,,,,3
David Duke Jr.,david duke jr.,22.0,23.0,4.0,6.0,,9
David Johnson,david johnson,2.0,,,,,2
David Jones Garcia,david jones garcia,,,,,11.0,11
David Nwaba,david nwaba,46.0,,,,,46
David Roddy,david roddy,,70.0,65.0,33.0,5.0,32
Davion Mitchell,davion mitchell,75.0,80.0,72.0,74.0,70.0,73
Davis Bertans,davis bertans,56.0,45.0,43.0,,,46
Davon Reed,davon reed,48.0,43.0,,,,45
Day'Ron Sharpe,day'ron sharpe,32.0,48.0,61.0,50.0,62.0,55
De'Aaron Fox,de'aaron fox,59.0,73.0,74.0,62.0,72.0,69
De'Andre Hunter,de'andre hunter,53.0,67.0,57.0,64.0,45.0,55
De'Anthony Melton,de'anthony melton,73.0,77.0,38.0,6.0,49.0,39
Dean Wade,dean wade,51.0,44.0,54.0,59.0,59.0,56
Deandre Ayton,deandre ayton,58.0,67.0,55.0,40.0,72.0,58
DeAndre Jordan,deandre jordan,48.0,39.0,36.0,56.0,12.0,34
DeAndre' Bembry,deandre' bembry,56.0,,,,,56
Deividas Sirvydis,deividas sirvydis,3.0,,,,,3
DeJon Jarreau,dejon jarreau,1.0,,9.0,,11.0,9
Dejounte Murray,dejounte murray,68.0,74.0,78.0,31.0,14.0,40
Delon Wright,delon wright,77.0,50.0,47.0,40.0,,47
DeMar DeRozan,demar derozan,76.0,74.0,79.0,77.0,77.0,77
DeMarcus Cousins,demarcus cousins,48.0,,,,,48
Deni Avdija,deni avdija,82.0,76.0,75.0,72.0,66.0,71
Dennis Schröder,dennis schroder,64.0,66.0,80.0,75.0,70.0,73
Dennis Smith Jr.,dennis smith jr.,37.0,54.0,56.0,,,52
Denzel Valentine,denzel valentine,24.0,,,,,24
Deonte Burton,deonte burton,,2.0,,,,2
Dereck Lively II,dereck lively ii,,,55.0,36.0,7.0,27
Dereon Seabron,dereon seabron,,5.0,6.0,,,6
Derik Queen,derik queen,,,,,81.0,81
Derrick Favors,derrick favors,39.0,,,,,39
Derrick Jones Jr.,derrick jones jr.,51.0,64.0,76.0,77.0,50.0,64
Derrick Rose,derrick rose,26.0,27.0,24.0,,,25
Derrick Walton Jr.,derrick walton jr.,3.0,,,,,3
Derrick White,derrick white,75.0,82.0,73.0,76.0,77.0,76
Desmond Bane,desmond bane,76.0,58.0,42.0,69.0,82.0,68
Devin Booker,devin booker,68.0,53.0,68.0,75.0,64.0,67
Devin Cannady,devin cannady,5.0,,,,,5
Devin Carter,devin carter,,,,36.0,38.0,37
Devin Vassell,devin vassell,71.0,38.0,68.0,64.0,67.0,64
Devon Dotson,devon dotson,11.0,6.0,,,,8
Devontae Cacok,devontae cacok,15.0,,,,,15
Devonte' Graham,devonte' graham,76.0,73.0,23.0,,,46
Dewayne Dedmon,dewayne dedmon,67.0,38.0,,,,49
Dexter Dennis,dexter dennis,,,4.0,,,4
Didi Louzada,didi louzada,9.0,,,,,9
Dillon Brooks,dillon brooks,32.0,73.0,72.0,75.0,56.0,65
Dillon Jones,dillon jones,,,,54.0,7.0,27
Dmytro Skapintsev,dmytro skapintsev,,,2.0,,,2
Domantas Sabonis,domantas sabonis,62.0,79.0,82.0,70.0,19.0,53
Dominick Barlow,dominick barlow,,28.0,33.0,35.0,71.0,48
Donovan Clingan,donovan clingan,,,,67.0,77.0,73
Donovan Mitchell,donovan mitchell,67.0,68.0,55.0,71.0,70.0,67
Donovan Williams,donovan williams,,2.0,,,,2
Donte DiVincenzo,donte divincenzo,42.0,72.0,81.0,62.0,82.0,73
Dorian Finney-Smith,dorian finney-smith,80.0,66.0,68.0,63.0,37.0,55
Doug McDermott,doug mcdermott,51.0,64.0,64.0,42.0,29.0,44
Drake Powell,drake powell,,,,,63.0,63
Draymond Green,draymond green,46.0,73.0,55.0,68.0,68.0,65
Drew Eubanks,drew eubanks,71.0,78.0,75.0,61.0,42.0,59
Drew Peterson,drew peterson,,,3.0,25.0,6.0,12
Drew Timme,drew timme,,,,9.0,27.0,19
Dru Smith,dru smith,,15.0,9.0,14.0,70.0,36
Duane Washington Jr.,duane washington jr.,48.0,31.0,,,,37
Duncan Robinson,duncan robinson,79.0,42.0,68.0,74.0,77.0,71
Duop Reath,duop reath,,,68.0,46.0,32.0,45
Dwight Howard,dwight howard,60.0,,,,,60
Dwight Powell,dwight powell,82.0,76.0,63.0,55.0,63.0,63
Dylan Cardwell,dylan cardwell,,,,,44.0,44
Dylan Harper,dylan harper,,,,,69.0,69
Dylan Windler,dylan windler,50.0,3.0,17.0,,,19
Dyson Daniels,dyson daniels,,59.0,61.0,76.0,76.0,71
E.J. Liddell,e.j. liddell,,,8.0,12.0,26.0,17
Ed Davis,ed davis,31.0,,,,,31
Edmond Sumner,edmond sumner,,53.0,,,,53
Egor Dëmin,egor demin,,,,,52.0,52
Elfrid Payton,elfrid payton,50.0,,,24.0,,28
Elijah Harkless,elijah harkless,,,,10.0,26.0,19
Elijah Hughes,elijah hughes,36.0,,,,,36
Emanuel Miller,emanuel miller,,,,6.0,5.0,5
Emanuel Terry,emanuel terry,3.0,,,,,3
Emmanuel Mudiay,emmanuel mudiay,2.0,,,,,2
Emoni Bates,emoni bates,,,15.0,10.0,,12
Enes Freedom,enes freedom,35.0,,,,,35
Enrique Freeman,enrique freeman,,,,22.0,4.0,12
Eric Bledsoe,eric bledsoe,54.0,,,,,54
Eric Gordon,eric gordon,57.0,69.0,68.0,39.0,6.0,36
Eric Paschall,eric paschall,58.0,,,,,58
Ethan Thompson,ethan thompson,,,,,32.0,32
Eugene Omoruyi,eugene omoruyi,4.0,40.0,43.0,,,36
Evan Fournier,evan fournier,80.0,27.0,32.0,,,39
Evan Mobley,evan mobley,69.0,79.0,50.0,71.0,65.0,65
Facundo Campazzo,facundo campazzo,65.0,8.0,,,,29
Feron Hunt,feron hunt,2.0,,,,,2
Filip Petrusev,filip petrusev,,,3.0,,,3
Frank Jackson,frank jackson,53.0,1.0,,,,20
Frank Kaminsky,frank kaminsky,9.0,36.0,,,,26
Frank Ntilikina,frank ntilikina,58.0,47.0,5.0,,,26
Franz Wagner,franz wagner,79.0,80.0,72.0,60.0,34.0,55
Fred VanVleet,fred vanvleet,65.0,69.0,73.0,60.0,,66
Freddie Gillespie,freddie gillespie,9.0,,,,,9
Furkan Korkmaz,furkan korkmaz,67.0,37.0,35.0,,,41
Gabe Vincent,gabe vincent,68.0,68.0,11.0,72.0,53.0,53
Gabe York,gabe york,2.0,3.0,,,,3
Gabriel Deck,gabriel deck,7.0,,,,,7
Gabriel Lundberg,gabriel lundberg,4.0,,,,,4
Garrett Temple,garrett temple,59.0,25.0,27.0,28.0,22.0,27
Garrison Mathews,garrison mathews,65.0,54.0,66.0,47.0,15.0,40
Gary Clark,gary clark,38.0,,,,,38
Gary Harris,gary harris,61.0,48.0,54.0,48.0,48.0,50
Gary Payton II,gary payton ii,71.0,22.0,44.0,62.0,73.0,59
Gary Trent Jr.,gary trent jr.,70.0,66.0,71.0,74.0,65.0,69
George Hill,george hill,54.0,46.0,,,,49
George King,george king,4.0,,,,,4
Georges Niang,georges niang,76.0,78.0,82.0,79.0,,79
Georgios Kalaitzakis,georgios kalaitzakis,13.0,,,,,13
GG Jackson,gg jackson,,,48.0,29.0,55.0,45
Giannis Antetokounmpo,giannis antetokounmpo,67.0,63.0,73.0,67.0,36.0,56
Goga Bitadze,goga bitadze,50.0,38.0,62.0,70.0,64.0,62
Goran Dragic,goran dragic,21.0,58.0,,,,44
Gordon Hayward,gordon hayward,49.0,50.0,51.0,,,50
Gorgui Dieng,gorgui dieng,44.0,31.0,,,,36
Gradey Dick,gradey dick,,,60.0,54.0,76.0,65
Grant Nelson,grant nelson,,,,,4.0,4
Grant Williams,grant williams,77.0,79.0,76.0,16.0,36.0,44
Grayson Allen,grayson allen,66.0,72.0,75.0,64.0,51.0,62
Greg Brown III,greg brown iii,48.0,16.0,6.0,,,16
Greg Monroe,greg monroe,14.0,,,,,14
Guerschon Yabusele,guerschon yabusele,,,,70.0,67.0,68
Gui Santos,gui santos,,,23.0,56.0,68.0,54
Hamidou Diallo,hamidou diallo,58.0,56.0,2.0,,,26
Harrison Barnes,harrison barnes,77.0,82.0,82.0,82.0,77.0,80
Harrison Ingram,harrison ingram,,,,5.0,7.0,6
Harry Giles III,harry giles iii,,,23.0,,,23
Hassan Whiteside,hassan whiteside,65.0,,,,,65
Hassani Gravett,hassani gravett,8.0,,,,,8
Hayden Gray,hayden gray,,,,,1.0,1
Haywood Highsmith,haywood highsmith,19.0,54.0,66.0,74.0,7.0,42
Henri Drell,henri drell,,,4.0,,,4
Herbert Jones,herbert jones,78.0,66.0,76.0,20.0,56.0,52
Hugo González,hugo gonzalez,,,,,74.0,74
Hunter Dickinson,hunter dickinson,,,,,5.0,5
Hunter Sallis,hunter sallis,,,,,7.0,7
Hunter Tyson,hunter tyson,,,18.0,51.0,21.0,30
Ibou Badji,ibou badji,,,22.0,,,22
Ignas Brazdeikis,ignas brazdeikis,42.0,,,,,42
Immanuel Quickley,immanuel quickley,78.0,81.0,68.0,33.0,70.0,61
Isaac Bonga,isaac bonga,15.0,,,,,15
Isaac Jones,isaac jones,,,,40.0,7.0,21
Isaac Okoro,isaac okoro,67.0,76.0,69.0,55.0,63.0,63
Isaiah Collier,isaiah collier,,,,71.0,59.0,64
Isaiah Crawford,isaiah crawford,,,,15.0,14.0,14
Isaiah Hartenstein,isaiah hartenstein,68.0,82.0,75.0,57.0,47.0,60
Isaiah Jackson,isaiah jackson,36.0,63.0,60.0,5.0,55.0,41
Isaiah Joe,isaiah joe,55.0,73.0,78.0,74.0,71.0,72
Isaiah Livers,isaiah livers,19.0,52.0,23.0,,36.0,33
Isaiah Mobley,isaiah mobley,,12.0,10.0,1.0,,6
Isaiah Roby,isaiah roby,45.0,42.0,,,,43
Isaiah Stevens,isaiah stevens,,,,3.0,3.0,3
Isaiah Stewart,isaiah stewart,71.0,50.0,46.0,72.0,58.0,60
Isaiah Thomas,isaiah thomas,22.0,,6.0,,,10
Isaiah Todd,isaiah todd,12.0,6.0,,,,8
Isaiah Wong,isaiah wong,,,1.0,20.0,,12
Ish Smith,ish smith,65.0,43.0,43.0,,,47
Ish Wainright,ish wainright,45.0,60.0,11.0,,,30
Ivica Zubac,ivica zubac,76.0,76.0,68.0,80.0,48.0,65
Izaiah Brockington,izaiah brockington,,,1.0,,,1
Ja Morant,ja morant,57.0,61.0,9.0,50.0,20.0,32
Ja'Kobe Walter,ja'kobe walter,,,,52.0,72.0,63
Jabari Parker,jabari parker,12.0,,,,,12
Jabari Smith Jr.,jabari smith jr.,,79.0,76.0,57.0,77.0,71
Jabari Walker,jabari walker,,56.0,72.0,60.0,64.0,64
Jack McVeigh,jack mcveigh,,,,9.0,,9
Jack White,jack white,,17.0,4.0,,,8
Jackson Rowe,jackson rowe,,,,6.0,,6
Jacob Gilyard,jacob gilyard,,1.0,41.0,,,28
Jacob Toppin,jacob toppin,,,9.0,17.0,5.0,10
Jaden Hardy,jaden hardy,,48.0,73.0,57.0,57.0,59
Jaden Ivey,jaden ivey,,74.0,77.0,30.0,37.0,47
Jaden McDaniels,jaden mcdaniels,70.0,79.0,72.0,82.0,73.0,76
Jaden Springer,jaden springer,2.0,16.0,49.0,43.0,,37
Jae Crowder,jae crowder,67.0,18.0,50.0,9.0,,28
Jae'Sean Tate,jae'sean tate,78.0,31.0,65.0,52.0,46.0,52
Jahlil Okafor,jahlil okafor,,,,1.0,,1
Jahmai Mashack,jahmai mashack,,,,,31.0,31
Jahmi'us Ramsey,jahmi'us ramsey,19.0,,7.0,,,10
Jahmir Young,jahmir young,,,,6.0,14.0,11
Jahmyl Telfort,jahmyl telfort,,,,,8.0,8
Jaime Echenique,jaime echenique,1.0,,,,,1
Jaime Jaquez Jr.,jaime jaquez jr.,,,75.0,66.0,75.0,72
Jake LaRavia,jake laravia,,35.0,35.0,66.0,82.0,63
Jake Layman,jake layman,34.0,,,,,34
Jakob Poeltl,jakob poeltl,68.0,72.0,50.0,57.0,46.0,54
Jalen Bridges,jalen bridges,,,,8.0,,8
Jalen Brunson,jalen brunson,79.0,68.0,77.0,65.0,74.0,72
Jalen Crutcher,jalen crutcher,,,1.0,,,1
Jalen Duren,jalen duren,,67.0,61.0,78.0,70.0,70
Jalen Green,jalen green,67.0,76.0,82.0,82.0,32.0,62
Jalen Hood-Schifino,jalen hood-schifino,,,21.0,15.0,,17
Jalen Johnson,jalen johnson,22.0,70.0,56.0,36.0,72.0,56
Jalen McDaniels,jalen mcdaniels,55.0,80.0,50.0,4.0,,34
Jalen Pickett,jalen pickett,,,27.0,49.0,50.0,45
Jalen Slawson,jalen slawson,,,12.0,,13.0,13
Jalen Smith,jalen smith,51.0,68.0,61.0,64.0,53.0,59
Jalen Suggs,jalen suggs,48.0,53.0,75.0,35.0,57.0,53
Jalen Williams,jalen williams,,75.0,71.0,69.0,33.0,56
Jalen Wilson,jalen wilson,,,43.0,79.0,54.0,60
Jamal Cain,jamal cain,,18.0,26.0,37.0,40.0,34
Jamal Murray,jamal murray,,65.0,59.0,67.0,75.0,68
Jamal Shead,jamal shead,,,,75.0,82.0,79
Jamaree Bouyea,jamaree bouyea,,5.0,9.0,5.0,46.0,22
James Bouknight,james bouknight,31.0,34.0,14.0,,,22
James Ennis III,james ennis iii,7.0,,,,,7
James Harden,james harden,65.0,58.0,72.0,79.0,70.0,72
James Johnson,james johnson,62.0,18.0,9.0,12.0,,17
James Wiseman,james wiseman,,45.0,63.0,1.0,4.0,19
Jamir Watkins,jamir watkins,,,,,50.0,50
Jamison Battle,jamison battle,,,,59.0,61.0,60
Jamorko Pickett,jamorko pickett,13.0,,,,,13
JaMychal Green,jamychal green,67.0,57.0,,,,61
JaQuori McLaughlin,jaquori mclaughlin,4.0,,,,,4
Jarace Walker,jarace walker,,,33.0,75.0,76.0,66
Jared Butler,jared butler,42.0,6.0,40.0,60.0,,44
Jared Harper,jared harper,5.0,,,,,5
Jared McCain,jared mccain,,,,23.0,67.0,48
Jared Rhoden,jared rhoden,,14.0,17.0,14.0,,15
Jaren Jackson Jr.,jaren jackson jr.,78.0,63.0,66.0,74.0,48.0,62
Jarred Vanderbilt,jarred vanderbilt,74.0,78.0,29.0,36.0,65.0,52
Jarrell Brantley,jarrell brantley,,4.0,,,,4
Jarrett Allen,jarrett allen,56.0,68.0,77.0,82.0,56.0,68
Jarrett Culver,jarrett culver,37.0,10.0,,,,20
Jarron Cumberland,jarron cumberland,3.0,,,,,3
Jase Richardson,jase richardson,,,,,54.0,54
Jason Preston,jason preston,,14.0,7.0,,,9
JaVale McGee,javale mcgee,74.0,42.0,46.0,,,50
Javin DeLaurier,javin delaurier,1.0,,,,,1
Javon Freeman-Liberty,javon freeman-liberty,,,22.0,,,22
Javon Small,javon small,,,,,41.0,41
Javonte Cooke,javonte cooke,,,,,19.0,19
Javonte Green,javonte green,65.0,32.0,9.0,68.0,82.0,59
Javonte Smart,javonte smart,17.0,,1.0,,,5
Jaxson Hayes,jaxson hayes,70.0,47.0,70.0,56.0,66.0,62
Jay Huff,jay huff,4.0,7.0,20.0,64.0,82.0,54
Jay Scrubb,jay scrubb,18.0,2.0,,,,8
Jaylen Brown,jaylen brown,66.0,67.0,70.0,63.0,71.0,68
Jaylen Clark,jaylen clark,,,,40.0,68.0,56
Jaylen Hoard,jaylen hoard,7.0,,,,,7
Jaylen Martin,jaylen martin,,,,16.0,,16
Jaylen Morris,jaylen morris,3.0,,,,,3
Jaylen Nowell,jaylen nowell,62.0,65.0,13.0,8.0,,23
Jaylen Sims,jaylen sims,,,,6.0,,6
Jaylen Wells,jaylen wells,,,,79.0,69.0,73
Jaylin Williams,jaylin williams,,49.0,69.0,47.0,65.0,59
Jaylon Tyson,jaylon tyson,,,,47.0,66.0,58
Jaysean Paige,jaysean paige,1.0,,,,,1
Jayson Kent,jayson kent,,,,,5.0,5
Jayson Tatum,jayson tatum,76.0,74.0,74.0,72.0,16.0,52
Jazian Gortman,jazian gortman,,,,16.0,,16
JD Davison,jd davison,,12.0,8.0,16.0,28.0,19
Jeff Dowtin Jr.,jeff dowtin jr.,9.0,25.0,12.0,41.0,,27
Jeff Green,jeff green,75.0,56.0,78.0,32.0,30.0,45
Jemerrio Jones,jemerrio jones,2.0,,,,,2
Jerami Grant,jerami grant,47.0,63.0,54.0,47.0,57.0,54
Jeremiah Fears,jeremiah fears,,,,,82.0,82
Jeremiah Robinson-Earl,jeremiah robinson-earl,49.0,43.0,39.0,66.0,22.0,41
Jeremy Lamb,jeremy lamb,56.0,,,,,56
Jeremy Sochan,jeremy sochan,,56.0,74.0,54.0,44.0,54
Jericho Sims,jericho sims,41.0,52.0,45.0,53.0,67.0,56
Jermaine Samuels Jr.,jermaine samuels jr.,,,14.0,,,14
Jerome Robinson,jerome robinson,,,22.0,,,22
Jesse Edwards,jesse edwards,,,,2.0,,2
Jett Howard,jett howard,,,18.0,60.0,55.0,48
Jevon Carter,jevon carter,66.0,81.0,72.0,36.0,53.0,55
Jimmy Butler III,jimmy butler iii,57.0,64.0,60.0,55.0,38.0,50
Joan Beringer,joan beringer,,,,,40.0,40
Jock Landale,jock landale,54.0,69.0,56.0,42.0,68.0,58
Joe Harris,joe harris,14.0,74.0,16.0,,,32
Joe Ingles,joe ingles,45.0,46.0,68.0,19.0,27.0,35
Joe Johnson,joe johnson,1.0,,,,,1
Joe Wieskamp,joe wieskamp,29.0,9.0,,,,16
Joel Ayayi,joel ayayi,7.0,,,,,7
Joel Embiid,joel embiid,68.0,66.0,39.0,19.0,38.0,37
John Butler Jr.,john butler jr.,,19.0,,,,19
John Collins,john collins,54.0,71.0,68.0,40.0,69.0,60
John Konchar,john konchar,72.0,72.0,55.0,46.0,56.0,55
John Poulakidas,john poulakidas,,,,,13.0,13
John Tonje,john tonje,,,,,6.0,6
John Wall,john wall,,34.0,,,,34
Johni Broome,johni broome,,,,,11.0,11
Johnny Davis,johnny davis,,28.0,50.0,34.0,,38
Johnny Furphy,johnny furphy,,,,50.0,35.0,41
Johnny Juzang,johnny juzang,,18.0,20.0,64.0,21.0,33
Jon Teske,jon teske,3.0,,,,,3
Jonas Valanciunas,jonas valanciunas,74.0,79.0,82.0,81.0,65.0,75
Jonathan Isaac,jonathan isaac,,11.0,58.0,71.0,52.0,55
Jonathan Kuminga,jonathan kuminga,70.0,67.0,74.0,47.0,36.0,51
Jonathan Mogbo,jonathan mogbo,,,,63.0,40.0,50
Jontay Porter,jontay porter,,,26.0,,,26
Jordan Bell,jordan bell,1.0,,,,,1
Jordan Clarkson,jordan clarkson,79.0,61.0,55.0,37.0,72.0,58
Jordan Ford,jordan ford,,,6.0,,,6
Jordan Goodwin,jordan goodwin,2.0,62.0,57.0,29.0,70.0,51
Jordan Hall,jordan hall,,9.0,,,,9
Jordan Hawkins,jordan hawkins,,,67.0,56.0,51.0,56
Jordan McLaughlin,jordan mclaughlin,62.0,43.0,56.0,46.0,44.0,48
Jordan Miller,jordan miller,,,8.0,37.0,60.0,41
Jordan Nwora,jordan nwora,62.0,62.0,52.0,,,56
Jordan Poole,jordan poole,76.0,82.0,78.0,68.0,39.0,61
Jordan Schakel,jordan schakel,4.0,2.0,,,,3
Jordan Walsh,jordan walsh,,,9.0,52.0,68.0,50
Jose Alvarado,jose alvarado,54.0,61.0,56.0,56.0,69.0,61
Josh Christopher,josh christopher,74.0,64.0,,14.0,,33
Josh Giddey,josh giddey,54.0,76.0,80.0,70.0,54.0,66
Josh Green,josh green,67.0,60.0,57.0,68.0,58.0,61
Josh Hart,josh hart,54.0,76.0,81.0,77.0,66.0,72
Josh Jackson,josh jackson,51.0,,,,,51
Josh Minott,josh minott,,15.0,32.0,46.0,49.0,41
Josh Oduro,josh oduro,,,,,3.0,3
Josh Okogie,josh okogie,49.0,72.0,60.0,40.0,78.0,62
Josh Richardson,josh richardson,65.0,65.0,43.0,8.0,,32
Joshua Primo,joshua primo,50.0,4.0,2.0,,,11
Jrue Holiday,jrue holiday,67.0,67.0,69.0,62.0,53.0,61
JT Thor,jt thor,33.0,69.0,63.0,20.0,,42
Juan Toscano-Anderson,juan toscano-anderson,73.0,52.0,11.0,,,33
Juancho Hernangomez,juancho hernangomez,40.0,42.0,,,,41
Jules Bernard,jules bernard,,,19.0,,,19
Julian Champagnie,julian champagnie,,17.0,74.0,82.0,82.0,74
Julian Phillips,julian phillips,,,40.0,79.0,48.0,57
Julian Reese,julian reese,,,,,13.0,13
Julian Strawther,julian strawther,,,50.0,65.0,57.0,58
Julius Randle,julius randle,72.0,77.0,46.0,69.0,79.0,69
Justin Anderson,justin anderson,16.0,,,,,16
Justin Champagnie,justin champagnie,36.0,5.0,15.0,62.0,69.0,49
Justin Edwards,justin edwards,,,,44.0,64.0,55
Justin Holiday,justin holiday,74.0,46.0,58.0,,,57
Justin Jackson,justin jackson,7.0,23.0,2.0,,,9
Justin Minaya,justin minaya,,4.0,34.0,19.0,,22
Justin Robinson,justin robinson,25.0,,,,,25
Justise Winslow,justise winslow,48.0,29.0,,,,36
Jusuf Nurkić,jusuf nurkic,56.0,52.0,76.0,51.0,41.0,52
Juwan Morgan,juwan morgan,2.0,,,,,2
Kadary Richmond,kadary richmond,,,,,3.0,3
Kai Jones,kai jones,21.0,46.0,,40.0,,39
Kaiser Gates,kaiser gates,,,1.0,,,1
Kam Jones,kam jones,,,,,37.0,37
Karl-Anthony Towns,karl-anthony towns,74.0,29.0,62.0,72.0,75.0,67
Karlo Matković,karlo matkovic,,,,42.0,62.0,53
Kasparas Jakučionis,kasparas jakucionis,,,,,53.0,53
Kawhi Leonard,kawhi leonard,,52.0,68.0,37.0,65.0,56
Keaton Wallace,keaton wallace,,,,31.0,53.0,44
Keegan Murray,keegan murray,,80.0,77.0,76.0,23.0,55
Keifer Sykes,keifer sykes,32.0,,,,,32
Keion Brooks Jr.,keion brooks jr.,,,,14.0,,14
Keita Bates-Diop,keita bates-diop,59.0,67.0,53.0,,,58
Kel'el Ware,kel'el ware,,,,64.0,77.0,71
Kelan Martin,kelan martin,30.0,,,,,30
Keldon Johnson,keldon johnson,75.0,63.0,69.0,77.0,82.0,76
Keljin Blevins,keljin blevins,31.0,,,,,31
Kelly Olynyk,kelly olynyk,40.0,68.0,78.0,44.0,42.0,52
Kelly Oubre Jr.,kelly oubre jr.,76.0,48.0,68.0,60.0,50.0,58
Kemba Walker,kemba walker,37.0,9.0,,,,20
Kendall Brown,kendall brown,,6.0,15.0,,,12
Kendrick Nunn,kendrick nunn,,70.0,,,,70
Kennedy Chandler,kennedy chandler,,36.0,,,11.0,16
Kenneth Lofton Jr.,kenneth lofton jr.,,24.0,21.0,,,22
Kenrich Williams,kenrich williams,49.0,53.0,69.0,69.0,56.0,61
Kent Bazemore,kent bazemore,39.0,,,,,39
Kentavious Caldwell-Pope,kentavious caldwell-pope,77.0,76.0,76.0,77.0,51.0,67
Keon Ellis,keon ellis,,16.0,57.0,80.0,72.0,66
Keon Johnson,keon johnson,37.0,40.0,5.0,79.0,,47
Keshad Johnson,keshad johnson,,,,16.0,32.0,25
Keshon Gilbert,keshon gilbert,,,,,4.0,4
Kessler Edwards,kessler edwards,48.0,36.0,54.0,40.0,,44
Kevin Durant,kevin durant,55.0,47.0,75.0,62.0,78.0,69
Kevin Huerter,kevin huerter,74.0,75.0,64.0,69.0,69.0,69
Kevin Knox II,kevin knox ii,30.0,63.0,31.0,14.0,,28
Kevin Love,kevin love,74.0,62.0,55.0,23.0,37.0,41
Kevin McCullar Jr.,kevin mccullar jr.,,,,4.0,21.0,14
Kevin Pangos,kevin pangos,24.0,,,,,24
Kevin Porter Jr.,kevin porter jr.,61.0,59.0,,75.0,38.0,55
Kevon Harris,kevon harris,,34.0,2.0,,,13
Kevon Looney,kevon looney,82.0,82.0,74.0,76.0,21.0,56
Keyontae Johnson,keyontae johnson,,,9.0,,,9
Keyonte George,keyonte george,,,75.0,67.0,54.0,63
Khaman Maluach,khaman maluach,,,,,46.0,46
Khem Birch,khem birch,55.0,20.0,,,,33
Khris Middleton,khris middleton,66.0,33.0,55.0,37.0,63.0,51
Killian Hayes,killian hayes,66.0,76.0,42.0,6.0,23.0,29
Killian Tillie,killian tillie,36.0,,,,,36
Kira Lewis Jr.,kira lewis jr.,24.0,25.0,28.0,,,26
KJ Martin,kj martin,79.0,82.0,60.0,43.0,,57
KJ Simpson,kj simpson,,,,36.0,20.0,27
Klay Thompson,klay thompson,32.0,69.0,77.0,72.0,69.0,69
Kobe Brown,kobe brown,,,44.0,40.0,61.0,50
Kobe Bufkin,kobe bufkin,,,17.0,10.0,16.0,14
Kobe Sanders,kobe sanders,,,,,68.0,68
Kobi Simmons,kobi simmons,,5.0,4.0,,,4
Koby Brea,koby brea,,,,,12.0,12
Kon Knueppel,kon knueppel,,,,,81.0,81
Kris Dunn,kris dunn,14.0,22.0,66.0,74.0,82.0,67
Kris Murray,kris murray,,,62.0,69.0,57.0,62
Kristaps Porziņģis,kristaps porzingis,51.0,65.0,57.0,42.0,32.0,44
Kyle Anderson,kyle anderson,69.0,69.0,79.0,61.0,43.0,59
Kyle Filipowski,kyle filipowski,,,,72.0,77.0,75
Kyle Guy,kyle guy,19.0,,,,,19
Kyle Kuzma,kyle kuzma,66.0,64.0,70.0,65.0,69.0,67
Kyle Lowry,kyle lowry,63.0,55.0,60.0,35.0,14.0,35
Kylor Kelley,kylor kelley,,,,11.0,,11
Kyrie Irving,kyrie irving,29.0,60.0,58.0,50.0,,52
Kyshawn George,kyshawn george,,,,68.0,48.0,57
KZ Okpala,kz okpala,21.0,35.0,,,,30
Lachlan Olbrich,lachlan olbrich,,,,,37.0,37
Lamar Stevens,lamar stevens,63.0,62.0,38.0,17.0,,34
LaMarcus Aldridge,lamarcus aldridge,47.0,,,,,47
LaMelo Ball,lamelo ball,75.0,36.0,22.0,47.0,72.0,52
Lance Stephenson,lance stephenson,46.0,,,,,46
Landry Shamet,landry shamet,69.0,40.0,46.0,50.0,51.0,50
Langston Galloway,langston galloway,7.0,,,,,7
Larry Nance Jr.,larry nance jr.,46.0,65.0,61.0,24.0,35.0,40
Lauri Markkanen,lauri markkanen,61.0,66.0,55.0,47.0,42.0,49
Lawson Lovering,lawson lovering,,,,,2.0,2
Leaky Black,leaky black,,,26.0,,15.0,19
Leandro Bolmaro,leandro bolmaro,35.0,14.0,,,,22
LeBron James,lebron james,56.0,55.0,71.0,70.0,60.0,64
Leonard Miller,leonard miller,,,17.0,13.0,46.0,29
Lester Quiñones,lester quinones,,4.0,37.0,13.0,,20
Liam McNeeley,liam mcneeley,,,,,31.0,31
Liam Robbins,liam robbins,,,,13.0,,13
Lindell Wigginton,lindell wigginton,19.0,7.0,3.0,,,7
Lindy Waters III,lindy waters iii,25.0,41.0,38.0,52.0,40.0,42
LJ Cryer,lj cryer,,,,,18.0,18
Lonnie Walker IV,lonnie walker iv,70.0,56.0,58.0,20.0,,42
Lonzo Ball,lonzo ball,35.0,,,35.0,35.0,35
Lou Williams,lou williams,56.0,,,,,56
Louis King,louis king,10.0,1.0,,,,4
Lucas Williamson,lucas williamson,,,,,7.0,7
Luguentz Dort,luguentz dort,51.0,74.0,79.0,71.0,69.0,71
Luka Dončić,luka doncic,65.0,66.0,70.0,50.0,64.0,61
Luka Garza,luka garza,32.0,28.0,25.0,39.0,69.0,46
Luka Samanic,luka samanic,,7.0,43.0,,,31
Luke Kennard,luke kennard,70.0,59.0,39.0,65.0,78.0,65
Luke Kornet,luke kornet,15.0,69.0,63.0,73.0,68.0,66
Luke Travers,luke travers,,,,12.0,12.0,12
Mac McClung,mac mcclung,2.0,2.0,,2.0,11.0,6
Malachi Flynn,malachi flynn,44.0,53.0,69.0,4.0,,35
Malachi Smith,malachi smith,,,,,15.0,15
Malaki Branham,malaki branham,,66.0,75.0,47.0,28.0,47
Malcolm Brogdon,malcolm brogdon,36.0,67.0,39.0,24.0,,36
Malcolm Cazalon,malcolm cazalon,,,1.0,,,1
Malcolm Hill,malcolm hill,19.0,5.0,,,,10
Malevy Leons,malevy leons,,,,6.0,25.0,17
Malik Beasley,malik beasley,79.0,81.0,79.0,82.0,,81
Malik Fitts,malik fitts,15.0,,,,,15
Malik Monk,malik monk,76.0,77.0,72.0,65.0,62.0,67
Malik Newman,malik newman,1.0,,,,,1
Malik Williams,malik williams,,,7.0,,,7
Mamadi Diakite,mamadi diakite,13.0,22.0,6.0,,,12
Maozinha Pereira,maozinha pereira,,,7.0,,,7
Marcus Bagley,marcus bagley,,,,10.0,,10
Marcus Garrett,marcus garrett,12.0,,,4.0,,5
Marcus Morris Sr.,marcus morris sr.,54.0,65.0,49.0,,,54
Marcus Sasser,marcus sasser,,,71.0,57.0,38.0,52
Marcus Smart,marcus smart,71.0,61.0,20.0,34.0,62.0,47
MarJon Beauchamp,marjon beauchamp,,52.0,48.0,35.0,14.0,31
Mark Sears,mark sears,,,,,7.0,7
Mark Williams,mark williams,,43.0,19.0,44.0,60.0,45
Markelle Fultz,markelle fultz,18.0,60.0,43.0,21.0,5.0,23
Markieff Morris,markieff morris,17.0,35.0,26.0,15.0,,22
Marko Simonovic,marko simonovic,9.0,7.0,,,,8
Markquis Nowell,markquis nowell,,,1.0,,,1
Markus Howard,markus howard,31.0,,,,,31
Marques Bolden,marques bolden,,,11.0,,,11
Marquese Chriss,marquese chriss,34.0,,,,,34
Marvin Bagley III,marvin bagley iii,48.0,42.0,50.0,31.0,60.0,48
Mason Jones,mason jones,4.0,,5.0,10.0,,8
Mason Plumlee,mason plumlee,73.0,79.0,46.0,74.0,20.0,49
Matas Buzelis,matas buzelis,,,,80.0,77.0,78
Matisse Thybulle,matisse thybulle,66.0,71.0,65.0,15.0,30.0,38
Matt Hurt,matt hurt,,,8.0,,,8
Matt Mooney,matt mooney,1.0,,,,,1
Matt Ryan,matt ryan,1.0,34.0,28.0,19.0,,22
Matt Thomas,matt thomas,40.0,,,,,40
Matthew Dellavedova,matthew dellavedova,,32.0,,,,32
Maurice Harkless,maurice harkless,47.0,,,,,47
Max Christie,max christie,,41.0,67.0,78.0,77.0,72
Max Shulga,max shulga,,,,,11.0,11
Max Strus,max strus,68.0,80.0,70.0,50.0,12.0,43
Maxi Kleber,maxi kleber,59.0,37.0,43.0,34.0,43.0,41
Maxime Raynaud,maxime raynaud,,,,,74.0,74
Maxwell Lewis,maxwell lewis,,,34.0,28.0,,30
McKinley Wright IV,mckinley wright iv,5.0,27.0,,,,19
Melvin Frazier Jr.,melvin frazier jr.,3.0,,,,,3
Meyers Leonard,meyers leonard,,9.0,,,,9
Mfiondu Kabengele,mfiondu kabengele,,4.0,,,,4
Micah Peavy,micah peavy,,,,,61.0,61
Micah Potter,micah potter,3.0,7.0,16.0,38.0,47.0,32
Michael Carter-Williams,michael carter-williams,,4.0,,,,4
Michael Foster Jr.,michael foster jr.,,1.0,,,,1
Michael Porter Jr.,michael porter jr.,9.0,62.0,81.0,77.0,52.0,63
Mikal Bridges,mikal bridges,82.0,83.0,82.0,82.0,82.0,82
Mike Conley,mike conley,72.0,67.0,76.0,71.0,54.0,65
Mike Muscala,mike muscala,43.0,63.0,53.0,,,54
Miles Bridges,miles bridges,80.0,,69.0,64.0,77.0,71
Miles Kelly,miles kelly,,,,,14.0,14
Miles McBride,miles mcbride,40.0,64.0,68.0,64.0,41.0,55
Miles Norris,miles norris,,,,3.0,,3
Mitchell Robinson,mitchell robinson,72.0,59.0,31.0,17.0,60.0,43
Miye Oni,miye oni,16.0,,,,,16
MJ Walker,mj walker,2.0,,,,,2
Mo Bamba,mo bamba,71.0,49.0,57.0,32.0,4.0,30
Mohamed Diawara,mohamed diawara,,,,,69.0,69
Monte Morris,monte morris,75.0,62.0,33.0,45.0,6.0,31
Montrezl Harrell,montrezl harrell,71.0,57.0,,,,62
Moritz Wagner,moritz wagner,63.0,57.0,80.0,30.0,36.0,46
Moses Brown,moses brown,40.0,36.0,22.0,13.0,,22
Moses Moody,moses moody,52.0,63.0,66.0,74.0,60.0,65
Moses Wright,moses wright,4.0,,,,,4
Mouhamadou Gueye,mouhamadou gueye,,,11.0,,2.0,5
Mouhamed Gueye,mouhamed gueye,,,6.0,33.0,77.0,47
Moussa Cisse,moussa cisse,,,,,38.0,38
Moussa Diabaté,moussa diabate,,22.0,11.0,71.0,73.0,55
Mychal Mulder,mychal mulder,17.0,,,,,17
Myles Powell,myles powell,11.0,,,,,11
Myles Turner,myles turner,42.0,62.0,77.0,72.0,71.0,70
Myron Gardner,myron gardner,,,,,45.0,45
N'Faly Dante,n'faly dante,,,,4.0,4.0,4
Nae'Qwan Tomlin,nae'qwan tomlin,,,,5.0,64.0,39
Naji Marshall,naji marshall,55.0,77.0,66.0,69.0,74.0,70
Nassir Little,nassir little,42.0,54.0,45.0,,,47
Nate Hinton,nate hinton,2.0,,15.0,,,12
Nate Williams,nate williams,,5.0,22.0,20.0,14.0,16
Nathan Knight,nathan knight,37.0,38.0,,,,38
Nathan Mensah,nathan mensah,,,25.0,,,25
Naz Reid,naz reid,77.0,68.0,81.0,80.0,77.0,78
Neemias Queta,neemias queta,15.0,5.0,28.0,62.0,76.0,53
Nemanja Bjelica,nemanja bjelica,71.0,,,,,71
Nerlens Noel,nerlens noel,25.0,17.0,,,,20
Nic Claxton,nic claxton,47.0,76.0,71.0,70.0,69.0,69
Nick Richards,nick richards,50.0,65.0,67.0,57.0,48.0,56
Nick Smith Jr.,nick smith jr.,,,51.0,60.0,30.0,45
Nickeil Alexander-Walker,nickeil alexander-walker,65.0,59.0,82.0,82.0,78.0,77
Nicolas Batum,nicolas batum,59.0,78.0,60.0,78.0,74.0,72
Nigel Hayes-Davis,nigel hayes-davis,,,,,27.0,27
Nik Stauskas,nik stauskas,8.0,,,,,8
Nikola Jokić,nikola jokic,74.0,69.0,79.0,70.0,65.0,70
Nikola Jović,nikola jovic,,15.0,46.0,46.0,47.0,43
Nikola Topić,nikola topic,,,,,10.0,10
Nikola Vučević,nikola vucevic,73.0,82.0,76.0,73.0,64.0,71
Nique Clifford,nique clifford,,,,,75.0,75
Noa Essengue,noa essengue,,,,,2.0,2
Noah Clowney,noah clowney,,,23.0,46.0,66.0,50
Noah Penda,noah penda,,,,,59.0,59
Noah Vonleh,noah vonleh,,23.0,,,,23
Nolan Traore,nolan traore,,,,,56.0,56
Norchad Omier,norchad omier,,,,,6.0,6
Norman Powell,norman powell,45.0,60.0,76.0,60.0,58.0,61
Norvel Pelle,norvel pelle,3.0,,,,,3
Obi Toppin,obi toppin,72.0,67.0,82.0,79.0,24.0,57
Ochai Agbaji,ochai agbaji,,59.0,78.0,64.0,62.0,66
OG Anunoby,og anunoby,48.0,67.0,50.0,74.0,67.0,65
Olivier Sarr,olivier sarr,22.0,9.0,15.0,,4.0,9
Olivier-Maxence Prosper,olivier-maxence prosper,,,40.0,52.0,53.0,50
Omer Yurtseven,omer yurtseven,56.0,9.0,48.0,,9.0,23
Onuralp Bitim,onuralp bitim,,,23.0,,,23
Onyeka Okongwu,onyeka okongwu,48.0,80.0,55.0,74.0,74.0,70
Orlando Robinson,orlando robinson,,31.0,36.0,44.0,4.0,25
Oscar Tshiebwe,oscar tshiebwe,,,8.0,14.0,27.0,18
Oshae Brissett,oshae brissett,67.0,65.0,55.0,6.0,,35
Oso Ighodaro,oso ighodaro,,,,61.0,82.0,73
Otto Porter Jr.,otto porter jr.,63.0,8.0,15.0,,,21
Ousmane Dieng,ousmane dieng,,39.0,33.0,37.0,57.0,44
P.J. Tucker,p.j. tucker,71.0,75.0,31.0,3.0,,29
P.J. Washington,p.j. washington,65.0,73.0,73.0,57.0,56.0,62
Pacôme Dadiet,pacome dadiet,,,,18.0,29.0,24
Paolo Banchero,paolo banchero,,72.0,80.0,46.0,72.0,66
Paris Bass,paris bass,2.0,,,,,2
Pascal Siakam,pascal siakam,68.0,71.0,80.0,78.0,62.0,71
Pat Connaughton,pat connaughton,65.0,61.0,76.0,41.0,42.0,51
Pat Spencer,pat spencer,,,6.0,39.0,66.0,44
Patrick Baldwin Jr.,patrick baldwin jr.,,31.0,38.0,24.0,9.0,22
Patrick Beverley,patrick beverley,58.0,67.0,73.0,,,69
Patrick Williams,patrick williams,17.0,82.0,43.0,63.0,72.0,62
Patty Mills,patty mills,81.0,40.0,32.0,29.0,,36
Paul George,paul george,31.0,56.0,74.0,41.0,37.0,47
Paul Millsap,paul millsap,33.0,,,,,33
Paul Reed,paul reed,38.0,69.0,82.0,45.0,65.0,61
Paul Watson,paul watson,9.0,,,,,9
Payton Pritchard,payton pritchard,71.0,48.0,82.0,80.0,79.0,76
Payton Sandfort,payton sandfort,,,,,4.0,4
Pelle Larsson,pelle larsson,,,,55.0,70.0,64
Pete Nance,pete nance,,,8.0,13.0,47.0,27
Petr Cornelie,petr cornelie,13.0,,,,,13
Peyton Watson,peyton watson,,23.0,80.0,68.0,54.0,60
Phillip Wheeler,phillip wheeler,,,,5.0,,5
PJ Dozier,pj dozier,18.0,16.0,,9.0,,12
PJ Hall,pj hall,,,,19.0,19.0,19
Precious Achiuwa,precious achiuwa,73.0,55.0,74.0,57.0,73.0,67
Quentin Grimes,quentin grimes,46.0,71.0,51.0,75.0,75.0,68
Quenton Jackson,quenton jackson,,9.0,3.0,28.0,49.0,30
Quincy Olivari,quincy olivari,,,,2.0,,2
Quinndary Weatherspoon,quinndary weatherspoon,11.0,,,,,11
Quinten Post,quinten post,,,,42.0,67.0,56
R.J. Hampton,r.j. hampton,64.0,47.0,8.0,,,28
RaiQuan Gray,raiquan gray,,1.0,3.0,,,2
Rajon Rondo,rajon rondo,39.0,,,,,39
Rasheer Fleming,rasheer fleming,,,,,55.0,55
Raul Neto,raul neto,70.0,48.0,,,,56
Rayan Rupert,rayan rupert,,,39.0,52.0,64.0,54
RayJ Dennis,rayj dennis,,,,11.0,17.0,14
Rayjon Tucker,rayjon tucker,5.0,,,,,5
Reece Beekman,reece beekman,,,,36.0,,36
Reed Sheppard,reed sheppard,,,,52.0,82.0,69
Reggie Bullock Jr.,reggie bullock jr.,68.0,78.0,44.0,,,57
Reggie Jackson,reggie jackson,75.0,68.0,82.0,31.0,,56
Reggie Perry,reggie perry,10.0,,,,,10
Richaun Holmes,richaun holmes,45.0,42.0,40.0,31.0,,37
Ricky Council IV,ricky council iv,,,32.0,73.0,,57
Ricky Rubio,ricky rubio,34.0,33.0,,,,33
Riley Minix,riley minix,,,,1.0,9.0,6
RJ Barrett,rj barrett,70.0,73.0,58.0,58.0,57.0,60
RJ Nembhard Jr.,rj nembhard jr.,14.0,,,,,14
Rob Dillingham,rob dillingham,,,,49.0,65.0,58
Rob Edwards,rob edwards,2.0,,,,,2
Robert Covington,robert covington,71.0,48.0,29.0,,,41
Robert Williams III,robert williams iii,61.0,35.0,6.0,20.0,59.0,36
Robert Woodard II,robert woodard ii,12.0,,,,,12
Robin Lopez,robin lopez,36.0,37.0,16.0,,,25
Rocco Zikarsky,rocco zikarsky,,,,,5.0,5
Rodney Hood,rodney hood,52.0,,,,,52
Rodney McGruder,rodney mcgruder,51.0,32.0,,,,39
Romeo Langford,romeo langford,48.0,43.0,,,,45
Ron Harper Jr.,ron harper jr.,,9.0,1.0,1.0,29.0,13
Ronald Holland II,ronald holland ii,,,,81.0,78.0,79
Royce O'Neale,royce o'neale,77.0,76.0,79.0,75.0,78.0,77
Rudy Gay,rudy gay,55.0,56.0,,,,56
Rudy Gobert,rudy gobert,66.0,70.0,76.0,72.0,76.0,74
Rui Hachimura,rui hachimura,42.0,63.0,68.0,59.0,68.0,64
Russell Westbrook,russell westbrook,78.0,73.0,68.0,75.0,64.0,70
Ryan Arcidiacono,ryan arcidiacono,10.0,20.0,20.0,,,18
Ryan Dunn,ryan dunn,,,,74.0,70.0,72
Ryan Kalkbrenner,ryan kalkbrenner,,,,,69.0,69
Ryan Nembhard,ryan nembhard,,,,,60.0,60
Ryan Rollins,ryan rollins,,12.0,13.0,56.0,74.0,50
Saben Lee,saben lee,37.0,25.0,24.0,,,26
Saddiq Bey,saddiq bey,82.0,77.0,63.0,,72.0,71
Sam Dekker,sam dekker,1.0,,,,,1
Sam Hauser,sam hauser,26.0,80.0,79.0,71.0,78.0,73
Sam Merrill,sam merrill,6.0,5.0,61.0,71.0,52.0,52
Sandro Mamukelashvili,sandro mamukelashvili,41.0,43.0,46.0,61.0,80.0,63
Santi Aldama,santi aldama,32.0,77.0,61.0,65.0,43.0,55
Sasha Vezenkov,sasha vezenkov,,,42.0,,,42
Scoot Henderson,scoot henderson,,,62.0,66.0,30.0,49
Scottie Barnes,scottie barnes,74.0,77.0,60.0,65.0,80.0,71
Scottie Lewis,scottie lewis,2.0,,,,,2
Scotty Hopson,scotty hopson,1.0,,,,,1
Scotty Pippen Jr.,scotty pippen jr.,,6.0,21.0,79.0,10.0,32
Sean Pedulla,sean pedulla,,,,,7.0,7
Sekou Doumbouya,sekou doumbouya,2.0,,,,,2
Semi Ojeleye,semi ojeleye,30.0,,,,,30
Serge Ibaka,serge ibaka,54.0,16.0,,,,30
Seth Curry,seth curry,64.0,61.0,44.0,68.0,10.0,41
Seth Lundy,seth lundy,,,9.0,,,9
Shaedon Sharpe,shaedon sharpe,,80.0,32.0,72.0,50.0,56
Shai Gilgeous-Alexander,shai gilgeous-alexander,56.0,68.0,75.0,76.0,68.0,71
Shake Milton,shake milton,55.0,76.0,48.0,57.0,,57
Shaq Buchanan,shaq buchanan,2.0,,,,,2
Shaquille Harrison,shaquille harrison,2.0,5.0,3.0,,,3
Sharife Cooper,sharife cooper,13.0,,,,41.0,37
Sidy Cissoko,sidy cissoko,,,12.0,22.0,75.0,43
Simone Fontecchio,simone fontecchio,,52.0,66.0,75.0,70.0,69
Sion James,sion james,,,,,82.0,82
Skal Labissiere,skal labissiere,,,,4.0,3.0,3
Skylar Mays,skylar mays,28.0,6.0,38.0,,,27
Solomon Hill,solomon hill,13.0,,,,,13
Spencer Dinwiddie,spencer dinwiddie,67.0,79.0,76.0,79.0,,77
Spencer Jones,spencer jones,,,,20.0,64.0,45
Stanley Johnson,stanley johnson,48.0,30.0,,,,37
Stanley Umude,stanley umude,,1.0,24.0,22.0,2.0,12
Stephen Curry,stephen curry,64.0,56.0,74.0,70.0,43.0,59
Stephon Castle,stephon castle,,,,81.0,68.0,74
Sterling Brown,sterling brown,49.0,4.0,,,,21
Steven Adams,steven adams,76.0,42.0,,58.0,32.0,45
Svi Mykhailiuk,svi mykhailiuk,56.0,32.0,41.0,38.0,50.0,44
T.J. McConnell,t.j. mcconnell,27.0,75.0,71.0,79.0,56.0,65
T.J. Warren,t.j. warren,,42.0,11.0,,,21
Tacko Fall,tacko fall,11.0,,,,,11
Taelon Peter,taelon peter,,,,,38.0,38
Taj Gibson,taj gibson,52.0,49.0,20.0,37.0,10.0,26
Talen Horton-Tucker,talen horton-tucker,60.0,65.0,51.0,58.0,,57
Tari Eason,tari eason,,82.0,22.0,57.0,60.0,54
Taurean Prince,taurean prince,69.0,54.0,78.0,80.0,26.0,56
Taylor Hendricks,taylor hendricks,,,40.0,3.0,59.0,36
Taze Moore,taze moore,,,4.0,2.0,,3
Terance Mann,terance mann,81.0,81.0,75.0,67.0,63.0,69
Terence Davis,terence davis,30.0,64.0,,1.0,,18
Terquavion Smith,terquavion smith,,,16.0,,,16
Terrence Ross,terrence ross,63.0,63.0,,,,63
Terrence Shannon Jr,terrence shannon jr,,,,32.0,43.0,38
Terry Rozier,terry rozier,73.0,63.0,61.0,64.0,,64
Terry Taylor,terry taylor,33.0,31.0,31.0,3.0,,18
Thaddeus Young,thaddeus young,52.0,54.0,33.0,,,42
Thanasis Antetokounmpo,thanasis antetokounmpo,48.0,37.0,34.0,,34.0,36
Theo Maledon,theo maledon,51.0,44.0,17.0,,,30
Theo Pinson,theo pinson,19.0,40.0,,,,32
Thomas Bryant,thomas bryant,27.0,59.0,38.0,66.0,60.0,56
Tidjane Salaün,tidjane salaun,,,,60.0,37.0,47
Tim Frazier,tim frazier,12.0,,,,,12
Tim Hardaway Jr.,tim hardaway jr.,42.0,71.0,79.0,77.0,80.0,76
Timmy Allen,timmy allen,,,5.0,,,5
Timothe Luwawu-Cabarrot,timothe luwawu-cabarrot,52.0,,,,,52
Tobias Harris,tobias harris,73.0,74.0,70.0,73.0,63.0,69
Toby Okani,toby okani,,,,,6.0,6
Tolu Smith,tolu smith,,,,1.0,15.0,9
Tomas Satoransky,tomas satoransky,55.0,,,,,55
Tony Bradley,tony bradley,55.0,12.0,,14.0,41.0,29
Tony Snell,tony snell,53.0,,,,,53
Torrey Craig,torrey craig,78.0,79.0,53.0,26.0,,47
Tosan Evbuomwan,tosan evbuomwan,,,17.0,28.0,5.0,15
Toumani Camara,toumani camara,,,70.0,78.0,82.0,78
Trae Young,trae young,76.0,73.0,54.0,76.0,15.0,49
Trayce Jackson-Davis,trayce jackson-davis,,,68.0,62.0,53.0,59
Trayvon Palmer,trayvon palmer,1.0,,,,,1
Tre Johnson,tre johnson,,,,,60.0,60
Tre Jones,tre jones,69.0,68.0,77.0,46.0,65.0,62
Tre Mann,tre mann,60.0,67.0,41.0,13.0,53.0,41
Tremont Waters,tremont waters,3.0,,,,,3
Trendon Watford,trendon watford,48.0,62.0,63.0,44.0,53.0,53
Trent Forrest,trent forrest,60.0,23.0,38.0,,,38
Trentyn Flowers,trentyn flowers,,,,6.0,2.0,4
Trevelin Queen,trevelin queen,10.0,7.0,14.0,31.0,,20
Trevon Scott,trevon scott,2.0,,,,6.0,5
Trevor Ariza,trevor ariza,24.0,,,,,24
Trevor Hudgins,trevor hudgins,,5.0,,,,5
Trevor Keels,trevor keels,,3.0,,,8.0,7
Trey Alexander,trey alexander,,,,24.0,9.0,15
Trey Burke,trey burke,42.0,,,,,42
Trey Jemison III,trey jemison iii,,,25.0,38.0,13.0,24
Trey Lyles,trey lyles,75.0,74.0,58.0,69.0,,67
Trey Murphy III,trey murphy iii,62.0,79.0,57.0,53.0,66.0,62
Tristan da Silva,tristan da silva,,,,74.0,77.0,76
Tristan Enaruna,tristan enaruna,,,,,9.0,9
Tristan Thompson,tristan thompson,57.0,,49.0,40.0,,45
Tristan Vukcevic,tristan vukcevic,,,10.0,35.0,49.0,36
Tristen Newton,tristen newton,,,,8.0,1.0,4
Troy Brown Jr.,troy brown jr.,66.0,76.0,59.0,,,65
Ty Jerome,ty jerome,48.0,45.0,2.0,70.0,15.0,33
Tyler Burton,tyler burton,,,,,12.0,12
Tyler Cook,tyler cook,20.0,,,,,20
Tyler Dorsey,tyler dorsey,,3.0,,,,3
Tyler Hall,tyler hall,1.0,,,,,1
Tyler Herro,tyler herro,66.0,67.0,42.0,77.0,33.0,52
Tyler Johnson,tyler johnson,6.0,,,,,6
Tyler Kolek,tyler kolek,,,,41.0,62.0,53
Tyler Smith,tyler smith,,,,23.0,12.0,17
Tyrell Terry,tyrell terry,2.0,,,,,2
Tyrese Haliburton,tyrese haliburton,77.0,56.0,69.0,73.0,,70
Tyrese Martin,tyrese martin,,16.0,,60.0,46.0,48
Tyrese Maxey,tyrese maxey,75.0,60.0,70.0,52.0,70.0,64
Tyrese Proctor,tyrese proctor,,,,,50.0,50
Tyrone Wallace,tyrone wallace,6.0,,,,,6
Tyson Etienne,tyson etienne,,,,7.0,24.0,17
TyTy Washington Jr.,tyty washington jr.,,31.0,11.0,16.0,16.0,16
Tyus Jones,tyus jones,73.0,80.0,66.0,81.0,67.0,72
Udoka Azubuike,udoka azubuike,17.0,36.0,16.0,,,22
Udonis Haslem,udonis haslem,13.0,7.0,,,,9
Ulrich Chomche,ulrich chomche,,,,7.0,,7
Usman Garuba,usman garuba,24.0,75.0,6.0,,,28
Vasilije Micic,vasilije micic,,,60.0,41.0,,49
Vernon Carey Jr.,vernon carey jr.,7.0,11.0,,,,9
Victor Oladipo,victor oladipo,8.0,42.0,,,,29
Victor Wembanyama,victor wembanyama,,,71.0,46.0,64.0,60
Vince Williams Jr.,vince williams jr.,,15.0,52.0,27.0,40.0,36
Vít Krejčí,vit krejci,30.0,29.0,22.0,57.0,65.0,49
VJ Edgecombe,vj edgecombe,,,,,75.0,75
Vladislav Goldin,vladislav goldin,,,,,9.0,9
Vlatko Cancar,vlatko cancar,15.0,60.0,,13.0,,23
Walker Kessler,walker kessler,,74.0,64.0,58.0,5.0,40
Walter Clayton Jr.,walter clayton jr.,,,,,69.0,69
Wayne Ellington,wayne ellington,43.0,,,,,43
Wayne Selden,wayne selden,3.0,,,,,3
Wendell Carter Jr.,wendell carter jr.,62.0,57.0,55.0,68.0,78.0,68
Wendell Moore Jr.,wendell moore jr.,,29.0,25.0,36.0,6.0,21
Wenyen Gabriel,wenyen gabriel,26.0,68.0,5.0,,,26
Wes Iwundu,wes iwundu,3.0,,,,,3
Wesley Matthews,wesley matthews,49.0,52.0,36.0,,,43
Will Barton,will barton,71.0,56.0,,,,62
Will Richard,will richard,,,,,69.0,69
Will Riley,will riley,,,,,74.0,74
Willie Cauley-Stein,willie cauley-stein,20.0,,,,,20
Willy Hernangomez,willy hernangomez,50.0,38.0,,,,42
Xavier Cooks,xavier cooks,,10.0,,,,10
Xavier Moon,xavier moon,10.0,4.0,14.0,,,11
Xavier Sneed,xavier sneed,9.0,4.0,,,,6
Xavier Tillman,xavier tillman,53.0,61.0,54.0,33.0,30.0,40
Yang Hansen,yang hansen,,,,,43.0,43
Yanic Konan Niederhäuser,yanic konan niederhauser,,,,,41.0,41
Yuki Kawamura,yuki kawamura,,,,22.0,18.0,20
Yuri Collins,yuri collins,,,,2.0,,2
Yuta Watanabe,yuta watanabe,38.0,58.0,34.0,,,41
Yves Missi,yves missi,,,,73.0,66.0,69
Yves Pons,yves pons,12.0,,,,,12
Zaccharie Risacher,zaccharie risacher,,,,75.0,67.0,70
Zach Collins,zach collins,28.0,63.0,69.0,64.0,10.0,42
Zach Edey,zach edey,,,,66.0,11.0,35
Zach LaVine,zach lavine,67.0,77.0,25.0,74.0,39.0,51
Zavier Simpson,zavier simpson,4.0,,7.0,,,6
Zeke Nnaji,zeke nnaji,41.0,53.0,58.0,57.0,52.0,54
Ziaire Williams,ziaire williams,62.0,37.0,51.0,63.0,56.0,56
Zion Williamson,zion williamson,,29.0,70.0,30.0,62.0,51
Zylan Cheatham,zylan cheatham,1.0,,,,,1
Zyon Pullin,zyon pullin,,,,3.0,5.0,4
