player_name,positions,pts,reb,ast,stl,blk,fg3m,fg_pct,fga,ft_pct,fta,to,season,team,age,games,games_started,mp,fg,fg3a,fg3_pct,fg2,fg2a,fg2_pct,efg_pct,ft,orb,drb,pf,awards
Luka Dončić,PG,33.5,7.7,8.3,1.6,0.5,4.0,0.476,22.8,0.78,10.1,4.0,2025-26,LAL,26.0,64.0,64.0,35.8,10.8,10.8,0.366,6.9,11.9,0.575,0.563,7.9,0.6,7.1,2.4,"MVP-4,CPOY-8,AS,NBA1"
Shai Gilgeous-Alexander,PG,31.1,4.3,6.6,1.4,0.8,1.7,0.553,19.4,0.879,9.0,2.2,2025-26,OKC,27.0,68.0,68.0,33.2,10.8,4.4,0.386,9.1,15.0,0.602,0.597,7.9,0.6,3.7,2.0,"MVP-1,CPOY-1,AS,NBA1"
Anthony Edwards,SG,28.8,5.0,3.7,1.4,0.8,3.4,0.489,20.2,0.796,7.2,2.9,2025-26,MIN,24.0,61.0,60.0,35.0,9.9,8.4,0.399,6.5,11.8,0.554,0.572,5.7,0.6,4.4,1.9,"CPOY-3,AS"
Jaylen Brown,SF,28.7,6.9,5.1,1.0,0.4,2.0,0.477,21.7,0.795,7.5,3.6,2025-26,BOS,29.0,71.0,71.0,34.4,10.4,5.7,0.347,8.4,16.0,0.523,0.522,6.0,1.1,5.8,2.7,"MVP-6,AS,NBA2"
Tyrese Maxey,PG,28.3,4.1,6.6,1.9,0.8,3.1,0.462,21.4,0.892,6.0,2.4,2025-26,PHI,25.0,70.0,70.0,38.0,9.9,8.6,0.367,6.8,12.9,0.525,0.536,5.3,0.3,3.8,2.2,"CPOY-7,AS,NBA3"
Kawhi Leonard,SF,27.9,6.4,3.6,1.9,0.4,2.6,0.505,19.4,0.892,6.4,2.0,2025-26,LAC,34.0,65.0,65.0,32.1,9.8,6.8,0.387,7.1,12.5,0.569,0.573,5.7,1.1,5.3,1.2,"MVP-7,CPOY-10,AS,NBA2"
Donovan Mitchell,SG,27.9,4.5,5.7,1.5,0.3,3.2,0.483,20.0,0.865,6.1,2.8,2025-26,CLE,29.0,70.0,70.0,33.5,9.7,8.8,0.364,6.5,11.2,0.577,0.563,5.3,0.7,3.8,2.3,"MVP-7,AS,NBA2"
Nikola Jokić,C,27.7,12.9,10.7,1.4,0.8,1.7,0.569,17.4,0.831,7.4,3.7,2025-26,DEN,30.0,65.0,65.0,34.8,9.9,4.5,0.38,8.2,12.9,0.636,0.618,6.1,3.0,9.9,2.7,"MVP-2,CPOY-6,AS,NBA1"
Giannis Antetokounmpo,PF,27.6,9.8,5.4,0.9,0.7,0.4,0.624,16.6,0.65,9.9,3.2,2025-26,MIL,31.0,36.0,36.0,28.9,10.4,1.3,0.333,9.9,15.4,0.647,0.636,6.4,2.7,7.1,2.4,AS
Joel Embiid,C,26.9,7.7,3.9,0.6,1.2,1.4,0.489,18.3,0.854,8.8,2.9,2025-26,PHI,31.0,38.0,38.0,31.6,9.0,4.2,0.333,7.6,14.2,0.535,0.527,7.5,2.0,5.7,2.2,
Lauri Markkanen,PF,26.7,6.9,2.1,1.0,0.5,2.7,0.477,19.2,0.896,6.4,1.5,2025-26,UTA,28.0,42.0,42.0,34.4,9.1,7.7,0.355,6.4,11.5,0.559,0.548,5.7,2.0,4.9,1.8,
Stephen Curry,PG,26.6,3.6,4.7,1.1,0.4,4.4,0.468,18.6,0.923,5.1,2.8,2025-26,GSW,37.0,43.0,41.0,30.9,8.7,11.3,0.393,4.3,7.3,0.584,0.587,4.7,0.4,3.2,1.7,AS
Devin Booker,SG,26.1,3.9,6.0,0.8,0.3,1.9,0.456,18.7,0.873,8.1,3.1,2025-26,PHO,29.0,64.0,64.0,33.5,8.5,5.8,0.33,6.6,12.9,0.512,0.507,7.1,0.8,3.1,2.6,AS
Jalen Brunson,PG,26.0,3.3,6.8,0.8,0.1,2.6,0.467,19.9,0.841,5.7,2.4,2025-26,NYK,29.0,74.0,74.0,35.0,9.3,7.1,0.369,6.7,12.8,0.522,0.533,4.8,0.4,2.9,2.3,"CPOY-5,AS,NBA2"
Kevin Durant,SF,26.0,5.5,4.8,0.8,0.9,2.4,0.52,17.6,0.874,6.0,3.2,2025-26,HOU,37.0,78.0,78.0,36.4,9.2,5.8,0.413,6.8,11.9,0.572,0.588,5.2,0.5,4.9,1.8,"CPOY-9,AS,NBA2"
Jamal Murray,PG,25.4,4.4,7.1,0.9,0.4,3.3,0.483,18.1,0.887,5.2,2.3,2025-26,DEN,28.0,75.0,75.0,35.4,8.8,7.5,0.435,5.5,10.6,0.517,0.573,4.6,0.4,4.0,1.7,"CPOY-2,AS,NBA3"
Victor Wembanyama,C,25.0,11.5,3.1,1.0,3.1,1.9,0.512,16.9,0.827,7.0,2.4,2025-26,SAS,22.0,64.0,55.0,29.2,8.6,5.5,0.349,6.7,11.4,0.59,0.569,5.8,2.0,9.5,2.4,"MVP-3,DPOY-1,AS,NBA1,DEF1"
Deni Avdija,SF,24.2,6.9,6.7,0.8,0.6,1.9,0.462,16.1,0.802,9.2,3.8,2025-26,POR,25.0,66.0,66.0,33.3,7.5,6.0,0.318,5.6,10.2,0.547,0.521,7.4,1.1,5.8,2.5,AS
Michael Porter Jr.,SF,24.2,7.1,3.0,1.1,0.3,3.4,0.463,18.4,0.859,4.4,2.3,2025-26,BRK,27.0,52.0,52.0,32.5,8.5,9.3,0.363,5.2,9.1,0.567,0.555,3.8,1.3,5.7,2.2,
Pascal Siakam,PF,24.0,6.6,3.8,1.1,0.4,1.7,0.484,18.6,0.693,6.1,2.2,2025-26,IND,31.0,62.0,62.0,33.2,9.0,4.7,0.358,7.3,13.9,0.527,0.529,4.2,1.4,5.2,2.4,AS
Cade Cunningham,PG,23.9,5.5,9.9,1.4,0.8,2.0,0.461,18.6,0.812,6.0,3.7,2025-26,DET,24.0,64.0,64.0,33.9,8.6,5.7,0.342,6.6,12.9,0.514,0.513,4.8,0.9,4.7,3.1,"MVP-5,CPOY-4,AS,NBA1"
James Harden,PG,23.6,4.8,8.0,1.1,0.4,3.1,0.434,16.0,0.884,7.5,3.5,2025-26,2TM,36.0,70.0,70.0,34.8,7.0,8.2,0.375,3.9,7.9,0.495,0.529,6.6,0.6,4.2,2.0,
Keyonte George,PG,23.6,3.7,6.1,1.1,0.3,2.5,0.456,16.3,0.892,7.0,3.1,2025-26,UTA,22.0,54.0,54.0,33.1,7.4,6.7,0.371,5.0,9.6,0.515,0.532,6.2,0.4,3.3,2.2,
Austin Reaves,SG,23.3,4.7,5.5,1.1,0.4,2.3,0.49,14.9,0.871,7.3,3.0,2025-26,LAL,27.0,51.0,45.0,34.5,7.3,6.4,0.36,5.0,8.5,0.588,0.567,6.3,0.6,4.1,2.2,
Jalen Johnson,SF,22.5,10.3,7.9,1.2,0.4,1.7,0.489,17.1,0.788,5.3,3.4,2025-26,ATL,24.0,72.0,72.0,35.2,8.3,4.7,0.352,6.7,12.3,0.541,0.537,4.2,1.4,8.9,2.1,"AS,NBA3"
Paolo Banchero,PF,22.2,8.4,5.2,0.7,0.6,1.2,0.459,16.0,0.775,8.2,3.1,2025-26,ORL,23.0,72.0,72.0,34.8,7.3,3.8,0.305,6.2,12.2,0.507,0.496,6.3,1.2,7.2,2.0,
Jayson Tatum,PF,21.8,10.0,5.3,1.4,0.2,2.9,0.411,17.9,0.823,4.9,2.4,2025-26,BOS,27.0,16.0,16.0,32.6,7.4,8.9,0.329,4.4,9.0,0.493,0.493,4.1,0.5,9.5,1.6,
Norman Powell,SG,21.7,3.5,2.5,1.1,0.2,2.7,0.47,15.4,0.827,5.5,1.9,2025-26,MIA,32.0,58.0,52.0,29.6,7.3,7.1,0.38,4.6,8.4,0.546,0.558,4.5,0.4,3.1,2.2,AS
Brandon Ingram,SF,21.5,5.6,3.7,0.8,0.7,1.8,0.477,16.7,0.82,4.6,2.4,2025-26,TOR,28.0,77.0,77.0,33.8,8.0,4.6,0.382,6.2,12.1,0.512,0.529,3.8,0.8,4.8,1.9,AS
Trey Murphy III,SF,21.5,5.7,3.8,1.5,0.4,3.2,0.47,15.9,0.886,3.7,1.8,2025-26,NOP,25.0,66.0,66.0,35.5,7.5,8.6,0.379,4.2,7.3,0.577,0.572,3.3,1.0,4.8,2.1,
Julius Randle,PF,21.1,6.7,5.0,1.1,0.2,1.4,0.481,15.3,0.802,6.3,2.7,2025-26,MIN,31.0,79.0,79.0,33.0,7.3,4.4,0.315,6.0,10.9,0.547,0.526,5.0,1.7,5.1,2.8,
Cooper Flagg,SF,21.0,6.7,4.5,1.2,0.9,1.0,0.468,17.1,0.827,4.9,2.3,2025-26,DAL,19.0,70.0,70.0,33.5,8.0,3.5,0.295,7.0,13.6,0.513,0.498,4.0,1.2,5.4,2.0,ROY-1
Zion Williamson,PF,21.0,5.7,3.2,1.0,0.5,0.0,0.6,13.0,0.716,7.5,2.0,2025-26,NOP,25.0,62.0,55.0,29.7,7.8,0.1,0.25,7.8,13.0,0.601,0.6,5.4,2.0,3.7,2.3,
LeBron James,SF,20.9,6.1,7.2,1.2,0.6,1.3,0.515,15.3,0.737,5.3,3.0,2025-26,LAL,41.0,60.0,60.0,33.2,7.9,4.1,0.317,6.6,11.3,0.586,0.557,3.9,0.7,5.4,1.4,AS
Nickeil Alexander-Walker,SG,20.8,3.4,3.7,1.3,0.5,3.2,0.459,15.3,0.902,3.9,2.1,2025-26,ATL,27.0,78.0,71.0,33.4,7.0,8.1,0.399,3.8,7.3,0.525,0.564,3.6,0.7,2.8,2.2,MIP-1
Shaedon Sharpe,SG,20.8,4.3,2.6,1.4,0.1,2.1,0.452,17.4,0.787,3.9,2.9,2025-26,POR,22.0,50.0,42.0,29.4,7.8,6.1,0.337,5.8,11.2,0.514,0.511,3.1,1.0,3.3,2.0,
Franz Wagner,SF,20.6,5.2,3.3,0.9,0.3,1.4,0.481,14.9,0.823,5.8,1.7,2025-26,ORL,24.0,34.0,32.0,30.0,7.2,4.1,0.345,5.8,10.8,0.533,0.529,4.8,1.3,3.9,2.1,
Tyler Herro,SG,20.5,4.8,4.1,0.7,0.4,2.5,0.48,15.6,0.917,3.3,1.9,2025-26,MIA,26.0,33.0,28.0,31.3,7.5,6.7,0.378,4.9,8.9,0.556,0.561,3.0,0.4,4.4,1.9,
Anthony Davis,PF,20.4,11.1,2.8,1.1,1.7,0.5,0.506,16.7,0.728,4.1,2.1,2025-26,DAL,32.0,20.0,20.0,31.3,8.5,1.9,0.27,8.0,14.9,0.535,0.521,3.0,3.1,8.0,2.1,
Alperen Şengün,C,20.4,8.9,6.2,1.2,1.1,0.6,0.519,15.6,0.691,5.2,3.2,2025-26,HOU,23.0,72.0,72.0,33.3,8.1,1.8,0.305,7.5,13.8,0.547,0.537,3.6,3.0,5.9,3.3,AS
Dillon Brooks,SF,20.2,3.6,1.8,1.0,0.2,2.3,0.435,17.1,0.842,3.6,1.8,2025-26,PHO,30.0,56.0,56.0,30.4,7.4,6.6,0.344,5.2,10.5,0.492,0.501,3.0,0.8,2.9,3.3,
Brandon Miller,SF,20.2,4.9,3.3,1.0,0.7,3.1,0.435,16.1,0.892,3.4,2.5,2025-26,CHO,23.0,65.0,65.0,30.3,7.0,8.2,0.383,3.8,7.9,0.489,0.533,3.1,1.1,3.8,2.8,
Bam Adebayo,C,20.1,10.0,3.2,1.2,0.7,1.7,0.442,15.7,0.778,5.8,1.6,2025-26,MIA,28.0,73.0,73.0,32.4,6.9,5.5,0.318,5.2,10.2,0.509,0.497,4.5,2.0,8.0,1.7,"DPOY-11,DEF2"
LaMelo Ball,PG,20.1,4.8,7.1,1.2,0.2,3.8,0.407,17.3,0.899,2.5,2.8,2025-26,CHO,24.0,72.0,69.0,28.0,7.0,10.3,0.368,3.3,7.0,0.464,0.516,2.2,0.9,3.9,2.7,
Desmond Bane,SG,20.1,4.1,4.1,1.0,0.5,2.0,0.484,14.7,0.908,4.2,2.0,2025-26,ORL,27.0,82.0,82.0,33.6,7.1,5.2,0.391,5.1,9.5,0.535,0.553,3.8,1.2,2.9,3.1,
Karl-Anthony Towns,C,20.1,11.9,3.0,0.9,0.5,1.5,0.501,13.8,0.858,5.5,2.5,2025-26,NYK,30.0,75.0,75.0,31.0,6.9,4.1,0.368,5.4,9.7,0.557,0.556,4.8,3.1,8.7,3.4,AS
Jimmy Butler,SF,20.0,5.6,4.9,1.4,0.2,0.8,0.519,12.2,0.864,7.6,1.6,2025-26,GSW,36.0,38.0,38.0,31.1,6.3,2.2,0.376,5.5,9.9,0.552,0.554,6.5,2.3,3.2,1.2,
Ty Jerome,SG,19.7,2.8,5.7,1.1,0.3,2.8,0.474,14.3,0.875,3.7,1.8,2025-26,MEM,28.0,15.0,15.0,22.6,6.8,6.7,0.42,4.0,7.7,0.522,0.572,3.3,0.7,2.1,2.1,
Jalen Duren,C,19.5,10.5,2.0,0.8,0.8,0.0,0.65,11.5,0.747,6.1,1.9,2025-26,DET,22.0,70.0,70.0,28.2,7.5,0.0,0.0,7.5,11.5,0.65,0.65,4.6,3.8,6.7,2.8,"DPOY-11,AS,NBA3"
Ja Morant,PG,19.5,3.3,8.1,1.0,0.3,1.0,0.41,16.1,0.897,5.9,3.6,2025-26,MEM,26.0,20.0,20.0,28.5,6.6,4.3,0.235,5.6,11.9,0.473,0.441,5.3,0.4,2.9,2.0,
Jaren Jackson Jr.,C,19.4,5.7,2.0,1.1,1.4,1.8,0.476,15.0,0.803,4.2,2.2,2025-26,2TM,26.0,48.0,48.0,30.3,7.1,4.9,0.357,5.4,10.1,0.533,0.534,3.4,0.9,4.8,3.7,
RJ Barrett,SF,19.3,5.3,3.3,0.7,0.3,1.7,0.491,14.3,0.717,4.9,1.7,2025-26,TOR,25.0,57.0,57.0,30.3,7.0,5.0,0.339,5.4,9.4,0.572,0.55,3.5,1.0,4.3,2.6,
Zach LaVine,SG,19.2,2.8,2.3,0.7,0.3,2.5,0.479,14.0,0.88,3.6,1.9,2025-26,SAC,30.0,39.0,37.0,31.4,6.7,6.5,0.39,4.2,7.5,0.556,0.569,3.2,0.2,2.6,2.1,
Darius Garland,PG,18.8,2.4,6.7,1.0,0.2,2.7,0.46,14.9,0.861,2.7,2.9,2025-26,2TM,26.0,45.0,43.0,29.9,6.9,6.8,0.396,4.2,8.1,0.514,0.551,2.3,0.4,2.0,1.9,
CJ McCollum,PG,18.7,3.3,3.9,0.8,0.5,2.5,0.455,15.2,0.772,3.1,1.8,2025-26,2TM,34.0,76.0,60.0,29.8,6.9,6.7,0.375,4.4,8.5,0.519,0.538,2.4,0.8,2.5,1.9,
De'Aaron Fox,PG,18.6,3.8,6.2,1.2,0.3,1.8,0.486,14.5,0.76,3.4,2.3,2025-26,SAS,28.0,72.0,72.0,31.0,7.1,5.5,0.332,5.3,9.1,0.58,0.549,2.6,0.6,3.2,2.3,AS
Jerami Grant,PF,18.6,3.5,2.1,0.7,0.6,2.4,0.453,12.8,0.814,5.6,2.1,2025-26,POR,31.0,57.0,38.0,29.7,5.8,6.1,0.389,3.4,6.7,0.513,0.547,4.6,1.0,2.5,2.5,
Kon Knueppel,SF,18.5,5.3,3.4,0.7,0.2,3.4,0.475,13.4,0.863,2.8,2.0,2025-26,CHO,20.0,81.0,80.0,31.5,6.4,7.9,0.425,3.0,5.5,0.548,0.601,2.4,1.2,4.1,2.1,ROY-2
DeMar DeRozan,PF,18.4,2.9,4.1,1.0,0.3,0.6,0.497,13.1,0.868,5.6,1.2,2025-26,SAC,36.0,77.0,77.0,31.2,6.5,1.9,0.32,5.9,11.1,0.527,0.52,4.9,0.5,2.5,1.9,
Amen Thompson,PG,18.3,7.8,5.3,1.5,0.6,0.3,0.534,13.2,0.779,4.9,2.4,2025-26,HOU,23.0,79.0,79.0,37.4,7.1,1.5,0.216,6.7,11.7,0.573,0.545,3.8,3.0,4.8,2.2,DPOY-8
Evan Mobley,PF,18.2,9.0,3.6,0.7,1.7,1.0,0.546,13.2,0.606,4.6,1.9,2025-26,CLE,24.0,65.0,63.0,31.9,7.2,3.2,0.297,6.3,10.0,0.626,0.582,2.8,2.4,6.6,2.4,
Scottie Barnes,PF,18.1,7.5,5.9,1.4,1.5,0.9,0.507,14.0,0.815,3.7,2.6,2025-26,TOR,24.0,80.0,80.0,33.5,7.1,2.8,0.304,6.3,11.2,0.557,0.537,3.0,1.9,5.6,2.6,"DPOY-5,AS,DEF2"
Trae Young,PG,17.9,2.0,8.0,0.9,0.1,1.8,0.458,11.8,0.825,6.5,2.6,2025-26,2TM,27.0,15.0,15.0,25.6,5.4,5.3,0.338,3.6,6.5,0.557,0.534,5.3,0.3,1.7,2.2,
Jalen Green,SG,17.8,3.6,2.8,1.1,0.3,2.2,0.422,16.0,0.747,2.7,2.3,2025-26,PHO,23.0,32.0,27.0,25.9,6.8,7.1,0.313,4.5,8.9,0.509,0.491,2.0,0.5,3.1,1.3,
Saddiq Bey,SF,17.7,5.6,2.5,0.9,0.1,2.1,0.451,13.4,0.841,4.1,0.9,2025-26,NOP,26.0,72.0,64.0,31.2,6.1,5.7,0.367,4.0,7.7,0.514,0.529,3.4,1.7,3.9,1.3,
Bennedict Mathurin,SF,17.6,5.4,2.4,0.8,0.2,1.4,0.43,12.5,0.869,6.2,2.2,2025-26,2TM,23.0,54.0,25.0,30.0,5.4,4.4,0.315,4.0,8.1,0.492,0.485,5.4,1.0,4.4,2.5,
Coby White,SG,17.4,3.4,4.0,0.5,0.1,2.3,0.446,12.5,0.817,4.8,2.6,2025-26,2TM,25.0,50.0,26.0,25.0,5.6,6.4,0.362,3.3,6.1,0.534,0.539,3.9,0.3,3.1,2.2,
Kevin Porter Jr.,PG,17.4,5.2,7.4,2.2,0.5,1.2,0.465,13.5,0.878,4.1,2.9,2025-26,MIL,25.0,38.0,36.0,33.2,6.3,3.8,0.322,5.1,9.8,0.52,0.51,3.6,0.9,4.3,2.3,
Paul George,PF,17.3,5.3,3.6,1.7,0.4,2.7,0.439,13.9,0.82,3.0,1.7,2025-26,PHI,35.0,37.0,37.0,30.7,6.1,6.9,0.392,3.4,7.0,0.484,0.536,2.5,0.5,4.8,2.3,
Ryan Rollins,PG,17.3,4.6,5.6,1.5,0.4,2.5,0.472,13.9,0.796,2.1,2.7,2025-26,MIL,23.0,74.0,67.0,32.1,6.6,6.1,0.406,4.1,7.8,0.523,0.561,1.7,0.7,3.8,2.6,
Miles Bridges,PF,17.1,5.8,3.2,0.6,0.4,1.9,0.46,13.5,0.822,3.3,1.4,2025-26,CHO,27.0,77.0,77.0,31.0,6.2,5.8,0.333,4.3,7.8,0.554,0.531,2.7,1.0,4.9,1.7,
Chet Holmgren,PF,17.1,8.9,1.7,0.6,1.9,1.3,0.557,11.3,0.792,4.1,1.6,2025-26,OKC,23.0,69.0,69.0,28.9,6.3,3.5,0.362,5.0,7.8,0.646,0.614,3.3,1.9,7.0,2.3,"DPOY-2,AS,NBA3,DEF1"
Jalen Williams,SG,17.1,4.6,5.5,1.2,0.3,0.7,0.484,13.5,0.837,3.9,1.9,2025-26,OKC,24.0,33.0,33.0,28.4,6.5,2.3,0.299,5.8,11.2,0.523,0.51,3.3,0.8,3.8,2.0,
Josh Giddey,PG,17.0,8.3,9.1,1.0,0.5,1.9,0.448,13.3,0.763,4.2,3.6,2025-26,CHI,23.0,54.0,51.0,32.1,5.9,5.2,0.364,4.0,8.0,0.502,0.52,3.2,1.2,7.1,1.7,
Payton Pritchard,PG,17.0,3.9,5.2,0.7,0.1,2.7,0.464,13.8,0.89,1.7,1.4,2025-26,BOS,28.0,79.0,50.0,32.4,6.4,7.1,0.377,3.7,6.7,0.556,0.561,1.5,0.9,3.1,1.5,
Andrew Nembhard,PG,16.9,2.8,7.7,0.9,0.1,1.9,0.442,13.2,0.825,4.1,2.4,2025-26,IND,26.0,57.0,57.0,31.3,5.8,5.2,0.361,4.0,8.0,0.495,0.513,3.4,0.4,2.4,2.2,
Kristaps Porziņģis,C,16.7,5.2,2.5,0.6,1.2,1.7,0.446,12.1,0.842,4.9,1.3,2025-26,2TM,30.0,32.0,23.0,24.0,5.4,5.0,0.338,3.7,7.1,0.522,0.515,4.2,1.3,4.0,2.9,
OG Anunoby,PF,16.7,5.2,2.2,1.6,0.7,2.3,0.484,12.0,0.828,3.3,1.8,2025-26,NYK,28.0,67.0,67.0,33.2,5.8,6.1,0.386,3.5,5.9,0.584,0.581,2.7,1.3,4.0,2.4,"DPOY-10,DEF2"
Stephon Castle,PG,16.7,5.3,7.4,1.1,0.3,1.2,0.471,12.0,0.734,5.6,3.2,2025-26,SAS,21.0,68.0,67.0,30.0,5.7,3.6,0.332,4.5,8.4,0.531,0.521,4.1,1.4,3.9,3.3,
Dejounte Murray,PG,16.7,5.4,6.4,1.6,0.2,1.4,0.484,13.0,0.867,3.2,3.4,2025-26,NOP,29.0,14.0,14.0,27.8,6.3,4.4,0.306,4.9,8.6,0.575,0.536,2.8,0.3,5.1,2.4,
Grayson Allen,SG,16.5,3.0,3.8,1.4,0.3,3.1,0.403,13.1,0.857,3.3,1.6,2025-26,PHO,30.0,51.0,27.0,28.8,5.3,8.9,0.349,2.2,4.2,0.519,0.522,2.8,0.7,2.3,2.3,
Derrick White,SG,16.5,4.4,5.4,1.1,1.3,2.7,0.394,14.4,0.902,2.6,1.7,2025-26,BOS,31.0,77.0,77.0,34.1,5.7,8.3,0.327,3.0,6.1,0.487,0.489,2.4,1.1,3.3,1.5,"DPOY-6,DEF1"
Immanuel Quickley,PG,16.4,4.0,5.9,1.3,0.1,2.5,0.443,12.9,0.821,3.0,1.5,2025-26,TOR,26.0,70.0,70.0,31.9,5.7,6.8,0.374,3.2,6.1,0.52,0.541,2.4,0.5,3.5,2.0,
Matas Buzelis,PF,16.3,5.8,2.1,0.7,1.5,2.2,0.463,12.5,0.786,3.1,2.1,2025-26,CHI,21.0,77.0,77.0,29.2,5.8,6.4,0.349,3.5,6.1,0.583,0.553,2.4,1.0,4.8,2.3,
Jrue Holiday,PG,16.3,4.6,6.1,1.0,0.1,2.6,0.451,13.4,0.838,2.0,2.8,2025-26,POR,35.0,53.0,51.0,29.4,6.0,6.8,0.378,3.5,6.5,0.527,0.548,1.7,1.3,3.3,1.5,
Alex Sarr,C,16.3,7.4,2.7,0.8,2.0,1.0,0.482,13.7,0.692,3.0,1.7,2025-26,WAS,20.0,48.0,48.0,27.2,6.6,3.1,0.333,5.5,10.5,0.526,0.52,2.1,2.2,5.2,2.2,
Dariq Whitehead,SF,16.3,4.0,1.5,0.7,0.0,3.2,0.398,15.5,0.714,1.2,1.7,2025-26,MEM,21.0,6.0,2.0,30.5,6.2,10.0,0.317,3.0,5.5,0.545,0.5,0.8,0.3,3.7,2.2,
Aaron Gordon,PF,16.2,5.8,2.7,0.6,0.3,1.7,0.497,11.1,0.767,4.5,1.1,2025-26,DEN,30.0,36.0,33.0,27.9,5.5,4.4,0.389,3.8,6.7,0.568,0.574,3.5,1.4,4.4,1.7,
VJ Edgecombe,SG,16.0,5.6,4.2,1.4,0.5,2.0,0.438,13.7,0.818,2.4,1.8,2025-26,PHI,20.0,75.0,75.0,35.0,6.0,5.6,0.354,4.0,8.1,0.496,0.51,2.0,1.6,4.0,2.9,ROY-3
Domantas Sabonis,C,15.8,11.4,4.1,0.9,0.2,0.3,0.543,11.6,0.727,4.1,2.7,2025-26,SAC,29.0,19.0,15.0,29.7,6.3,1.4,0.185,6.1,10.2,0.593,0.554,2.9,3.4,8.0,3.5,
Jabari Smith Jr.,PF,15.8,6.9,1.9,0.7,0.9,2.3,0.45,12.6,0.775,2.7,1.4,2025-26,HOU,22.0,77.0,77.0,35.1,5.7,6.3,0.363,3.4,6.3,0.537,0.541,2.1,1.4,5.5,2.5,
Collin Sexton,SG,15.4,2.3,3.3,1.1,0.1,1.6,0.485,10.9,0.855,3.8,2.1,2025-26,2TM,27.0,68.0,22.0,23.7,5.3,4.1,0.401,3.6,6.8,0.536,0.561,3.2,0.6,1.7,2.1,
Jarrett Allen,C,15.4,8.5,1.8,1.0,0.8,0.0,0.638,9.4,0.709,4.7,1.3,2025-26,CLE,27.0,56.0,56.0,27.1,6.0,0.2,0.1,6.0,9.3,0.649,0.639,3.3,2.6,5.9,1.7,
Jaime Jaquez Jr.,SF,15.4,5.0,4.7,0.7,0.3,0.8,0.507,12.2,0.769,2.9,2.0,2025-26,MIA,24.0,75.0,1.0,28.3,6.2,2.4,0.317,5.4,9.8,0.555,0.539,2.2,1.3,3.7,1.8,6MOY-2
Andrew Wiggins,SF,15.4,4.8,2.7,1.1,1.0,2.0,0.475,12.1,0.784,2.4,1.5,2025-26,MIA,30.0,68.0,68.0,30.3,5.7,4.9,0.414,3.7,7.2,0.516,0.559,1.9,1.7,3.1,2.3,
Naji Marshall,SF,15.2,4.7,3.3,1.1,0.1,0.8,0.51,11.1,0.76,4.1,1.6,2025-26,DAL,28.0,74.0,47.0,29.5,5.7,2.9,0.291,4.8,8.2,0.587,0.548,3.1,0.9,3.8,1.9,
Onyeka Okongwu,C,15.2,7.6,3.1,1.1,1.1,1.9,0.48,11.6,0.757,2.7,1.7,2025-26,ATL,25.0,74.0,63.0,31.0,5.6,5.2,0.376,3.6,6.4,0.564,0.564,2.1,1.9,5.7,3.3,
Russell Westbrook,SF,15.2,5.4,6.7,1.3,0.2,2.0,0.427,13.1,0.694,2.9,3.3,2025-26,SAC,37.0,64.0,58.0,29.0,5.6,5.9,0.338,3.6,7.2,0.5,0.503,2.0,1.3,4.2,2.3,
Nikola Vučević,C,15.1,8.4,3.3,0.6,0.6,1.6,0.493,12.5,0.828,1.5,1.3,2025-26,2TM,35.0,64.0,49.0,28.4,6.2,4.2,0.369,4.6,8.3,0.557,0.556,1.2,2.0,6.4,2.0,
Anthony Black,PG,15.0,3.8,3.7,1.4,0.7,1.6,0.447,12.1,0.732,3.6,2.1,2025-26,ORL,22.0,64.0,40.0,29.8,5.4,4.7,0.333,3.8,7.4,0.519,0.512,2.6,0.7,3.1,2.7,
Kennedy Chandler,PG,15.0,3.4,6.7,1.0,0.2,1.4,0.445,12.5,0.651,3.9,2.1,2025-26,UTA,23.0,11.0,2.0,32.3,5.5,3.5,0.395,4.2,9.0,0.465,0.5,2.5,0.5,2.8,2.1,
Brice Sensabaugh,SF,14.9,3.1,1.9,0.7,0.2,2.2,0.46,11.4,0.826,2.7,1.7,2025-26,UTA,22.0,75.0,22.0,23.5,5.3,5.9,0.367,3.1,5.5,0.559,0.554,2.2,0.7,2.3,1.9,
Ayo Dosunmu,SG,14.8,3.4,3.6,0.8,0.3,1.8,0.517,10.8,0.876,2.1,1.4,2025-26,2TM,26.0,69.0,19.0,27.3,5.6,4.1,0.439,3.8,6.8,0.563,0.599,1.8,0.7,2.8,1.9,6MOY-9
Kyshawn George,SF,14.8,5.1,4.5,1.0,0.9,2.1,0.438,12.0,0.802,2.7,2.6,2025-26,WAS,22.0,48.0,48.0,29.0,5.3,5.4,0.381,3.2,6.6,0.486,0.524,2.2,0.9,4.2,3.5,
Jaden McDaniels,PF,14.8,4.2,2.7,1.1,1.0,1.4,0.515,11.1,0.835,2.4,1.8,2025-26,MIN,25.0,73.0,73.0,31.7,5.7,3.4,0.412,4.3,7.7,0.562,0.579,2.0,1.0,3.2,3.3,
Peyton Watson,SF,14.6,4.9,2.1,0.9,1.1,1.5,0.491,10.8,0.73,3.5,1.7,2025-26,DEN,23.0,54.0,40.0,29.6,5.3,3.6,0.411,3.8,7.1,0.531,0.56,2.6,0.9,4.0,2.5,
Mikal Bridges,SF,14.4,3.8,3.7,1.3,0.8,1.9,0.49,11.7,0.827,1.2,1.0,2025-26,NYK,29.0,82.0,82.0,32.8,5.8,5.1,0.371,3.9,6.6,0.582,0.571,1.0,1.0,2.8,2.0,
Walker Kessler,C,14.4,10.8,3.0,1.4,1.8,1.2,0.703,7.4,0.7,4.0,3.2,2025-26,UTA,24.0,5.0,5.0,30.8,5.2,1.6,0.75,4.0,5.8,0.69,0.784,2.8,4.6,6.2,4.4,
Anfernee Simons,SG,14.3,2.5,2.4,0.5,0.1,2.7,0.44,11.8,0.896,1.4,1.2,2025-26,2TM,26.0,55.0,5.0,24.9,5.2,6.9,0.385,2.5,4.9,0.517,0.552,1.3,0.6,1.9,1.7,
Jeremiah Fears,PG,14.3,3.7,3.4,1.2,0.4,1.2,0.434,12.3,0.789,3.0,2.2,2025-26,NOP,19.0,82.0,49.0,25.8,5.3,3.7,0.33,4.1,8.5,0.48,0.485,2.4,0.7,2.9,1.8,
Cormac Ryan,SG,14.3,2.5,1.7,1.0,0.3,2.5,0.52,9.3,0.923,2.4,1.5,2025-26,MIL,27.0,11.0,2.0,24.6,4.8,5.4,0.458,2.4,3.9,0.605,0.652,2.2,0.7,1.8,2.5,
Scoot Henderson,PG,14.2,2.7,3.7,0.9,0.3,1.9,0.418,11.4,0.84,3.3,2.4,2025-26,POR,21.0,30.0,10.0,24.9,4.8,5.4,0.352,2.9,6.0,0.478,0.501,2.8,0.6,2.1,2.8,
P.J. Washington,PF,14.2,7.0,1.8,1.0,1.1,1.4,0.45,11.8,0.687,3.3,1.7,2025-26,DAL,27.0,56.0,53.0,31.0,5.3,4.2,0.325,3.9,7.6,0.519,0.508,2.2,1.5,5.5,2.1,
Ivica Zubac,C,14.1,10.6,2.2,0.4,0.8,0.0,0.598,10.0,0.711,3.0,1.8,2025-26,2TM,28.0,48.0,47.0,30.1,6.0,0.0,0.0,6.0,10.0,0.598,0.598,2.1,3.4,7.2,2.3,
Tre Jones,PG,14.1,3.1,5.4,1.2,0.2,0.6,0.553,9.5,0.841,3.5,1.4,2025-26,CHI,26.0,65.0,41.0,27.0,5.2,2.0,0.315,4.6,7.5,0.616,0.586,2.9,0.6,2.6,1.4,
Kelly Oubre Jr.,SF,14.1,5.0,1.6,1.4,0.5,1.7,0.467,10.9,0.766,2.9,1.4,2025-26,PHI,30.0,50.0,41.0,31.5,5.1,4.8,0.36,3.4,6.1,0.551,0.546,2.2,1.0,4.0,2.5,
Santi Aldama,PF,14.0,6.7,2.9,0.9,0.7,1.6,0.479,11.1,0.667,2.7,1.3,2025-26,MEM,25.0,43.0,11.0,27.9,5.3,4.7,0.35,3.7,6.4,0.572,0.553,1.8,1.6,5.1,1.6,
Keegan Murray,PF,14.0,5.7,1.7,1.0,1.6,1.3,0.42,13.0,0.776,2.1,1.2,2025-26,SAC,25.0,23.0,22.0,34.5,5.5,4.9,0.277,4.1,8.2,0.505,0.472,1.7,1.4,4.3,1.8,
Devin Vassell,SG,13.9,4.0,2.5,0.9,0.4,2.5,0.437,11.3,0.815,1.9,0.9,2025-26,SAS,25.0,67.0,65.0,30.5,4.9,6.4,0.384,2.4,4.8,0.508,0.547,1.6,0.6,3.4,1.6,
Ace Bailey,SF,13.8,4.2,1.8,0.8,0.7,1.9,0.443,12.4,0.75,1.2,1.5,2025-26,UTA,19.0,72.0,61.0,27.6,5.5,5.5,0.344,3.6,6.9,0.522,0.52,0.9,1.4,2.8,2.7,
Aaron Nesmith,SF,13.8,4.2,1.9,0.6,0.5,2.3,0.414,11.4,0.829,2.5,1.4,2025-26,IND,26.0,45.0,42.0,29.7,4.7,6.2,0.379,2.4,5.2,0.455,0.517,2.0,1.1,3.1,2.8,
Brandin Podziemski,SG,13.8,5.1,3.7,1.1,0.2,1.9,0.455,10.6,0.797,2.9,1.6,2025-26,GSW,22.0,82.0,43.0,28.5,4.8,5.0,0.371,2.9,5.5,0.531,0.543,2.3,0.9,4.2,1.7,
Jalen Suggs,PG,13.8,3.9,5.5,1.8,0.7,2.1,0.435,11.4,0.855,2.1,2.7,2025-26,ORL,24.0,57.0,56.0,27.6,4.9,6.3,0.339,2.8,5.1,0.554,0.529,1.8,0.6,3.2,2.5,
De'Andre Hunter,SF,13.7,4.1,2.0,0.7,0.1,1.7,0.415,11.1,0.867,3.2,1.7,2025-26,2TM,28.0,45.0,25.0,26.1,4.6,5.5,0.305,3.0,5.7,0.522,0.49,2.8,0.7,3.4,2.5,
Bobby Portis,PF,13.7,6.4,1.6,0.6,0.2,2.0,0.488,11.2,0.706,1.0,1.0,2025-26,MIL,30.0,67.0,9.0,24.2,5.5,4.4,0.456,3.4,6.8,0.509,0.578,0.7,1.3,5.1,1.6,
John Collins,PF,13.6,5.3,1.0,0.9,0.7,1.3,0.552,9.6,0.766,2.2,1.4,2025-26,LAC,28.0,69.0,56.0,27.1,5.3,3.2,0.406,4.0,6.4,0.625,0.62,1.7,1.6,3.7,2.7,
Cedric Coward,SG,13.6,5.9,2.8,0.6,0.4,1.5,0.471,10.5,0.843,2.7,1.7,2025-26,MEM,22.0,62.0,47.0,25.8,4.9,4.4,0.338,3.4,6.0,0.568,0.542,2.3,1.3,4.5,2.0,ROY-5
Zach Edey,C,13.6,11.1,1.1,0.6,1.9,0.1,0.633,8.9,0.781,2.9,2.4,2025-26,MEM,23.0,11.0,11.0,25.8,5.6,0.5,0.2,5.5,8.5,0.656,0.638,2.3,3.9,7.2,3.4,
Ajay Mitchell,SG,13.6,3.3,3.6,1.2,0.3,1.1,0.485,10.4,0.87,2.8,1.4,2025-26,OKC,23.0,57.0,16.0,25.8,5.0,3.1,0.347,3.9,7.3,0.543,0.536,2.5,0.7,2.6,2.1,6MOY-5
Naz Reid,C,13.6,6.2,2.2,1.0,1.0,2.1,0.456,11.3,0.732,1.6,1.6,2025-26,MIN,26.0,77.0,3.0,26.1,5.2,5.8,0.362,3.1,5.5,0.556,0.549,1.2,1.2,5.0,2.5,6MOY-4
Cam Thomas,SG,13.5,1.7,2.6,0.2,0.1,1.2,0.41,11.0,0.811,4.0,1.8,2025-26,2TM,24.0,42.0,8.0,21.0,4.5,4.0,0.31,3.3,7.0,0.468,0.466,3.3,0.3,1.4,1.0,
Tim Hardaway Jr.,SG,13.5,2.6,1.4,0.5,0.1,2.8,0.447,9.7,0.811,2.5,0.5,2025-26,DEN,33.0,80.0,6.0,26.6,4.4,6.9,0.407,1.6,2.9,0.541,0.591,2.0,0.2,2.4,1.3,6MOY-3
Reed Sheppard,SG,13.5,2.9,3.4,1.5,0.7,2.8,0.43,11.5,0.802,1.0,1.5,2025-26,HOU,21.0,82.0,21.0,26.2,5.0,7.0,0.394,2.2,4.5,0.486,0.55,0.8,0.3,2.6,2.0,6MOY-6
Toumani Camara,PF,13.4,5.1,2.5,1.1,0.4,2.7,0.44,10.9,0.708,1.7,1.8,2025-26,POR,25.0,82.0,82.0,33.3,4.8,7.2,0.37,2.1,3.6,0.579,0.563,1.2,1.6,3.6,2.9,
Quentin Grimes,SG,13.4,3.6,3.3,0.9,0.4,1.7,0.45,10.1,0.84,3.2,1.8,2025-26,PHI,25.0,75.0,19.0,29.4,4.5,5.1,0.334,2.8,5.0,0.568,0.534,2.7,0.6,3.0,2.1,
Jordan Poole,PG,13.4,2.0,3.1,0.6,0.4,2.5,0.372,11.4,0.86,2.9,1.8,2025-26,NOP,26.0,39.0,8.0,23.9,4.2,7.4,0.333,1.8,4.0,0.442,0.48,2.5,0.2,1.7,2.3,
Tobias Harris,PF,13.3,5.1,2.5,0.9,0.4,1.3,0.469,10.5,0.866,2.5,1.0,2025-26,DET,33.0,63.0,63.0,27.7,4.9,3.5,0.368,3.6,6.9,0.521,0.531,2.2,0.9,4.3,1.7,
Keldon Johnson,SF,13.2,5.4,1.4,0.6,0.1,1.2,0.519,9.7,0.794,2.4,0.9,2025-26,SAS,26.0,82.0,0.0,23.3,5.0,3.3,0.363,3.8,6.4,0.601,0.582,1.9,1.7,3.7,2.0,6MOY-1
Jaylon Tyson,SG,13.2,5.1,2.2,0.8,0.4,2.0,0.493,10.2,0.738,1.6,1.5,2025-26,CLE,23.0,66.0,42.0,26.9,5.0,4.5,0.446,3.0,5.6,0.53,0.592,1.2,1.8,3.3,2.5,
Kyle Kuzma,PF,13.0,4.5,2.7,0.7,0.4,1.2,0.492,10.0,0.726,2.7,1.7,2025-26,MIL,30.0,69.0,43.0,26.2,4.9,3.5,0.347,3.7,6.5,0.569,0.552,2.0,0.8,3.7,1.9,
Brandon Williams,PG,13.0,2.9,3.9,0.9,0.3,0.5,0.472,9.3,0.793,4.6,1.9,2025-26,DAL,26.0,66.0,15.0,22.2,4.4,2.3,0.232,3.9,7.0,0.552,0.501,3.7,0.5,2.4,1.6,
Sam Merrill,SG,12.8,2.6,2.4,0.6,0.1,3.0,0.461,9.3,0.855,1.3,0.8,2025-26,CLE,29.0,52.0,38.0,26.5,4.3,7.2,0.421,1.3,2.1,0.596,0.624,1.1,0.5,2.0,2.4,
Collin Gillespie,PG,12.7,4.1,4.6,1.2,0.2,2.9,0.418,10.5,0.874,1.1,1.6,2025-26,PHO,26.0,80.0,58.0,28.5,4.4,7.2,0.401,1.5,3.3,0.455,0.556,1.0,1.1,3.0,1.6,
Deandre Ayton,C,12.5,8.0,0.8,0.6,1.0,0.0,0.671,8.3,0.645,2.0,1.2,2025-26,LAL,27.0,72.0,72.0,27.2,5.6,0.0,0.0,5.6,8.3,0.671,0.671,1.3,2.6,5.4,2.2,
GG Jackson II,PF,12.5,4.3,1.5,0.6,0.8,1.2,0.496,9.3,0.742,2.7,1.5,2025-26,MEM,21.0,55.0,28.0,21.4,4.6,3.5,0.332,3.5,5.8,0.595,0.558,2.0,0.9,3.4,1.4,
Malik Monk,SG,12.5,1.9,3.0,0.6,0.4,2.0,0.438,10.2,0.879,1.7,1.5,2025-26,SAC,27.0,62.0,3.0,22.0,4.5,5.1,0.395,2.5,5.1,0.481,0.536,1.5,0.2,1.6,1.6,
Maxime Raynaud,C,12.5,7.5,1.4,0.5,0.5,0.3,0.571,9.1,0.786,2.3,1.3,2025-26,SAC,22.0,74.0,56.0,26.5,5.2,1.0,0.324,4.9,8.1,0.601,0.589,1.8,1.9,5.6,2.3,
Jaylen Wells,SG,12.5,3.2,1.6,0.9,0.1,1.9,0.431,10.1,0.784,2.5,1.1,2025-26,MEM,22.0,69.0,69.0,26.4,4.4,5.3,0.353,2.5,4.8,0.517,0.524,1.9,0.9,2.3,2.1,
Max Christie,SG,12.3,3.2,2.0,0.6,0.4,2.3,0.441,9.4,0.899,1.8,1.2,2025-26,DAL,22.0,77.0,68.0,29.1,4.2,5.8,0.404,1.8,3.6,0.502,0.566,1.6,0.2,3.0,1.3,
Noah Clowney,PF,12.3,4.1,1.6,0.8,0.7,2.0,0.396,9.6,0.804,3.4,1.5,2025-26,BRK,21.0,66.0,60.0,27.0,3.8,5.9,0.329,1.8,3.6,0.506,0.498,2.7,0.8,3.3,2.5,
De'Anthony Melton,PG,12.3,3.2,2.6,1.6,0.4,1.5,0.407,10.8,0.826,2.5,1.9,2025-26,GSW,27.0,49.0,24.0,23.0,4.4,5.0,0.294,2.9,5.8,0.505,0.475,2.0,0.8,2.4,1.9,
Jonathan Kuminga,PF,12.2,5.6,2.3,0.6,0.3,1.0,0.463,9.4,0.724,3.4,1.9,2025-26,2TM,23.0,36.0,14.0,23.1,4.4,2.9,0.333,3.4,6.5,0.521,0.515,2.5,1.4,4.3,1.5,
Donte DiVincenzo,SG,12.2,4.1,3.8,1.3,0.4,3.0,0.406,10.2,0.743,1.3,1.4,2025-26,MIN,29.0,82.0,82.0,30.4,4.1,7.9,0.379,1.2,2.3,0.497,0.552,1.0,0.8,3.3,2.4,
Cameron Johnson,SF,12.2,3.8,2.4,0.7,0.4,2.0,0.48,8.8,0.839,2.1,0.9,2025-26,DEN,29.0,54.0,54.0,30.5,4.2,4.7,0.43,2.2,4.1,0.539,0.596,1.7,0.8,3.0,2.3,
Tre Johnson,SG,12.2,2.8,2.0,0.6,0.3,1.9,0.419,10.8,0.874,1.5,1.6,2025-26,WAS,19.0,60.0,42.0,24.1,4.5,5.4,0.358,2.6,5.4,0.479,0.508,1.3,0.5,2.4,2.0,
Duncan Robinson,SG,12.2,2.7,2.1,0.6,0.3,2.9,0.456,9.1,0.755,1.4,0.7,2025-26,DET,31.0,77.0,77.0,27.4,4.1,7.0,0.41,1.3,2.1,0.605,0.613,1.1,0.4,2.3,2.2,
Donovan Clingan,C,12.1,11.6,2.1,0.6,1.7,1.1,0.52,8.9,0.68,2.6,1.2,2025-26,POR,21.0,77.0,77.0,27.2,4.6,3.2,0.341,3.5,5.7,0.621,0.582,1.8,4.5,7.1,2.4,
Moses Moody,SG,12.1,3.3,1.6,1.0,0.6,2.5,0.44,9.3,0.77,1.9,1.0,2025-26,GSW,23.0,60.0,49.0,25.7,4.1,6.3,0.401,1.6,3.0,0.522,0.575,1.5,0.9,2.5,2.0,
Christian Braun,SG,12.0,4.8,2.7,0.7,0.3,1.0,0.519,8.8,0.782,2.3,1.0,2025-26,DEN,24.0,44.0,44.0,31.8,4.6,3.3,0.301,3.6,5.6,0.646,0.575,1.8,1.4,3.4,2.3,
Josh Hart,SF,12.0,7.4,4.8,1.1,0.3,1.5,0.508,9.0,0.72,1.9,1.9,2025-26,NYK,30.0,66.0,52.0,30.2,4.6,3.7,0.413,3.0,5.3,0.574,0.593,1.4,1.4,6.0,2.5,
Miles McBride,SG,12.0,2.4,2.6,0.9,0.2,2.7,0.423,9.9,0.787,1.1,0.8,2025-26,NYK,25.0,41.0,15.0,26.3,4.2,6.6,0.413,1.4,3.2,0.444,0.562,0.9,0.6,1.9,1.7,
Tristen Newton,SG,12.0,3.0,0.0,1.0,0.0,2.0,0.444,9.0,0.667,3.0,0.0,2025-26,HOU,24.0,1.0,0.0,12.0,4.0,5.0,0.4,2.0,4.0,0.5,0.556,2.0,2.0,1.0,0.0,
Dyson Daniels,SG,11.9,6.8,5.9,2.0,0.4,0.3,0.517,10.2,0.615,1.6,1.8,2025-26,ATL,22.0,76.0,76.0,33.2,5.3,1.5,0.188,5.0,8.7,0.576,0.532,1.0,2.4,4.4,2.2,"DPOY-9,DEF2"
Blake Hinson,SF,11.9,2.4,1.1,0.4,0.1,2.6,0.513,8.2,0.75,1.1,0.4,2025-26,UTA,26.0,14.0,3.0,20.4,4.2,5.6,0.468,1.6,2.6,0.611,0.674,0.9,0.8,1.6,1.7,
Myles Turner,C,11.9,5.3,1.5,0.7,1.6,2.1,0.44,9.1,0.74,2.5,1.2,2025-26,MIL,29.0,71.0,71.0,26.9,4.0,5.4,0.383,1.9,3.7,0.523,0.553,1.8,1.1,4.3,2.6,
Wendell Carter Jr.,C,11.8,7.4,2.0,0.8,0.6,0.9,0.512,8.2,0.792,3.2,1.3,2025-26,ORL,26.0,78.0,78.0,29.3,4.2,2.9,0.319,3.3,5.3,0.618,0.568,2.5,2.1,5.3,3.4,
Dylan Harper,SG,11.8,3.4,3.9,0.8,0.3,0.9,0.505,9.5,0.756,1.7,1.4,2025-26,SAS,19.0,69.0,4.0,22.6,4.8,2.6,0.343,3.9,6.9,0.565,0.551,1.3,0.8,2.6,2.0,"ROY-4,6MOY-11"
Julian Reese,PF,11.8,10.5,1.8,1.4,0.6,0.0,0.529,9.2,0.636,3.4,2.5,2025-26,WAS,22.0,13.0,10.0,30.9,4.8,0.0,0.0,4.8,9.2,0.529,0.529,2.2,4.2,6.3,3.2,
Nic Claxton,C,11.7,6.9,3.7,0.7,1.1,0.0,0.571,8.4,0.616,3.3,1.4,2025-26,BRK,26.0,69.0,68.0,27.8,4.8,0.3,0.158,4.8,8.2,0.585,0.574,2.0,2.4,4.5,2.3,
Isaiah Collier,PG,11.7,2.5,7.2,1.1,0.3,0.5,0.495,8.7,0.722,3.5,2.5,2025-26,UTA,21.0,59.0,19.0,25.7,4.3,1.7,0.27,3.9,7.0,0.549,0.521,2.6,0.4,2.2,2.3,
Bilal Coulibaly,SG,11.7,4.3,2.6,1.3,1.0,1.2,0.425,9.7,0.746,3.2,1.4,2025-26,WAS,21.0,56.0,56.0,26.2,4.1,3.6,0.319,2.9,6.0,0.49,0.485,2.4,0.9,3.5,2.3,
Derik Queen,C,11.7,7.1,3.7,1.0,0.9,0.3,0.473,9.2,0.795,3.4,2.3,2025-26,NOP,21.0,81.0,48.0,25.0,4.4,1.1,0.261,4.1,8.1,0.502,0.489,2.7,1.7,5.4,2.7,
Klay Thompson,SF,11.7,2.1,1.4,0.5,0.3,2.9,0.393,10.6,0.766,0.7,0.9,2025-26,DAL,35.0,69.0,8.0,21.7,4.1,7.6,0.383,1.2,2.9,0.418,0.532,0.5,0.3,1.8,1.0,
Mark Williams,C,11.7,8.0,1.0,0.9,0.9,0.0,0.644,7.3,0.771,2.9,1.1,2025-26,PHO,24.0,60.0,55.0,23.6,4.7,0.0,1.0,4.7,7.3,0.643,0.645,2.3,3.1,4.9,2.2,
Obi Toppin,PF,11.6,4.4,2.3,0.5,0.0,1.5,0.503,8.3,0.913,1.9,1.2,2025-26,IND,27.0,24.0,3.0,17.7,4.2,4.4,0.352,2.6,3.9,0.67,0.595,1.8,0.5,3.9,1.2,
Jarace Walker,PF,11.6,5.1,2.5,0.8,0.3,1.8,0.419,9.6,0.749,2.4,1.8,2025-26,IND,22.0,76.0,41.0,25.7,4.0,4.7,0.374,2.3,5.0,0.462,0.51,1.8,0.6,4.5,1.6,
Rui Hachimura,PF,11.5,3.3,0.8,0.6,0.3,1.7,0.514,8.8,0.694,1.1,0.6,2025-26,LAL,27.0,68.0,41.0,28.3,4.5,3.9,0.443,2.8,4.9,0.57,0.611,0.7,0.6,2.7,1.6,
Kyle Filipowski,C,11.4,7.2,2.6,0.9,0.5,1.0,0.492,8.5,0.75,2.8,1.6,2025-26,UTA,22.0,77.0,41.0,23.4,4.2,3.0,0.325,3.2,5.6,0.58,0.548,2.1,1.9,5.3,3.0,
Pelle Larsson,SG,11.4,3.5,3.4,0.7,0.2,0.9,0.496,8.0,0.797,3.3,1.4,2025-26,MIA,24.0,70.0,54.0,26.4,4.0,2.7,0.323,3.1,5.2,0.586,0.551,2.6,1.0,2.5,2.1,
Scotty Pippen Jr.,PG,11.4,2.2,4.7,1.9,0.4,1.0,0.448,9.6,0.783,2.3,2.7,2025-26,MEM,25.0,10.0,6.0,21.2,4.3,3.2,0.313,3.3,6.4,0.516,0.5,1.8,0.8,1.4,3.1,
Sandro Mamukelashvili,C,11.2,4.9,1.9,0.8,0.5,1.4,0.523,7.9,0.747,2.0,0.8,2025-26,TOR,26.0,80.0,13.0,21.9,4.1,3.7,0.389,2.7,4.2,0.642,0.614,1.5,1.4,3.6,1.8,6MOY-10
Max Strus,SF,11.2,5.4,2.0,0.3,0.0,2.8,0.443,8.8,0.778,0.8,0.8,2025-26,CLE,29.0,12.0,5.0,24.0,3.9,6.8,0.402,1.2,2.0,0.583,0.599,0.6,0.8,4.7,2.8,
Julian Champagnie,SF,11.1,5.8,1.5,0.8,0.5,2.4,0.437,8.4,0.844,1.6,0.8,2025-26,SAS,24.0,82.0,68.0,27.6,3.7,6.2,0.381,1.3,2.2,0.599,0.578,1.4,0.9,4.9,1.6,
Isaiah Joe,SG,11.1,2.5,1.3,0.7,0.2,2.5,0.455,7.6,0.894,1.7,0.6,2025-26,OKC,26.0,71.0,9.0,21.2,3.5,6.0,0.423,0.9,1.6,0.574,0.622,1.5,0.5,2.1,1.7,
Cam Spencer,SG,11.1,2.5,5.6,0.7,0.2,2.0,0.473,7.7,0.94,1.9,1.3,2025-26,MEM,25.0,72.0,20.0,23.8,3.7,4.5,0.449,1.6,3.2,0.506,0.604,1.8,0.6,2.0,1.4,
Kel'el Ware,C,11.1,9.0,0.7,0.8,1.1,1.2,0.53,8.4,0.74,1.2,0.8,2025-26,MIA,21.0,77.0,34.0,22.1,4.5,3.0,0.395,3.3,5.4,0.606,0.601,0.9,2.8,6.2,1.5,
Alondes Williams,SG,11.0,6.3,3.0,0.8,0.8,1.3,0.615,6.5,0.875,2.0,1.3,2025-26,WAS,26.0,4.0,0.0,25.3,4.0,3.5,0.357,2.8,3.0,0.917,0.712,1.8,1.3,5.0,1.0,
Rudy Gobert,C,10.9,11.5,1.7,0.8,1.6,0.0,0.682,6.5,0.526,4.0,1.4,2025-26,MIN,33.0,76.0,76.0,31.3,4.4,0.1,0.0,4.4,6.4,0.689,0.682,2.1,3.9,7.5,2.6,"DPOY-4,DEF1"
Jusuf Nurkić,C,10.9,10.4,4.8,1.3,0.5,0.6,0.503,8.7,0.549,2.8,2.5,2025-26,UTA,31.0,41.0,36.0,26.4,4.4,1.7,0.352,3.8,7.0,0.54,0.538,1.5,2.6,7.8,3.3,
Dennis Schröder,PG,10.8,2.7,4.9,0.8,0.2,1.1,0.405,9.0,0.834,2.9,1.8,2025-26,2TM,32.0,70.0,17.0,24.2,3.6,3.3,0.329,2.6,5.7,0.449,0.465,2.4,0.5,2.2,1.6,
Tyler Burton,SF,10.8,4.2,1.0,0.9,0.3,1.8,0.375,9.3,0.852,2.3,0.9,2025-26,MEM,25.0,12.0,0.0,25.6,3.5,5.5,0.333,1.7,3.8,0.435,0.473,1.9,0.7,3.5,2.6,
Daeqwon Plowden,SG,10.8,3.0,1.3,0.7,0.2,1.9,0.43,8.7,0.857,1.5,0.8,2025-26,SAC,27.0,32.0,7.0,26.4,3.8,5.8,0.333,1.8,2.9,0.624,0.541,1.3,1.0,2.0,2.4,
Bub Carrington,PG,10.7,3.4,4.6,0.6,0.2,2.1,0.424,9.0,0.73,1.4,2.3,2025-26,WAS,20.0,82.0,48.0,27.7,3.8,5.0,0.408,1.8,4.0,0.443,0.538,1.0,0.4,3.0,2.2,
Jakob Poeltl,C,10.7,7.0,2.0,0.9,0.7,0.0,0.7,6.7,0.602,2.1,1.2,2025-26,TOR,30.0,46.0,44.0,25.0,4.7,0.0,0.0,4.7,6.7,0.7,0.7,1.3,2.5,4.5,3.2,
Jock Landale,C,10.6,5.7,1.7,0.5,0.5,1.1,0.515,8.1,0.635,1.9,0.9,2025-26,2TM,30.0,68.0,27.0,22.1,4.1,2.8,0.383,3.1,5.2,0.586,0.582,1.2,2.7,3.0,2.2,
Marvin Bagley III,PF,10.5,6.1,1.4,0.5,0.7,0.4,0.618,6.9,0.66,2.4,1.0,2025-26,2TM,26.0,60.0,12.0,20.0,4.2,0.9,0.462,3.8,6.0,0.641,0.647,1.6,2.5,3.6,2.1,
Tari Eason,PF,10.5,6.3,1.5,1.2,0.5,1.6,0.416,9.7,0.776,1.1,1.4,2025-26,HOU,24.0,60.0,34.0,25.8,4.0,4.3,0.358,2.5,5.3,0.463,0.496,0.9,2.1,4.2,2.3,
Adama-Alpha Bal,SG,10.4,3.1,2.4,1.1,0.1,2.3,0.412,8.5,0.9,1.3,0.8,2025-26,MEM,22.0,8.0,1.0,30.1,3.5,5.5,0.409,1.3,3.0,0.417,0.544,1.1,0.8,2.4,3.4,
A.J. Green,SG,10.4,2.7,1.9,0.5,0.1,3.0,0.424,7.9,0.855,0.8,1.0,2025-26,MIL,26.0,78.0,68.0,29.1,3.4,7.1,0.419,0.4,0.8,0.469,0.612,0.7,0.4,2.4,2.3,
Caleb Love,SG,10.4,2.3,2.5,0.6,0.1,1.9,0.388,10.0,0.735,1.0,1.3,2025-26,POR,24.0,49.0,1.0,20.7,3.9,6.0,0.318,2.0,4.0,0.49,0.483,0.7,0.5,1.8,1.0,
Lucas Williamson,SG,10.4,5.4,2.6,1.6,0.1,2.1,0.333,10.7,1.0,1.1,1.4,2025-26,MEM,27.0,7.0,2.0,32.0,3.6,7.6,0.283,1.4,3.1,0.455,0.433,1.1,1.6,3.9,3.7,
Egor Dëmin,PG,10.3,3.2,3.3,0.8,0.3,2.4,0.399,8.6,0.831,1.3,1.7,2025-26,BRK,19.0,52.0,45.0,25.2,3.4,6.2,0.385,1.1,2.4,0.433,0.537,1.0,0.4,2.8,1.8,
DaQuan Jeffries,SG,10.3,1.7,0.3,0.7,0.0,1.3,0.579,6.3,1.0,1.7,0.0,2025-26,SAC,28.0,3.0,0.0,20.0,3.7,3.0,0.444,2.3,3.3,0.7,0.684,1.7,1.0,0.7,3.0,
Will Riley,SF,10.3,2.9,2.0,0.7,0.1,1.1,0.439,8.4,0.8,2.4,1.3,2025-26,WAS,19.0,74.0,18.0,22.1,3.7,3.3,0.316,2.6,5.0,0.52,0.502,1.9,0.8,2.1,1.2,
Khris Middleton,SF,10.2,3.7,2.8,0.7,0.1,1.1,0.42,8.6,0.875,2.2,1.7,2025-26,2TM,34.0,63.0,50.0,22.8,3.6,3.0,0.36,2.5,5.6,0.452,0.482,1.9,0.8,2.9,2.3,
Neemias Queta,C,10.2,8.4,1.7,0.8,1.3,0.0,0.653,6.6,0.703,2.3,1.0,2025-26,BOS,26.0,76.0,75.0,25.3,4.3,0.1,0.125,4.3,6.5,0.662,0.654,1.6,3.0,5.3,2.8,
D'Angelo Russell,PG,10.2,2.3,4.0,0.5,0.1,1.3,0.405,8.9,0.717,2.3,1.9,2025-26,DAL,29.0,26.0,3.0,19.0,3.6,4.3,0.295,2.3,4.6,0.508,0.476,1.7,0.3,2.0,1.2,
Jalen Smith,C,10.2,6.7,1.2,0.5,0.8,1.5,0.483,7.6,0.742,1.8,1.0,2025-26,CHI,25.0,53.0,21.0,20.7,3.7,4.2,0.373,2.1,3.5,0.614,0.584,1.3,1.8,4.8,2.1,
Ziaire Williams,SF,10.2,2.4,1.1,1.4,0.4,1.5,0.425,7.7,0.85,2.5,1.1,2025-26,BRK,24.0,56.0,13.0,22.9,3.3,4.5,0.343,1.8,3.3,0.538,0.524,2.1,0.5,1.9,2.1,
Precious Achiuwa,C,10.1,6.7,1.4,0.9,0.7,0.4,0.528,8.2,0.554,1.9,0.9,2025-26,SAC,26.0,73.0,57.0,23.9,4.3,1.3,0.278,4.0,6.9,0.577,0.551,1.1,2.4,4.3,1.7,
Derrick Jones Jr.,SF,10.1,3.5,1.4,0.9,1.0,1.1,0.499,7.6,0.763,1.9,0.8,2025-26,LAC,28.0,50.0,45.0,27.0,3.8,3.1,0.359,2.7,4.5,0.593,0.571,1.4,1.2,2.2,2.1,
Kevin Huerter,SF,10.0,3.5,2.6,0.9,0.5,1.4,0.451,8.6,0.775,1.0,1.0,2025-26,2TM,27.0,69.0,14.0,22.4,3.9,4.7,0.308,2.4,3.9,0.624,0.535,0.8,0.5,3.0,1.7,
Jordan Miller,SF,10.0,3.0,2.3,0.8,0.2,0.6,0.531,6.7,0.777,2.9,1.1,2025-26,LAC,26.0,60.0,1.0,22.1,3.5,1.8,0.345,2.9,4.8,0.602,0.579,2.3,0.8,2.2,1.0,
Toby Okani,SG,10.0,3.5,1.0,0.7,0.5,1.5,0.357,11.7,0.125,1.3,0.5,2025-26,MEM,24.0,6.0,4.0,36.2,4.2,5.2,0.29,2.7,6.5,0.41,0.421,0.2,1.5,2.0,3.3,
Olivier-Maxence Prosper,PF,10.0,3.5,1.0,0.8,0.2,1.1,0.549,6.6,0.754,2.2,0.9,2025-26,MEM,23.0,53.0,24.0,18.6,3.6,2.8,0.405,2.5,3.8,0.653,0.634,1.6,1.1,2.4,1.6,
Isaiah Stewart,C,10.0,5.0,1.1,0.3,1.6,0.7,0.55,6.9,0.756,2.3,1.2,2025-26,DET,24.0,58.0,13.0,22.7,3.8,2.1,0.333,3.1,4.9,0.642,0.6,1.7,1.7,3.3,2.9,6MOY-7
Harrison Barnes,PF,9.9,2.8,1.9,0.6,0.2,1.8,0.456,7.5,0.829,1.6,0.8,2025-26,SAS,33.0,77.0,52.0,25.8,3.4,4.6,0.388,1.6,2.8,0.567,0.577,1.3,0.8,2.0,1.1,
Tristan Da Silva,SF,9.9,3.7,1.6,0.9,0.3,1.6,0.45,8.1,0.884,1.2,0.9,2025-26,ORL,24.0,77.0,34.0,24.7,3.6,4.2,0.374,2.1,3.9,0.532,0.547,1.1,0.8,2.9,1.5,
Ausar Thompson,SF,9.9,5.7,3.1,2.0,0.9,0.1,0.525,7.9,0.571,2.6,1.5,2025-26,DET,23.0,73.0,72.0,26.0,4.2,0.3,0.25,4.1,7.6,0.537,0.53,1.5,2.1,3.7,2.7,"DPOY-3,DEF1"
Royce O'Neale,SF,9.8,4.8,2.7,1.1,0.4,2.7,0.421,8.0,0.711,0.5,1.3,2025-26,PHO,32.0,78.0,67.0,28.4,3.4,6.7,0.408,0.7,1.3,0.486,0.59,0.3,0.8,4.0,2.3,
Zach Collins,C,9.7,5.6,1.5,0.2,0.4,0.9,0.578,6.4,0.7,2.0,1.0,2025-26,CHI,28.0,10.0,0.0,18.4,3.7,2.1,0.429,2.8,4.3,0.651,0.648,1.4,1.6,4.0,1.8,
Micah Potter,C,9.7,5.0,1.5,0.5,0.3,1.5,0.515,6.2,0.842,2.1,1.0,2025-26,IND,27.0,47.0,7.0,19.3,3.2,3.6,0.423,1.7,2.7,0.64,0.637,1.8,1.2,3.7,1.7,
Javon Small,PG,9.7,3.1,3.7,0.8,0.2,1.5,0.465,7.0,0.829,2.0,1.4,2025-26,MEM,23.0,41.0,12.0,20.2,3.3,3.5,0.423,1.8,3.6,0.507,0.569,1.7,0.9,2.2,1.6,
Zaccharie Risacher,SF,9.6,3.8,1.1,0.9,0.5,1.4,0.455,8.0,0.644,1.3,0.9,2025-26,ATL,20.0,67.0,46.0,22.4,3.6,3.9,0.368,2.2,4.1,0.536,0.544,0.9,1.1,2.8,2.2,
Daniel Gafford,C,9.5,6.9,1.1,0.8,1.3,0.0,0.655,5.7,0.683,2.9,1.1,2025-26,DAL,27.0,55.0,44.0,21.7,3.8,0.0,0.0,3.8,5.7,0.655,0.655,2.0,2.5,4.4,2.6,
Jay Huff,C,9.5,4.0,1.5,0.5,1.9,1.5,0.476,7.5,0.828,1.2,0.9,2025-26,IND,27.0,82.0,47.0,21.0,3.5,4.5,0.319,2.1,2.9,0.723,0.574,1.0,0.9,3.1,2.4,
T.J. McConnell,PG,9.4,2.2,5.1,1.0,0.2,0.3,0.538,8.0,0.862,0.5,1.1,2025-26,IND,33.0,56.0,4.0,17.2,4.3,0.9,0.32,4.0,7.1,0.565,0.556,0.4,0.4,1.8,1.1,
Svi Mykhailiuk,SF,9.4,2.5,1.9,0.5,0.1,2.0,0.478,7.2,0.893,0.6,0.8,2025-26,UTA,28.0,50.0,41.0,23.1,3.5,4.8,0.408,1.5,2.4,0.615,0.613,0.5,0.7,1.8,1.3,
Aaron Wiggins,SG,9.4,3.1,1.7,0.9,0.4,1.5,0.431,8.2,0.736,1.1,1.2,2025-26,OKC,27.0,65.0,21.0,21.8,3.6,4.2,0.356,2.1,4.1,0.508,0.521,0.8,0.6,2.4,1.3,
Daniss Jenkins,PG,9.3,2.3,3.9,0.9,0.2,1.0,0.408,7.9,0.832,2.2,1.6,2025-26,DET,24.0,72.0,19.0,20.2,3.2,2.7,0.374,2.2,5.2,0.426,0.473,1.9,0.7,1.6,1.5,
Davion Mitchell,PG,9.3,2.7,6.5,1.0,0.2,1.3,0.49,7.6,0.646,0.9,1.5,2025-26,MIA,27.0,70.0,70.0,28.6,3.7,3.3,0.395,2.4,4.4,0.561,0.574,0.6,0.5,2.2,2.6,
Isaac Okoro,SG,9.3,2.7,1.6,0.7,0.5,1.2,0.46,7.3,0.795,1.8,0.7,2025-26,CHI,25.0,63.0,62.0,26.9,3.3,3.5,0.33,2.2,3.8,0.58,0.539,1.4,1.1,1.7,2.6,
Landry Shamet,SG,9.3,1.8,1.4,0.6,0.2,2.0,0.437,7.1,0.711,1.5,0.6,2025-26,NYK,28.0,51.0,12.0,23.0,3.1,5.2,0.392,1.1,2.0,0.554,0.578,1.1,0.5,1.4,1.5,
Marcus Smart,SG,9.3,2.8,3.0,1.4,0.4,1.6,0.395,7.7,0.822,2.1,1.5,2025-26,LAL,31.0,62.0,54.0,28.5,3.0,4.7,0.331,1.5,3.0,0.497,0.497,1.7,0.6,2.2,2.6,
Jaden Hardy,SG,9.2,1.5,1.0,0.3,0.1,1.8,0.424,7.5,0.733,1.3,1.1,2025-26,2TM,23.0,57.0,4.0,15.8,3.2,4.6,0.397,1.4,2.9,0.467,0.545,1.0,0.3,1.2,1.6,
Isaiah Hartenstein,C,9.2,9.4,3.5,1.0,0.8,0.0,0.622,6.3,0.61,2.2,1.7,2025-26,OKC,27.0,47.0,46.0,24.2,3.9,0.1,0.0,3.9,6.1,0.637,0.622,1.4,3.2,6.3,2.5,
Sam Hauser,PF,9.2,3.8,1.5,0.5,0.3,2.5,0.419,7.7,0.85,0.3,0.4,2025-26,BOS,28.0,78.0,49.0,24.8,3.2,6.5,0.393,0.7,1.2,0.557,0.584,0.2,0.7,3.1,1.4,
Corey Kispert,SF,9.2,2.3,1.6,0.3,0.2,1.5,0.467,6.8,0.794,1.7,0.8,2025-26,2TM,26.0,58.0,10.0,18.6,3.2,4.1,0.367,1.7,2.7,0.618,0.577,1.3,0.5,1.8,1.0,
Taurean Prince,SF,9.2,3.1,1.8,0.6,0.2,2.3,0.45,7.3,1.0,0.2,1.2,2025-26,MIL,31.0,26.0,7.0,23.5,3.3,5.4,0.436,1.0,2.0,0.49,0.61,0.2,0.2,3.0,1.8,
Gui Santos,PF,9.2,3.9,2.3,0.9,0.3,1.1,0.5,6.8,0.725,1.8,1.5,2025-26,GSW,23.0,68.0,30.0,20.5,3.4,3.3,0.351,2.2,3.5,0.639,0.585,1.3,1.1,2.8,2.1,
Cam Whitmore,SF,9.2,2.8,0.7,0.7,0.4,0.8,0.456,8.0,0.742,1.5,0.9,2025-26,WAS,21.0,21.0,0.0,16.9,3.7,2.7,0.286,2.9,5.4,0.54,0.503,1.1,0.9,1.9,1.2,
Quenton Jackson,PG,9.1,2.3,2.9,0.6,0.1,0.9,0.47,6.7,0.824,2.4,1.3,2025-26,IND,27.0,49.0,19.0,18.3,3.1,2.4,0.356,2.3,4.3,0.533,0.534,2.0,0.6,1.8,1.7,
Tristan Vukcevic,C,9.0,3.0,1.1,0.5,0.7,1.0,0.479,6.5,0.784,2.3,1.3,2025-26,WAS,22.0,49.0,12.0,13.7,3.1,2.9,0.347,2.1,3.5,0.59,0.558,1.8,0.7,2.3,1.7,
Devin Carter,PG,8.9,3.3,2.7,0.9,0.2,0.8,0.414,7.7,0.713,2.5,1.4,2025-26,SAC,23.0,38.0,12.0,18.4,3.2,3.0,0.263,2.4,4.7,0.511,0.466,1.8,0.9,2.3,1.3,
Herbert Jones,SF,8.9,3.4,2.8,1.6,0.5,1.4,0.383,8.5,0.806,1.1,1.3,2025-26,NOP,27.0,56.0,56.0,28.4,3.3,4.6,0.309,1.8,3.9,0.47,0.467,0.9,0.8,2.6,3.2,
Nolan Traoré,PG,8.9,1.8,3.8,0.8,0.4,1.1,0.38,8.6,0.787,1.7,2.3,2025-26,BRK,19.0,56.0,31.0,22.2,3.3,3.4,0.318,2.2,5.1,0.422,0.444,1.3,0.3,1.5,2.1,
Danny Wolf,PF,8.9,4.9,2.2,0.5,0.6,1.2,0.405,7.7,0.771,1.9,1.3,2025-26,BRK,21.0,57.0,15.0,20.8,3.1,3.7,0.322,1.9,4.0,0.48,0.482,1.5,1.0,3.9,2.2,
John Poulakidas,SG,8.8,2.3,0.8,0.5,0.3,2.4,0.429,7.0,0.857,0.5,0.3,2025-26,DAL,22.0,13.0,0.0,19.5,3.0,5.9,0.403,0.6,1.1,0.571,0.599,0.5,0.3,2.0,2.2,
Payton Sandfort,SF,8.8,2.5,0.0,0.3,0.0,1.8,0.5,6.5,0.5,1.0,0.3,2025-26,OKC,23.0,4.0,0.0,15.8,3.3,4.3,0.412,1.5,2.3,0.667,0.635,0.5,0.3,2.3,2.0,
Cody Williams,SG,8.8,3.0,2.0,0.8,0.4,0.4,0.468,7.6,0.706,1.8,1.1,2025-26,UTA,21.0,67.0,41.0,24.3,3.6,2.0,0.214,3.1,5.6,0.556,0.495,1.3,0.9,2.0,1.8,
Justin Champagnie,SF,8.7,5.6,1.2,0.9,0.6,0.8,0.502,6.7,0.784,1.5,0.7,2025-26,WAS,24.0,69.0,19.0,20.0,3.4,2.4,0.319,2.6,4.3,0.605,0.56,1.2,2.1,3.5,1.7,
Jordan Goodwin,PG,8.7,4.9,2.2,1.5,0.2,1.6,0.413,7.9,0.696,0.8,1.0,2025-26,PHO,27.0,70.0,10.0,22.5,3.3,4.3,0.371,1.7,3.6,0.462,0.514,0.6,2.0,2.9,1.9,
Day'Ron Sharpe,C,8.7,6.7,2.3,1.1,0.4,0.1,0.601,5.7,0.678,2.5,1.7,2025-26,BRK,24.0,62.0,7.0,18.7,3.5,0.6,0.231,3.3,5.1,0.647,0.614,1.7,2.8,3.9,2.4,
Jonas Valančiūnas,C,8.7,5.1,1.2,0.2,0.6,0.1,0.582,6.0,0.772,2.1,1.1,2025-26,DEN,33.0,65.0,6.0,13.4,3.5,0.4,0.308,3.4,5.6,0.602,0.592,1.6,1.6,3.4,2.0,
Jordan Clarkson,SG,8.6,1.8,1.3,0.4,0.1,1.0,0.451,7.3,0.83,1.3,0.9,2025-26,NYK,33.0,72.0,1.0,17.8,3.3,3.0,0.327,2.3,4.3,0.535,0.517,1.1,0.9,0.9,1.7,
Nique Clifford,SG,8.6,3.8,2.4,0.9,0.3,1.0,0.418,7.9,0.722,1.3,1.5,2025-26,SAC,23.0,75.0,28.0,25.1,3.3,3.1,0.333,2.3,4.9,0.471,0.482,0.9,0.9,2.9,2.1,
Cason Wallace,SG,8.6,3.1,2.6,1.9,0.4,1.3,0.432,7.6,0.809,0.9,0.9,2025-26,OKC,22.0,77.0,58.0,26.6,3.3,3.7,0.351,2.0,3.8,0.51,0.518,0.7,0.8,2.3,2.0,"DPOY-7,DEF2"
Jaden Ivey,SG,8.5,2.5,1.8,0.6,0.4,1.4,0.445,6.9,0.809,1.3,1.1,2025-26,2TM,23.0,37.0,5.0,18.1,3.1,3.6,0.373,1.7,3.3,0.525,0.543,1.0,0.6,1.8,1.4,
Vít Krejčí,PG,8.5,2.3,1.5,0.7,0.3,2.0,0.448,6.6,0.745,0.8,0.6,2025-26,2TM,25.0,65.0,8.0,21.4,3.0,5.0,0.39,1.0,1.6,0.634,0.597,0.6,0.5,1.8,2.1,
Simone Fontecchio,SF,8.5,3.0,1.4,0.5,0.1,1.8,0.412,6.7,0.843,1.5,0.7,2025-26,MIA,30.0,70.0,9.0,16.8,2.8,4.7,0.375,1.0,2.0,0.497,0.542,1.2,0.8,2.2,1.5,
Bones Hyland,PG,8.5,1.8,2.6,0.6,0.2,1.6,0.453,6.6,0.78,1.2,1.0,2025-26,MIN,25.0,71.0,3.0,16.6,3.0,4.2,0.388,1.4,2.4,0.568,0.577,0.9,0.3,1.5,1.7,
Brook Lopez,C,8.5,3.6,1.3,0.6,1.2,1.5,0.428,7.2,0.757,1.0,0.8,2025-26,LAC,37.0,75.0,40.0,21.8,3.1,4.2,0.36,1.6,3.0,0.524,0.533,0.7,0.6,3.0,2.1,
Collin Murray-Boyles,PF,8.5,5.0,1.9,0.9,0.9,0.3,0.579,6.0,0.657,1.9,1.0,2025-26,TOR,20.0,57.0,22.0,21.9,3.5,0.9,0.34,3.2,5.1,0.62,0.604,1.2,2.3,2.7,2.6,
Luke Kennard,SG,8.4,2.3,2.2,0.7,0.1,1.5,0.533,5.7,0.913,0.9,0.8,2025-26,2TM,29.0,78.0,6.0,21.6,3.0,3.1,0.478,1.5,2.5,0.601,0.665,0.8,0.4,1.9,1.3,
Kentavious Caldwell-Pope,SG,8.4,2.5,2.7,0.8,0.2,1.1,0.41,7.2,0.913,1.6,1.2,2025-26,MEM,32.0,51.0,14.0,21.3,2.9,3.4,0.316,1.9,3.8,0.495,0.485,1.4,0.4,2.1,1.1,
Draymond Green,PF,8.4,5.5,5.5,0.9,0.6,1.5,0.418,7.2,0.702,1.2,2.7,2025-26,GSW,35.0,68.0,68.0,27.5,3.0,4.6,0.326,1.5,2.7,0.575,0.52,0.9,0.8,4.7,2.9,DPOY-11
Jared McCain,SG,8.3,2.0,1.3,0.5,0.1,1.5,0.425,7.2,0.864,0.9,0.8,2025-26,2TM,21.0,67.0,3.0,17.3,3.0,3.8,0.385,1.6,3.3,0.471,0.528,0.8,0.3,1.7,1.2,
Luguentz Dort,SF,8.3,3.6,1.2,0.9,0.4,1.9,0.385,7.6,0.759,0.8,0.8,2025-26,OKC,26.0,69.0,69.0,26.8,2.9,5.4,0.344,1.1,2.2,0.487,0.508,0.6,0.8,2.7,2.6,
Al Horford,C,8.3,4.9,2.6,0.7,1.1,1.6,0.426,7.2,0.846,0.6,0.9,2025-26,GSW,39.0,45.0,13.0,21.5,3.1,4.6,0.361,1.4,2.6,0.538,0.54,0.5,1.0,3.9,1.1,
Josh Oduro,PF,8.3,7.7,1.3,0.0,0.0,0.0,0.647,5.7,0.5,2.0,0.7,2025-26,NOP,25.0,3.0,1.0,27.3,3.7,0.7,0.0,3.7,5.0,0.733,0.647,1.0,3.7,4.0,4.7,
Kadary Richmond,SG,8.3,3.3,2.7,2.7,0.3,0.7,0.625,5.3,1.0,1.0,0.7,2025-26,WAS,24.0,3.0,0.0,22.3,3.3,1.3,0.5,2.7,4.0,0.667,0.688,1.0,0.3,3.0,0.7,
Malachi Smith,SG,8.3,3.4,3.3,0.8,0.3,1.3,0.485,6.6,1.0,0.5,0.9,2025-26,BRK,26.0,15.0,4.0,23.9,3.2,3.1,0.435,1.9,3.5,0.528,0.586,0.5,0.8,2.6,0.9,
Bradley Beal,SG,8.2,0.8,1.7,0.5,0.0,1.2,0.375,8.0,0.75,1.3,1.5,2025-26,LAC,32.0,6.0,6.0,20.2,3.0,3.2,0.368,1.8,4.8,0.379,0.448,1.0,0.3,0.5,2.3,
LJ Cryer,PG,8.2,1.6,1.0,0.2,0.0,2.1,0.402,6.5,0.895,1.1,0.8,2025-26,GSW,24.0,18.0,1.0,16.2,2.6,5.2,0.394,0.6,1.3,0.435,0.56,0.9,0.2,1.3,1.6,
Ron Holland,SF,8.2,4.0,1.2,1.2,0.3,0.6,0.432,7.0,0.805,1.9,1.2,2025-26,DET,20.0,78.0,5.0,19.9,3.0,2.5,0.253,2.4,4.4,0.535,0.478,1.5,1.1,3.0,2.3,
Chaney Johnson,SF,8.2,4.6,2.1,0.9,0.5,0.5,0.543,5.5,0.8,2.1,1.2,2025-26,BRK,23.0,17.0,1.0,20.5,3.0,1.8,0.3,2.5,3.8,0.656,0.59,1.6,1.9,2.7,3.0,
Jake LaRavia,PF,8.2,4.0,1.8,1.3,0.5,1.0,0.459,6.4,0.763,1.9,1.1,2025-26,LAL,24.0,82.0,43.0,25.1,2.9,3.0,0.321,2.0,3.4,0.579,0.533,1.4,1.4,2.6,2.4,
Sharife Cooper,PG,8.1,2.1,3.0,0.4,0.1,0.7,0.514,6.0,0.833,1.5,1.5,2025-26,WAS,24.0,41.0,1.0,17.1,3.1,1.9,0.382,2.4,4.2,0.573,0.573,1.2,0.4,1.7,1.5,
Luka Garza,C,8.1,4.1,1.0,0.4,0.4,0.8,0.577,5.2,0.769,1.7,0.7,2025-26,BOS,27.0,69.0,6.0,16.2,3.0,1.8,0.433,2.2,3.3,0.657,0.654,1.3,2.3,1.8,2.3,
Bez Mbeng,SG,8.1,3.8,4.1,2.3,0.3,0.4,0.5,6.7,0.64,1.7,1.5,2025-26,UTA,22.0,15.0,5.0,32.8,3.3,2.1,0.194,2.9,4.6,0.638,0.53,1.1,1.2,2.6,3.1,
Bryce McGowens,SG,8.1,2.1,1.5,0.6,0.2,0.9,0.481,5.6,0.779,2.3,0.4,2025-26,NOP,23.0,42.0,13.0,21.0,2.7,2.2,0.409,1.8,3.4,0.528,0.561,1.8,0.3,1.8,2.1,
Gary Trent Jr.,SG,8.1,1.0,1.2,0.5,0.0,1.9,0.387,7.3,0.769,0.8,0.6,2025-26,MIL,27.0,65.0,21.0,21.2,2.8,5.3,0.36,0.9,2.0,0.458,0.517,0.6,0.1,0.9,1.3,
Mouhamadou Gueye,PF,8.0,3.0,3.0,1.0,0.5,0.5,0.545,5.5,0.75,2.0,1.5,2025-26,CHI,27.0,2.0,0.0,22.5,3.0,2.5,0.2,2.5,3.0,0.833,0.591,1.5,1.0,2.0,2.0,
DeJon Jarreau,SG,8.0,4.6,3.3,0.9,0.7,0.4,0.398,7.5,0.783,2.1,2.4,2025-26,MEM,28.0,11.0,0.0,21.0,3.0,2.7,0.133,2.6,4.8,0.547,0.422,1.6,1.1,3.5,2.5,
David Roddy,PF,8.0,4.0,0.8,0.8,0.2,0.6,0.5,6.0,1.0,1.4,0.4,2025-26,DEN,24.0,5.0,0.0,14.6,3.0,2.2,0.273,2.4,3.8,0.632,0.55,1.4,1.6,2.4,1.4,
Tre Scott,PF,8.0,5.2,1.7,1.3,0.8,1.0,0.38,8.3,0.667,1.0,0.7,2025-26,BRK,29.0,6.0,4.0,30.3,3.2,3.2,0.316,2.2,5.2,0.419,0.44,0.7,1.7,3.5,2.0,
Nate Williams,SG,8.0,2.1,1.0,0.4,0.0,0.9,0.489,6.3,0.867,1.1,1.1,2025-26,GSW,26.0,14.0,2.0,17.1,3.1,2.1,0.433,2.1,4.1,0.517,0.563,0.9,1.4,0.7,1.9,
Bruce Brown,SG,7.9,3.9,2.1,1.0,0.2,0.7,0.475,6.4,0.762,1.5,1.1,2025-26,DEN,29.0,82.0,4.0,24.4,3.0,1.8,0.385,2.3,4.6,0.511,0.53,1.2,1.0,2.8,2.4,
Moussa Diabaté,C,7.9,8.7,1.9,0.8,1.0,0.0,0.631,5.0,0.659,2.4,1.0,2025-26,CHO,24.0,73.0,47.0,26.0,3.1,0.0,0.5,3.1,4.9,0.632,0.632,1.6,3.7,5.0,2.4,
Tyson Etienne,PG,7.9,1.1,1.7,0.5,0.0,1.8,0.4,6.0,0.833,1.5,0.7,2025-26,BRK,26.0,24.0,2.0,15.8,2.4,4.5,0.398,0.6,1.5,0.405,0.548,1.3,0.2,0.9,2.0,
Leonard Miller,SF,7.8,3.9,0.9,0.4,0.3,0.7,0.553,5.7,0.736,1.2,0.8,2025-26,2TM,22.0,46.0,12.0,15.6,3.2,2.2,0.323,2.5,3.5,0.693,0.615,0.8,1.2,2.8,1.4,
Walter Clayton,PG,7.8,2.0,4.0,0.6,0.3,1.1,0.384,6.7,0.901,1.8,1.7,2025-26,2TM,22.0,69.0,6.0,20.4,2.6,3.5,0.307,1.5,3.1,0.47,0.465,1.6,0.4,1.7,1.7,
Paul Reed,C,7.8,4.5,1.2,0.9,0.9,0.2,0.617,5.2,0.664,1.7,0.9,2025-26,DET,26.0,65.0,11.0,13.9,3.2,0.6,0.325,3.0,4.6,0.656,0.636,1.1,2.0,2.5,1.8,
Oscar Tshiebwe,C,7.8,6.6,1.2,0.6,0.2,0.0,0.634,5.4,0.551,1.8,0.8,2025-26,UTA,26.0,27.0,6.0,16.6,3.4,0.0,0.0,3.4,5.4,0.634,0.634,1.0,2.9,3.8,1.4,
Dominick Barlow,PF,7.7,4.8,1.2,0.9,0.7,0.3,0.539,5.6,0.718,1.8,0.8,2025-26,PHI,22.0,71.0,59.0,23.8,3.0,1.2,0.256,2.7,4.5,0.612,0.565,1.3,1.9,2.9,2.1,
Quinten Post,PF,7.7,4.0,1.4,0.4,0.5,1.4,0.44,6.6,0.791,0.6,0.8,2025-26,GSW,25.0,67.0,35.0,17.3,2.9,4.1,0.336,1.5,2.4,0.617,0.546,0.5,1.0,3.0,1.9,
Ousmane Dieng,C,7.6,3.2,2.4,0.4,0.3,1.1,0.422,7.0,0.711,0.8,1.3,2025-26,2TM,22.0,57.0,20.0,19.3,2.9,3.2,0.341,1.8,3.7,0.493,0.501,0.6,0.5,2.6,1.4,
Buddy Hield,SG,7.6,2.3,1.4,0.8,0.2,1.5,0.437,6.4,0.811,0.7,0.9,2025-26,2TM,33.0,51.0,3.0,16.1,2.8,4.2,0.349,1.4,2.3,0.6,0.55,0.6,0.5,1.7,1.1,
Ryan Kalkbrenner,C,7.6,5.5,0.8,0.5,1.5,0.0,0.753,4.2,0.716,1.7,0.9,2025-26,CHO,24.0,69.0,31.0,21.4,3.2,0.1,0.0,3.2,4.1,0.766,0.753,1.2,2.4,3.0,1.6,
Vince Williams Jr.,SG,7.5,3.9,4.2,0.7,0.4,1.4,0.353,7.3,0.78,1.3,1.8,2025-26,2TM,25.0,40.0,12.0,20.5,2.6,4.4,0.311,1.2,2.9,0.417,0.447,1.0,1.0,2.9,2.0,
Jaxson Hayes,C,7.5,4.1,0.9,0.4,0.8,0.0,0.756,4.0,0.653,2.3,0.5,2025-26,LAL,25.0,66.0,9.0,18.3,3.0,0.0,1.0,3.0,3.9,0.753,0.761,1.5,1.5,2.6,1.9,
Gary Payton II,SG,7.5,3.6,1.7,0.9,0.3,0.5,0.583,5.7,0.65,0.5,0.8,2025-26,GSW,33.0,73.0,1.0,15.6,3.3,1.7,0.291,2.8,3.9,0.712,0.628,0.4,1.4,2.2,1.8,
Ben Saraf,SG,7.5,2.1,3.3,0.9,0.2,0.4,0.396,6.9,0.83,2.0,2.3,2025-26,BRK,19.0,44.0,11.0,20.8,2.7,2.0,0.211,2.3,4.8,0.474,0.427,1.7,0.5,1.6,1.8,
Ja'Kobe Walter,SG,7.5,2.6,1.2,1.0,0.2,1.5,0.446,5.6,0.789,1.3,0.5,2025-26,TOR,21.0,72.0,19.0,20.5,2.5,3.7,0.409,1.0,1.9,0.519,0.582,1.0,0.8,1.8,2.3,
Josh Minott,PF,7.4,3.2,0.9,0.9,0.5,1.3,0.5,5.1,0.787,1.2,0.9,2025-26,2TM,23.0,49.0,11.0,17.0,2.6,3.1,0.418,1.3,2.0,0.626,0.627,1.0,1.0,2.2,1.5,
Taylor Hendricks,PF,7.4,3.7,0.9,0.8,0.5,1.1,0.459,6.0,0.681,1.2,0.8,2025-26,2TM,22.0,59.0,17.0,18.9,2.8,3.1,0.342,1.7,2.9,0.585,0.548,0.8,1.1,2.6,1.7,
Jose Alvarado,PG,7.4,2.5,3.4,1.0,0.1,1.5,0.416,6.5,0.761,0.7,1.1,2025-26,2TM,27.0,69.0,3.0,19.9,2.7,4.2,0.352,1.2,2.3,0.531,0.529,0.5,0.4,2.1,1.9,
Bogdan Bogdanović,SG,7.4,2.6,2.2,0.4,0.1,1.4,0.388,6.6,0.8,1.1,1.2,2025-26,LAC,33.0,23.0,3.0,19.7,2.6,4.1,0.347,1.1,2.5,0.456,0.497,0.9,0.3,2.3,2.0,
Caris LeVert,SG,7.4,2.0,2.7,0.9,0.7,1.0,0.417,6.5,0.679,1.4,1.4,2025-26,DET,31.0,60.0,0.0,19.2,2.7,3.0,0.333,1.7,3.5,0.488,0.494,1.0,0.4,1.6,1.5,
Cameron Payne,PG,7.4,2.0,2.6,1.1,0.3,1.5,0.376,6.8,0.864,1.0,0.5,2025-26,PHI,31.0,22.0,1.0,17.0,2.5,4.4,0.33,1.1,2.4,0.462,0.483,0.9,0.1,1.9,1.4,
Jamir Watkins,SG,7.4,3.9,1.3,1.1,0.5,0.9,0.446,5.9,0.695,1.6,0.8,2025-26,WAS,24.0,50.0,7.0,20.6,2.6,3.2,0.297,1.7,2.8,0.616,0.525,1.1,1.0,2.9,2.6,
Kris Dunn,PG,7.3,3.3,3.6,1.6,0.2,1.0,0.476,5.8,0.765,1.0,1.4,2025-26,LAC,31.0,82.0,68.0,27.2,2.8,2.6,0.374,1.8,3.2,0.559,0.56,0.8,0.7,2.6,2.3,
Nikola Jović,PF,7.3,3.3,2.2,0.6,0.4,1.0,0.366,6.7,0.683,2.1,1.4,2025-26,MIA,22.0,47.0,1.0,17.2,2.4,3.6,0.269,1.5,3.1,0.476,0.438,1.5,0.5,2.7,1.4,
Kobe Sanders,SG,7.3,2.3,1.6,0.7,0.1,1.2,0.466,5.6,0.826,1.0,1.2,2025-26,LAC,23.0,68.0,16.0,19.9,2.6,2.9,0.408,1.5,2.8,0.527,0.57,0.8,0.4,1.8,2.1,
Jalen Slawson,SF,7.3,4.4,2.8,1.5,1.1,1.2,0.442,5.9,0.706,1.3,1.3,2025-26,IND,26.0,13.0,6.0,23.9,2.6,3.1,0.375,1.5,2.8,0.514,0.539,0.9,0.5,3.8,2.1,
Terance Mann,SG,7.2,3.2,3.0,0.7,0.2,0.9,0.457,5.8,0.788,1.3,1.1,2025-26,BRK,29.0,63.0,51.0,24.3,2.7,2.4,0.364,1.8,3.4,0.523,0.533,1.0,1.1,2.1,2.5,
Pat Spencer,PG,7.2,2.4,3.5,0.7,0.1,0.9,0.427,6.6,0.772,0.9,1.3,2025-26,GSW,29.0,66.0,14.0,18.6,2.8,2.5,0.357,1.9,4.1,0.47,0.495,0.7,0.8,1.6,1.1,
Julian Strawther,SG,7.2,2.0,1.1,0.4,0.1,1.0,0.467,5.6,0.814,1.2,0.6,2025-26,DEN,23.0,57.0,14.0,15.1,2.6,2.6,0.387,1.6,3.0,0.538,0.558,1.0,0.2,1.8,1.3,
Jaylin Williams,PF,7.2,5.5,2.4,0.5,0.6,1.5,0.423,5.4,0.793,1.4,1.0,2025-26,OKC,23.0,65.0,11.0,19.6,2.3,3.9,0.383,0.8,1.5,0.531,0.563,1.1,0.5,5.0,2.0,
Leaky Black,SF,7.1,5.0,1.5,1.2,0.5,1.3,0.388,6.9,0.875,0.5,0.9,2025-26,WAS,26.0,15.0,9.0,28.9,2.7,3.7,0.345,1.4,3.2,0.438,0.481,0.5,1.0,4.0,2.7,
Seth Curry,SG,7.1,1.2,1.0,0.3,0.0,1.2,0.49,4.9,0.917,1.2,0.2,2025-26,GSW,35.0,10.0,0.0,13.3,2.4,2.5,0.48,1.2,2.4,0.5,0.612,1.1,0.4,0.8,0.7,
Ben Sheppard,SG,7.1,3.0,1.8,0.6,0.1,1.3,0.434,6.0,0.765,0.8,0.6,2025-26,IND,24.0,65.0,20.0,21.4,2.6,3.6,0.362,1.3,2.4,0.542,0.543,0.6,0.7,2.3,1.8,
Lawson Lovering,C,7.0,7.5,1.5,1.5,0.5,0.0,0.6,5.0,0.4,2.5,1.0,2025-26,MEM,22.0,2.0,1.0,24.5,3.0,0.0,0.0,3.0,5.0,0.6,0.6,1.0,3.0,4.5,3.5,
Ethan Thompson,SG,7.0,2.2,1.8,0.6,0.3,1.2,0.378,6.1,0.787,1.5,0.8,2025-26,IND,26.0,32.0,13.0,20.4,2.3,3.6,0.328,1.1,2.5,0.45,0.474,1.2,0.5,1.6,2.2,
Grant Williams,PF,7.0,3.9,1.6,0.5,0.5,1.4,0.426,5.1,0.815,1.5,0.9,2025-26,CHO,27.0,36.0,3.0,19.8,2.2,3.7,0.388,0.7,1.4,0.531,0.568,1.2,1.3,2.7,1.6,
Patrick Williams,PF,7.0,3.0,1.5,0.7,0.4,1.3,0.372,6.6,0.72,1.0,1.0,2025-26,CHI,24.0,72.0,6.0,20.5,2.5,3.8,0.347,1.2,2.8,0.407,0.472,0.8,0.7,2.3,1.3,
Javonte Green,SG,6.9,2.8,0.7,1.2,0.3,1.1,0.447,5.0,0.84,1.5,0.5,2025-26,DET,32.0,82.0,6.0,17.6,2.3,3.0,0.381,1.1,2.0,0.545,0.56,1.3,0.8,2.0,1.3,
Moritz Wagner,C,6.9,3.2,0.8,0.4,0.1,0.6,0.426,5.4,0.819,2.0,0.5,2025-26,ORL,28.0,36.0,0.0,11.9,2.3,1.9,0.314,1.7,3.5,0.488,0.482,1.6,0.8,2.4,1.6,
MarJon Beauchamp,SF,6.8,2.3,1.1,0.6,0.3,1.1,0.434,5.4,0.684,1.4,0.9,2025-26,PHI,25.0,14.0,1.0,14.0,2.4,3.4,0.34,1.2,2.1,0.586,0.539,0.9,0.5,1.8,0.9,
Elijah Harkless,SG,6.8,2.0,2.9,1.2,0.2,0.8,0.335,6.2,0.766,2.5,1.0,2025-26,UTA,25.0,26.0,9.0,21.0,2.1,3.4,0.239,1.3,2.8,0.452,0.401,1.9,0.4,1.7,2.0,
Keon Ellis,SG,6.7,1.9,1.0,1.2,0.6,1.3,0.44,5.3,0.729,1.0,0.6,2025-26,2TM,26.0,72.0,11.0,20.5,2.3,3.5,0.363,1.1,1.8,0.586,0.559,0.7,0.5,1.3,1.9,
Isaiah Jackson,C,6.7,5.3,0.9,0.7,0.9,0.0,0.637,4.3,0.648,1.9,1.1,2025-26,2TM,24.0,55.0,14.0,16.5,2.7,0.1,0.0,2.7,4.3,0.645,0.637,1.2,2.1,3.2,2.7,
Cole Anthony,PG,6.7,2.5,3.5,0.6,0.3,0.6,0.424,6.6,0.615,0.7,1.9,2025-26,MIL,25.0,35.0,0.0,15.1,2.8,2.1,0.306,2.2,4.5,0.478,0.472,0.5,0.5,2.0,2.1,
Kevin Love,PF,6.7,5.8,1.8,0.4,0.2,1.4,0.397,5.4,0.841,1.2,0.8,2025-26,UTA,37.0,37.0,5.0,16.6,2.1,3.8,0.373,0.7,1.5,0.456,0.53,1.0,1.5,4.3,1.5,
Robert Williams,C,6.7,7.0,1.0,0.6,1.5,0.2,0.708,4.2,0.596,1.0,0.8,2025-26,POR,28.0,59.0,1.0,17.1,3.0,0.4,0.391,2.8,3.8,0.74,0.726,0.6,2.4,4.6,1.3,
Ryan Nembhard,PG,6.6,2.2,5.3,0.4,0.0,0.8,0.415,6.5,0.806,0.5,1.4,2025-26,DAL,22.0,60.0,27.0,19.5,2.7,2.3,0.356,1.9,4.3,0.447,0.477,0.4,0.2,2.0,1.4,
Jamal Shead,PG,6.6,1.7,5.4,0.9,0.2,1.0,0.367,6.1,0.784,1.4,1.4,2025-26,TOR,23.0,82.0,12.0,22.6,2.3,3.2,0.321,1.2,3.0,0.417,0.45,1.1,0.3,1.4,2.0,6MOY-12
Oso Ighodaro,PF,6.5,5.1,2.3,0.9,0.7,0.0,0.653,4.5,0.453,1.4,1.2,2025-26,PHO,23.0,82.0,24.0,22.0,2.9,0.0,0.0,2.9,4.5,0.655,0.653,0.6,1.7,3.4,2.7,
Luke Kornet,C,6.5,6.1,1.9,0.5,1.0,0.0,0.643,4.0,0.825,1.7,0.4,2025-26,SAS,30.0,68.0,25.0,21.0,2.6,0.0,0.0,2.6,4.0,0.643,0.643,1.4,2.7,3.4,1.8,
Drake Powell,SG,6.5,1.8,1.4,0.6,0.2,0.8,0.402,5.7,0.896,1.2,1.0,2025-26,BRK,20.0,63.0,24.0,21.0,2.3,2.9,0.28,1.5,2.8,0.528,0.473,1.1,0.3,1.4,1.4,
Trendon Watford,PF,6.5,3.3,2.5,0.3,0.4,0.2,0.515,5.1,0.779,1.5,1.2,2025-26,PHI,25.0,53.0,7.0,16.3,2.6,0.9,0.2,2.4,4.1,0.587,0.534,1.1,0.7,2.6,2.0,
Kenrich Williams,PF,6.5,3.3,1.4,0.6,0.1,0.9,0.473,5.3,0.635,0.9,0.8,2025-26,OKC,31.0,56.0,2.0,15.3,2.5,2.3,0.388,1.6,3.0,0.539,0.557,0.6,1.1,2.3,1.1,
Jevon Carter,PG,6.4,1.7,1.6,0.8,0.2,1.5,0.401,5.8,0.789,0.4,0.7,2025-26,2TM,30.0,53.0,1.0,16.4,2.3,4.1,0.363,0.8,1.7,0.489,0.528,0.3,0.3,1.4,1.1,
Andre Drummond,C,6.4,8.4,1.3,0.6,0.8,0.5,0.472,5.3,0.631,1.3,1.0,2025-26,PHI,32.0,63.0,25.0,19.5,2.5,1.4,0.356,2.0,3.9,0.514,0.519,0.8,3.2,5.3,2.0,
Will Richard,SG,6.4,2.5,1.3,1.2,0.1,1.0,0.468,5.0,0.852,0.8,0.8,2025-26,GSW,23.0,69.0,21.0,20.0,2.3,3.1,0.335,1.3,1.9,0.679,0.571,0.7,1.0,1.5,1.9,
Jalen Wilson,PF,6.4,2.1,0.9,0.4,0.0,1.0,0.396,5.1,0.719,1.8,0.7,2025-26,BRK,25.0,54.0,2.0,15.9,2.0,2.8,0.355,1.0,2.3,0.444,0.493,1.3,0.3,1.8,1.6,
Rob Dillingham,PG,6.3,2.0,2.2,0.7,0.1,0.6,0.396,6.3,0.745,0.8,1.5,2025-26,2TM,21.0,65.0,0.0,14.9,2.5,2.0,0.316,1.9,4.3,0.434,0.447,0.6,0.3,1.7,1.8,
Tyrese Martin,SG,6.3,2.5,1.7,0.5,0.1,1.2,0.394,6.0,0.679,0.6,0.9,2025-26,2TM,26.0,46.0,6.0,16.9,2.4,3.6,0.321,1.2,2.4,0.5,0.489,0.4,0.7,1.8,0.7,
Kyle Anderson,SF,6.2,3.5,2.9,1.0,0.6,0.1,0.53,4.7,0.706,1.6,0.9,2025-26,3TM,32.0,43.0,5.0,19.8,2.5,0.3,0.364,2.4,4.4,0.539,0.54,1.1,1.0,2.5,2.2,
Thomas Bryant,C,6.2,3.4,0.6,0.3,0.4,0.8,0.506,4.5,0.803,1.1,0.5,2025-26,CLE,28.0,60.0,1.0,12.2,2.3,2.2,0.359,1.5,2.3,0.647,0.594,0.9,1.0,2.4,1.3,
Alex Caruso,SG,6.2,2.8,2.0,1.3,0.3,0.9,0.423,5.4,0.804,0.9,0.9,2025-26,OKC,31.0,56.0,0.0,18.2,2.3,3.2,0.293,1.3,2.1,0.622,0.512,0.7,0.5,2.3,1.2,
Kasparas Jakučionis,PG,6.2,2.6,2.6,0.6,0.1,1.2,0.429,4.5,0.879,1.2,0.9,2025-26,MIA,19.0,53.0,12.0,17.8,1.9,2.9,0.423,0.7,1.5,0.439,0.567,1.1,0.8,1.8,1.9,
Jahmai Mashack,SG,6.2,2.6,2.2,1.2,0.5,0.6,0.395,6.3,0.543,1.1,1.6,2025-26,MEM,23.0,31.0,7.0,21.7,2.5,2.4,0.253,1.9,3.9,0.483,0.444,0.6,0.7,1.9,2.2,
Nick Smith Jr.,SG,6.2,0.8,1.0,0.3,0.1,1.1,0.435,5.4,0.733,0.5,0.7,2025-26,LAL,21.0,30.0,1.0,12.5,2.3,2.9,0.395,1.2,2.5,0.48,0.54,0.4,0.1,0.7,0.9,
Mac McClung,SG,6.1,0.9,0.9,1.0,0.3,0.6,0.39,5.4,0.778,1.6,0.8,2025-26,2TM,27.0,11.0,0.0,12.3,2.1,2.7,0.233,1.5,2.6,0.552,0.449,1.3,0.2,0.7,1.7,
Gradey Dick,SG,6.0,1.9,0.7,0.6,0.1,0.7,0.419,5.1,0.875,1.2,0.6,2025-26,TOR,22.0,76.0,1.0,14.0,2.1,2.4,0.301,1.4,2.6,0.53,0.492,1.0,0.6,1.4,1.3,
Justin Edwards,SF,6.0,1.5,1.3,0.8,0.2,1.0,0.447,5.0,0.846,0.6,0.6,2025-26,PHI,22.0,64.0,12.0,15.3,2.2,2.8,0.372,1.2,2.2,0.543,0.552,0.5,0.4,1.1,1.4,
Hayden Gray,SG,6.0,0.0,1.0,1.0,1.0,0.0,0.667,3.0,1.0,2.0,1.0,2025-26,UTA,22.0,1.0,0.0,25.0,2.0,1.0,0.0,2.0,2.0,1.0,0.667,2.0,0.0,0.0,0.0,
Tidjane Salaün,PF,6.0,4.0,0.7,0.4,0.2,1.0,0.503,4.3,0.65,1.1,0.7,2025-26,CHO,20.0,37.0,0.0,15.5,2.2,2.2,0.434,1.2,2.1,0.579,0.616,0.7,0.7,3.3,1.5,
Goga Bitadze,C,5.9,5.0,1.3,0.6,1.0,0.0,0.676,3.5,0.711,1.5,0.7,2025-26,ORL,26.0,64.0,3.0,15.2,2.4,0.2,0.182,2.3,3.3,0.701,0.68,1.1,2.1,2.9,2.1,
Charles Bassey,C,5.8,4.4,0.5,0.3,0.8,0.0,0.66,3.6,0.7,1.5,0.5,2025-26,4TM,25.0,13.0,0.0,11.8,2.4,0.0,0.0,2.4,3.6,0.66,0.66,1.1,1.8,2.6,1.5,
Kobe Brown,PF,5.8,3.0,1.3,0.4,0.2,0.9,0.469,4.4,0.797,1.0,0.9,2025-26,2TM,26.0,61.0,10.0,15.8,2.1,2.3,0.374,1.2,2.2,0.568,0.565,0.8,1.1,1.9,1.1,
Nick Richards,C,5.8,5.1,0.3,0.2,0.7,0.1,0.512,4.2,0.644,2.1,1.2,2025-26,2TM,28.0,48.0,6.0,14.6,2.1,0.4,0.278,2.0,3.8,0.536,0.525,1.4,1.6,3.5,1.8,
Steven Adams,C,5.8,8.6,1.5,0.7,0.6,0.0,0.504,4.3,0.58,2.5,1.1,2025-26,HOU,32.0,32.0,11.0,22.8,2.2,0.0,0.0,2.2,4.3,0.504,0.504,1.5,4.5,4.1,1.7,
Branden Carlson,C,5.8,3.0,0.7,0.2,0.6,0.7,0.527,4.4,0.577,0.6,0.4,2025-26,OKC,26.0,42.0,4.0,11.6,2.3,2.0,0.36,1.6,2.4,0.67,0.61,0.4,0.7,2.3,0.9,
Ryan Dunn,SF,5.8,4.2,1.5,0.9,0.4,0.8,0.453,5.2,0.489,0.7,0.8,2025-26,PHO,23.0,70.0,16.0,19.4,2.3,2.4,0.331,1.5,2.8,0.56,0.53,0.3,1.4,2.8,1.9,
Anthony Gill,PF,5.8,2.9,1.3,0.6,0.4,0.3,0.628,3.9,0.739,0.8,0.7,2025-26,WAS,33.0,55.0,8.0,17.3,2.5,0.9,0.354,2.1,3.0,0.707,0.667,0.6,1.1,1.8,1.6,
Kris Murray,SF,5.8,3.6,1.4,0.9,0.4,0.6,0.467,4.8,0.684,1.0,0.8,2025-26,POR,25.0,57.0,15.0,23.4,2.3,2.1,0.279,1.7,2.7,0.617,0.529,0.7,1.6,2.0,1.6,
Matisse Thybulle,SG,5.8,2.0,0.9,2.0,0.5,1.2,0.433,4.5,0.84,0.8,0.9,2025-26,POR,28.0,30.0,0.0,16.0,1.9,3.1,0.398,0.7,1.4,0.512,0.571,0.7,0.6,1.4,1.4,
Nae'Qwan Tomlin,PF,5.8,2.9,0.8,0.6,0.5,0.4,0.478,4.9,0.77,1.0,0.5,2025-26,CLE,25.0,64.0,3.0,15.7,2.3,1.8,0.235,1.9,3.1,0.618,0.521,0.7,1.3,1.6,2.0,
Dean Wade,PF,5.8,4.2,1.5,0.7,0.4,1.2,0.439,4.7,0.711,0.6,0.3,2025-26,CLE,29.0,59.0,38.0,22.3,2.1,3.3,0.362,0.9,1.4,0.622,0.567,0.5,0.9,3.3,1.5,
Jamaree Bouyea,PG,5.7,1.8,1.8,0.6,0.3,0.5,0.458,5.1,0.686,0.8,0.7,2025-26,PHO,26.0,46.0,1.0,14.0,2.3,1.7,0.295,1.8,3.4,0.538,0.506,0.5,0.4,1.4,0.8,
E.J. Liddell,PF,5.7,2.7,0.9,0.2,0.4,0.7,0.486,4.3,0.808,1.0,0.6,2025-26,BRK,25.0,26.0,5.0,13.4,2.1,2.0,0.346,1.4,2.3,0.61,0.568,0.8,0.5,2.1,1.7,
Karlo Matković,PF,5.7,3.7,0.8,0.4,0.9,0.6,0.604,3.8,0.732,0.7,0.5,2025-26,NOP,24.0,62.0,2.0,14.7,2.3,1.5,0.422,1.7,2.3,0.717,0.685,0.5,1.2,2.5,1.7,
Doug McDermott,SF,5.7,1.3,0.8,0.2,0.1,1.7,0.388,4.8,0.889,0.3,0.4,2025-26,SAC,34.0,29.0,0.0,15.1,1.9,4.2,0.39,0.2,0.6,0.375,0.561,0.3,0.2,1.0,1.0,
Yves Missi,C,5.7,5.8,1.3,0.3,1.5,0.0,0.544,4.5,0.559,1.5,0.8,2025-26,NOP,21.0,66.0,14.0,19.7,2.4,0.0,0.0,2.4,4.4,0.546,0.544,0.9,2.8,3.1,1.7,
Mitchell Robinson,C,5.7,8.8,0.9,0.9,1.2,0.0,0.723,3.4,0.408,1.7,0.7,2025-26,NYK,27.0,60.0,16.0,19.6,2.5,0.0,0.0,2.5,3.4,0.723,0.723,0.7,4.2,4.6,2.1,6MOY-8
Guerschon Yabusele,C,5.6,3.5,0.9,0.4,0.2,1.0,0.401,4.7,0.75,1.1,0.6,2025-26,2TM,30.0,67.0,19.0,15.0,1.9,2.9,0.352,0.8,1.7,0.483,0.511,0.8,0.8,2.7,1.2,
Terrence Shannon Jr.,SG,5.6,1.1,0.9,0.3,0.0,0.7,0.45,4.0,0.8,1.6,0.6,2025-26,MIN,25.0,43.0,2.0,12.5,1.8,1.8,0.408,1.1,2.2,0.484,0.541,1.3,0.2,0.9,1.2,
Dru Smith,SG,5.6,2.5,2.6,1.4,0.3,0.5,0.415,4.6,0.829,1.5,0.8,2025-26,MIA,28.0,70.0,1.0,16.3,1.9,1.8,0.295,1.4,2.8,0.495,0.474,1.2,0.9,1.6,1.6,
Eric Gordon,SG,5.5,0.3,0.5,0.7,0.2,1.3,0.571,3.5,0.5,0.3,0.5,2025-26,PHI,37.0,6.0,0.0,12.3,2.0,2.3,0.571,0.7,1.2,0.571,0.762,0.2,0.2,0.2,0.5,
Killian Hayes,PG,5.5,2.3,3.5,0.9,0.2,0.7,0.304,6.0,0.929,1.2,1.2,2025-26,SAC,24.0,23.0,3.0,17.7,1.8,2.7,0.27,1.1,3.3,0.333,0.366,1.1,0.2,2.2,1.6,
Aaron Holiday,PG,5.5,1.0,1.1,0.5,0.1,1.2,0.417,4.4,0.854,0.7,0.7,2025-26,HOU,29.0,57.0,1.0,13.7,1.8,3.0,0.394,0.7,1.4,0.463,0.55,0.6,0.2,0.8,1.3,
Jett Howard,SF,5.5,1.6,0.8,0.2,0.2,1.0,0.418,4.6,0.949,0.7,0.3,2025-26,ORL,22.0,55.0,0.0,12.6,1.9,2.6,0.372,0.9,1.9,0.481,0.526,0.7,0.4,1.2,1.2,
Spencer Jones,SF,5.5,3.3,0.8,0.8,0.5,0.9,0.504,4.1,0.608,0.8,0.5,2025-26,DEN,24.0,64.0,37.0,22.1,2.1,2.3,0.396,1.2,1.8,0.636,0.613,0.5,1.2,2.1,2.7,
Tre Mann,PG,5.5,1.7,1.6,0.5,0.1,0.9,0.36,5.7,0.852,0.5,1.0,2025-26,CHO,24.0,53.0,1.0,12.6,2.1,2.9,0.323,1.1,2.8,0.399,0.442,0.4,0.4,1.4,1.3,
Baylor Scheierman,SG,5.5,3.5,1.5,0.5,0.1,1.3,0.453,4.3,0.903,0.4,0.6,2025-26,BOS,25.0,77.0,20.0,18.6,2.0,3.2,0.399,0.7,1.2,0.6,0.599,0.4,0.7,2.8,1.4,
Jamal Cain,SF,5.4,2.0,0.7,0.3,0.1,0.7,0.487,3.8,0.848,1.2,0.5,2025-26,ORL,26.0,40.0,1.0,12.2,1.9,1.8,0.384,1.2,2.0,0.582,0.579,1.0,0.7,1.3,1.3,
Dylan Cardwell,C,5.4,7.5,1.4,0.7,1.5,0.0,0.587,4.1,0.51,1.2,0.9,2025-26,SAC,24.0,44.0,1.0,20.6,2.4,0.1,0.5,2.3,4.0,0.589,0.592,0.6,3.3,4.2,3.7,
Haywood Highsmith,SF,5.4,1.9,1.0,0.6,0.0,1.1,0.522,3.3,0.857,1.0,0.0,2025-26,PHO,29.0,7.0,0.0,13.0,1.7,2.0,0.571,0.6,1.3,0.444,0.696,0.9,0.9,1.0,1.3,
Sion James,SG,5.4,3.5,2.0,0.6,0.2,1.0,0.371,4.5,0.837,1.2,0.8,2025-26,CHO,23.0,82.0,19.0,22.5,1.7,2.9,0.352,0.7,1.7,0.404,0.483,1.0,0.6,2.9,1.8,
Pete Nance,PF,5.4,2.7,1.0,0.3,0.3,1.1,0.515,4.1,0.364,0.2,0.6,2025-26,MIL,25.0,47.0,6.0,15.7,2.1,2.5,0.42,1.1,1.6,0.667,0.644,0.1,0.6,2.1,1.3,
Tyrese Proctor,PG,5.4,1.3,1.5,0.5,0.0,0.9,0.413,4.5,0.889,0.9,0.8,2025-26,CLE,21.0,50.0,1.0,10.9,1.9,2.6,0.351,0.9,1.9,0.5,0.516,0.8,0.2,1.1,1.2,
Jordan Walsh,PF,5.4,4.0,0.8,0.7,0.5,0.7,0.509,3.9,0.772,0.8,0.5,2025-26,BOS,21.0,68.0,25.0,17.8,2.0,1.8,0.384,1.3,2.1,0.62,0.599,0.6,1.3,2.8,2.0,
Rayan Rupert,SG,5.2,2.9,1.1,0.9,0.1,0.7,0.393,4.9,0.778,0.8,0.9,2025-26,2TM,21.0,64.0,8.0,16.8,1.9,2.1,0.324,1.2,2.8,0.446,0.463,0.7,0.8,2.2,1.9,
Trey Alexander,SG,5.2,1.2,1.0,0.7,0.2,0.7,0.514,4.1,0.6,0.6,0.3,2025-26,NOP,22.0,9.0,0.0,12.3,2.1,1.3,0.5,1.4,2.8,0.52,0.595,0.3,0.1,1.1,1.4,
Drew Eubanks,C,5.2,3.0,0.5,0.4,0.6,0.0,0.596,3.7,0.561,1.4,0.7,2025-26,SAC,28.0,42.0,11.0,13.1,2.2,0.2,0.143,2.2,3.5,0.617,0.599,0.8,0.9,2.1,1.4,
Andersson Garcia,SF,5.2,8.4,2.8,1.6,0.8,0.2,0.31,5.8,0.778,1.8,1.4,2025-26,UTA,25.0,5.0,2.0,33.8,1.8,2.6,0.077,1.6,3.2,0.5,0.328,1.4,3.4,5.0,3.2,
Garrison Mathews,SG,5.2,1.1,0.7,0.4,0.2,1.1,0.404,3.5,0.826,1.5,0.2,2025-26,IND,29.0,15.0,1.0,13.1,1.4,3.1,0.37,0.3,0.4,0.667,0.567,1.3,0.1,1.0,1.3,
Asa Newell,PF,5.2,2.2,0.6,0.4,0.3,0.7,0.538,3.8,0.552,0.7,0.5,2025-26,ATL,20.0,44.0,2.0,11.4,2.1,1.7,0.387,1.4,2.1,0.66,0.624,0.4,1.0,1.2,1.5,
Jalen Pickett,SG,5.2,2.3,2.3,0.3,0.1,1.0,0.422,4.6,0.789,0.4,0.7,2025-26,DEN,26.0,50.0,18.0,16.1,2.0,2.5,0.386,1.0,2.1,0.467,0.528,0.3,0.4,1.9,0.8,
Marcus Sasser,PG,5.2,1.0,2.0,0.5,0.1,1.2,0.39,4.7,0.833,0.5,0.8,2025-26,DET,25.0,38.0,5.0,12.0,1.8,2.8,0.415,0.7,1.9,0.352,0.514,0.4,0.2,0.8,1.1,
Nikola Topić,PG,5.2,1.9,4.4,0.5,0.0,0.6,0.431,5.1,0.4,0.5,2.5,2025-26,OKC,20.0,10.0,2.0,16.0,2.2,1.5,0.4,1.6,3.6,0.444,0.49,0.2,0.7,1.2,1.3,
Ochai Agbaji,SG,5.1,2.3,0.8,0.4,0.3,0.5,0.436,4.5,0.837,0.7,0.5,2025-26,2TM,25.0,62.0,13.0,15.7,2.0,2.1,0.266,1.4,2.5,0.579,0.496,0.6,0.7,1.5,1.5,
Sidy Cissoko,SF,5.1,2.2,1.5,0.7,0.3,0.8,0.398,4.5,0.659,1.2,0.9,2025-26,POR,21.0,75.0,26.0,19.1,1.8,2.6,0.298,1.0,1.8,0.544,0.487,0.8,0.8,1.4,2.4,
Johnny Furphy,SG,5.1,4.4,1.2,0.6,0.2,0.7,0.47,4.3,0.486,1.0,0.8,2025-26,IND,21.0,35.0,21.0,18.4,2.0,2.0,0.324,1.3,2.2,0.603,0.547,0.5,0.9,3.5,1.9,
Jordan Hawkins,SG,5.1,1.7,0.8,0.3,0.2,0.9,0.366,5.0,0.852,0.5,0.7,2025-26,NOP,23.0,51.0,1.0,13.6,1.8,2.6,0.348,0.9,2.4,0.385,0.457,0.5,0.4,1.3,0.6,
Jericho Sims,C,5.0,5.5,1.6,0.3,0.3,0.0,0.784,2.8,0.62,1.1,1.1,2025-26,MIL,27.0,67.0,19.0,19.7,2.2,0.0,0.0,2.2,2.8,0.784,0.784,0.7,2.2,3.3,2.2,
Adem Bona,C,4.8,4.3,0.5,0.4,1.2,0.0,0.595,3.1,0.708,1.6,0.8,2025-26,PHI,22.0,71.0,18.0,17.4,1.8,0.1,0.333,1.8,3.0,0.603,0.6,1.1,1.8,2.5,2.2,
Blake Wesley,SG,4.8,1.3,2.0,0.5,0.2,0.3,0.452,4.0,0.553,1.5,1.0,2025-26,POR,22.0,31.0,0.0,11.6,1.8,1.2,0.278,1.5,2.8,0.523,0.492,0.8,0.3,1.0,1.1,
Tyler Smith,PF,4.7,2.8,0.4,0.5,0.0,0.8,0.42,4.2,0.667,0.5,0.5,2025-26,DAL,21.0,12.0,0.0,13.8,1.8,2.9,0.286,0.9,1.3,0.733,0.52,0.3,1.0,1.8,1.1,
KJ Simpson,PG,4.6,1.9,2.2,0.8,0.0,0.6,0.343,5.0,0.611,0.9,1.3,2025-26,2TM,23.0,20.0,2.0,12.9,1.7,2.0,0.3,1.1,3.0,0.373,0.404,0.6,0.5,1.4,0.9,
Lonzo Ball,PG,4.6,4.0,3.9,1.3,0.3,1.1,0.301,5.0,0.667,0.6,1.5,2025-26,CLE,28.0,35.0,3.0,20.8,1.5,4.2,0.272,0.4,0.8,0.448,0.415,0.4,0.7,3.3,1.3,
Malaki Branham,SG,4.6,1.6,0.8,0.4,0.1,0.5,0.473,3.3,0.824,1.2,0.5,2025-26,WAS,22.0,28.0,0.0,9.8,1.5,1.3,0.378,1.0,1.9,0.537,0.549,1.0,0.4,1.1,0.8,
Zyon Pullin,SG,4.6,0.6,1.8,0.2,0.0,0.2,0.692,2.6,1.0,0.8,0.6,2025-26,MIN,24.0,5.0,0.0,8.6,1.8,0.6,0.333,1.6,2.0,0.8,0.731,0.8,0.2,0.4,1.2,
Jeremiah Robinson-Earl,PF,4.6,4.7,0.7,0.4,0.0,0.5,0.37,4.5,0.944,0.8,0.5,2025-26,2TM,25.0,22.0,3.0,16.4,1.7,1.9,0.244,1.2,2.7,0.458,0.42,0.8,1.6,3.0,1.2,
PJ Hall,C,4.5,3.9,0.5,0.2,0.5,0.2,0.508,3.1,0.793,1.5,0.8,2025-26,2TM,23.0,19.0,2.0,11.3,1.6,0.3,0.6,1.4,2.8,0.5,0.534,1.2,1.7,2.2,1.2,
Moussa Cisse,C,4.5,5.7,0.2,0.5,1.2,0.0,0.574,3.0,0.469,2.1,0.8,2025-26,DAL,23.0,38.0,1.0,13.9,1.7,0.0,0.0,1.7,3.0,0.574,0.574,1.0,2.3,3.3,1.9,
Mike Conley,PG,4.5,1.7,2.9,0.6,0.3,1.0,0.335,4.0,0.9,0.9,0.6,2025-26,MIN,38.0,54.0,15.0,18.4,1.3,3.1,0.337,0.3,0.9,0.327,0.465,0.8,0.3,1.4,1.6,
Josh Okogie,SG,4.5,2.6,0.9,0.8,0.2,0.8,0.425,3.8,0.594,0.9,0.5,2025-26,HOU,27.0,78.0,32.0,17.4,1.6,2.1,0.385,0.8,1.7,0.474,0.531,0.5,1.0,1.5,1.4,
Taelon Peter,SG,4.5,1.6,1.1,0.7,0.1,1.1,0.38,4.2,0.625,0.4,0.7,2025-26,IND,23.0,38.0,0.0,12.9,1.6,3.3,0.328,0.5,0.9,0.576,0.509,0.3,0.3,1.3,1.0,
Craig Porter Jr.,PG,4.5,3.4,3.2,0.9,0.6,0.5,0.45,4.0,0.6,0.6,0.9,2025-26,CLE,25.0,64.0,3.0,17.9,1.8,1.5,0.355,1.3,2.6,0.503,0.514,0.4,1.3,2.1,1.1,
John Konchar,SG,4.4,4.3,2.1,1.5,0.7,0.5,0.472,3.6,0.727,0.8,0.6,2025-26,2TM,29.0,56.0,8.0,19.9,1.7,1.8,0.283,1.2,1.8,0.66,0.543,0.6,1.3,3.0,1.4,
RayJ Dennis,PG,4.4,1.5,1.9,0.2,0.2,0.8,0.313,4.9,0.889,0.5,1.0,2025-26,3TM,24.0,17.0,0.0,12.1,1.5,2.6,0.311,0.7,2.2,0.316,0.398,0.5,0.5,1.1,1.2,
Gabe Vincent,PG,4.4,1.0,1.4,0.5,0.1,1.1,0.352,4.1,0.87,0.4,0.5,2025-26,2TM,29.0,53.0,7.0,16.6,1.4,3.3,0.341,0.3,0.8,0.395,0.488,0.4,0.3,0.7,1.5,
Mouhamed Gueye,PF,4.4,3.6,0.9,0.8,0.5,0.5,0.452,3.8,0.645,0.8,0.4,2025-26,ATL,23.0,77.0,8.0,15.3,1.7,1.7,0.308,1.2,2.1,0.569,0.521,0.5,1.2,2.4,1.6,
Kam Jones,SG,4.4,1.6,3.2,0.5,0.0,0.6,0.402,4.6,0.5,0.2,1.0,2025-26,IND,23.0,37.0,7.0,16.6,1.8,2.0,0.293,1.2,2.5,0.489,0.467,0.1,0.4,1.2,1.1,
DeAndre Jordan,C,4.4,6.3,0.9,0.3,0.8,0.0,0.656,2.7,0.647,1.4,0.8,2025-26,NOP,37.0,12.0,7.0,16.6,1.8,0.0,0.0,1.8,2.7,0.656,0.656,0.9,2.2,4.2,1.3,
Tyler Kolek,PG,4.4,1.6,2.7,0.4,0.1,0.7,0.435,4.0,0.7,0.3,0.9,2025-26,NYK,24.0,62.0,1.0,11.7,1.7,1.8,0.386,1.0,2.2,0.478,0.524,0.2,0.3,1.3,1.0,
Jase Richardson,SG,4.4,1.2,1.1,0.4,0.0,0.5,0.473,3.5,0.717,0.9,0.5,2025-26,ORL,20.0,54.0,0.0,10.9,1.6,1.5,0.354,1.1,2.0,0.56,0.548,0.6,0.4,0.8,1.0,
Jarred Vanderbilt,PF,4.4,4.5,1.3,0.8,0.3,0.4,0.471,3.7,0.589,0.9,0.9,2025-26,LAL,26.0,65.0,3.0,17.4,1.7,1.5,0.293,1.3,2.2,0.596,0.531,0.5,1.2,3.3,1.6,
Keshon Gilbert,SG,4.3,1.3,3.0,0.8,1.0,0.0,0.417,3.0,1.0,1.8,2.0,2025-26,2TM,22.0,4.0,0.0,18.5,1.3,0.8,0.0,1.3,2.3,0.556,0.417,1.8,0.5,0.8,1.3,
Rasheer Fleming,PF,4.3,2.3,0.3,0.4,0.4,0.8,0.405,3.9,0.559,0.6,0.5,2025-26,PHO,21.0,55.0,1.0,12.2,1.6,2.4,0.346,0.8,1.5,0.494,0.509,0.3,1.0,1.2,1.2,
Josh Green,SG,4.3,1.8,0.8,0.6,0.1,1.0,0.459,3.1,0.893,0.5,0.6,2025-26,CHO,25.0,58.0,0.0,15.7,1.4,2.4,0.42,0.4,0.7,0.581,0.619,0.4,0.8,1.0,1.1,
Keshad Johnson,SF,4.3,1.9,0.3,0.5,0.3,0.4,0.49,3.3,0.724,0.9,0.4,2025-26,MIA,24.0,32.0,0.0,8.8,1.6,1.4,0.295,1.2,1.9,0.633,0.553,0.7,0.8,1.1,0.9,
Yanic Konan Niederhäuser,C,4.3,2.9,0.3,0.1,0.7,0.0,0.64,2.4,0.758,1.5,0.6,2025-26,LAC,22.0,41.0,0.0,10.3,1.6,0.1,0.2,1.5,2.3,0.663,0.645,1.1,0.9,2.0,1.6,
Skal Labissière,PF,4.3,3.0,1.0,0.7,0.3,0.3,0.6,3.3,0.0,0.0,0.3,2025-26,WAS,29.0,3.0,0.0,12.7,2.0,1.7,0.2,1.7,1.7,1.0,0.65,0.0,1.0,2.0,1.0,
Dereck Lively II,C,4.3,5.3,1.9,0.6,1.6,0.0,0.611,2.6,0.8,1.4,1.4,2025-26,DAL,21.0,7.0,4.0,16.4,1.6,0.0,0.0,1.6,2.6,0.611,0.611,1.1,2.0,3.3,3.0,
Liam McNeeley,SF,4.3,2.4,0.8,0.2,0.1,0.8,0.4,3.1,0.821,1.3,0.4,2025-26,CHO,20.0,31.0,0.0,11.9,1.2,1.9,0.4,0.5,1.1,0.4,0.526,1.0,0.4,1.9,1.2,
Grant Nelson,PF,4.3,1.5,1.3,0.3,1.3,0.0,0.556,2.3,0.7,2.5,1.0,2025-26,BRK,23.0,4.0,0.0,8.8,1.3,0.0,0.0,1.3,2.3,0.556,0.556,1.8,0.3,1.3,1.5,
Micah Peavy,SG,4.3,1.9,1.0,0.7,0.1,0.5,0.385,4.5,0.759,0.5,0.3,2025-26,NOP,24.0,61.0,4.0,15.0,1.7,1.8,0.259,1.3,2.7,0.467,0.436,0.4,0.8,1.2,1.6,
Jabari Walker,PF,4.3,3.0,0.5,0.4,0.2,0.5,0.455,3.3,0.735,1.1,0.4,2025-26,PHI,23.0,64.0,6.0,11.9,1.5,1.5,0.337,1.0,1.8,0.551,0.531,0.8,1.1,1.9,1.6,
Carter Bryant,PF,4.2,2.5,0.7,0.2,0.3,0.7,0.408,3.7,0.714,0.6,0.5,2025-26,SAS,20.0,71.0,0.0,11.5,1.5,2.2,0.335,0.8,1.5,0.509,0.506,0.4,0.5,2.0,1.3,
Ron Harper Jr.,SF,4.2,1.7,0.8,0.3,0.3,1.0,0.418,3.8,0.75,0.1,0.3,2025-26,BOS,25.0,29.0,3.0,11.0,1.6,2.8,0.35,0.6,1.0,0.6,0.545,0.1,0.5,1.1,0.7,
Dalton Knecht,SF,4.2,1.4,0.4,0.2,0.2,0.7,0.455,3.5,0.727,0.4,0.4,2025-26,LAL,24.0,54.0,1.0,10.2,1.6,2.1,0.342,0.9,1.5,0.613,0.555,0.3,0.3,1.1,0.8,
A.J. Lawson,SG,4.2,1.8,0.3,0.5,0.2,0.8,0.436,3.3,0.778,0.8,0.3,2025-26,TOR,25.0,24.0,0.0,9.4,1.4,1.9,0.422,0.6,1.4,0.455,0.558,0.6,0.4,1.4,1.1,
Tristan Enaruna,SF,4.1,1.6,0.8,0.6,0.0,0.3,0.5,3.1,0.75,0.9,0.3,2025-26,CLE,24.0,9.0,0.0,9.4,1.6,1.1,0.3,1.2,2.0,0.611,0.554,0.7,0.8,0.8,0.3,
Nicolas Batum,PF,4.0,2.5,0.9,0.6,0.3,1.2,0.403,3.2,0.818,0.1,0.5,2025-26,LAC,37.0,74.0,6.0,17.5,1.3,3.1,0.404,0.1,0.1,0.4,0.597,0.1,0.3,2.2,1.4,
Tony Bradley,C,4.0,2.8,0.5,0.1,0.2,0.0,0.547,2.9,0.744,1.0,0.4,2025-26,2TM,28.0,41.0,4.0,11.0,1.6,0.1,0.5,1.5,2.8,0.549,0.556,0.8,1.5,1.4,1.5,
Jaylen Clark,SG,4.0,1.8,0.6,0.7,0.1,0.5,0.434,3.4,0.657,1.0,0.3,2025-26,MIN,24.0,68.0,1.0,13.1,1.5,1.5,0.327,1.0,1.9,0.52,0.507,0.6,0.8,1.0,1.3,
Brandon Clarke,PF,4.0,3.0,0.5,1.0,0.0,0.0,0.333,4.5,0.5,2.0,0.0,2025-26,MEM,29.0,2.0,2.0,10.0,1.5,0.0,0.0,1.5,4.5,0.333,0.333,1.0,2.0,1.0,2.5,
Riley Minix,SF,3.9,0.7,0.6,0.2,0.1,0.4,0.609,2.6,1.0,0.3,0.3,2025-26,2TM,25.0,9.0,0.0,6.4,1.6,1.3,0.333,1.1,1.2,0.909,0.696,0.3,0.2,0.4,0.6,
Joan Beringer,PF,3.9,2.3,0.3,0.2,0.7,0.0,0.663,2.5,0.703,0.9,0.3,2025-26,MIN,19.0,40.0,3.0,7.9,1.6,0.0,0.0,1.6,2.5,0.663,0.663,0.7,1.1,1.2,1.2,
Hugo González,SF,3.9,3.3,0.5,0.6,0.3,0.6,0.476,3.3,0.5,0.4,0.5,2025-26,BOS,19.0,74.0,3.0,14.6,1.6,1.6,0.362,1.0,1.8,0.577,0.561,0.2,0.8,2.5,1.7,
Caleb Martin,SF,3.9,2.5,1.4,0.7,0.3,0.3,0.45,3.3,0.607,1.1,0.7,2025-26,DAL,30.0,58.0,12.0,14.8,1.5,1.0,0.351,1.1,2.3,0.492,0.503,0.6,0.5,2.0,1.5,
Koby Brea,SG,3.8,0.7,0.8,0.1,0.0,1.1,0.417,3.0,1.0,0.2,0.3,2025-26,PHO,23.0,12.0,0.0,7.0,1.3,2.5,0.433,0.2,0.5,0.333,0.597,0.2,0.1,0.6,0.5,
Clint Capela,C,3.8,4.6,0.7,0.5,0.8,0.0,0.52,3.0,0.577,1.0,0.5,2025-26,HOU,31.0,75.0,3.0,12.3,1.6,0.0,0.5,1.6,3.0,0.52,0.522,0.6,2.1,2.5,1.0,
Noah Penda,SF,3.8,3.2,1.2,0.5,0.3,0.5,0.404,3.4,0.688,0.8,0.7,2025-26,ORL,21.0,59.0,2.0,12.8,1.4,1.6,0.323,0.9,1.9,0.473,0.478,0.6,1.1,2.0,1.2,
Omer Yurtseven,C,3.8,3.3,0.9,0.2,0.1,0.0,0.423,2.9,0.667,2.0,1.0,2025-26,GSW,27.0,9.0,0.0,11.6,1.2,0.4,0.0,1.2,2.4,0.5,0.423,1.3,1.4,1.9,1.7,
Patrick Baldwin Jr.,SF,3.7,2.6,0.6,0.3,0.6,0.7,0.407,3.0,0.714,0.8,0.6,2025-26,3TM,23.0,9.0,1.0,11.3,1.2,1.6,0.429,0.6,1.4,0.385,0.519,0.6,1.3,1.2,1.7,
Dalen Terry,SG,3.7,1.8,1.4,0.6,0.3,0.5,0.439,3.2,0.533,0.6,0.5,2025-26,2TM,23.0,48.0,0.0,11.5,1.4,1.4,0.364,0.9,1.9,0.494,0.516,0.3,0.5,1.3,1.0,
DaRon Holmes,PF,3.7,1.4,0.6,0.0,0.2,0.8,0.508,2.4,0.786,0.6,0.5,2025-26,DEN,23.0,25.0,6.0,8.4,1.2,1.8,0.444,0.4,0.6,0.688,0.672,0.4,0.3,1.1,0.8,
Larry Nance Jr.,PF,3.7,2.7,1.0,0.6,0.2,0.6,0.419,3.5,0.462,0.4,0.6,2025-26,CLE,33.0,35.0,3.0,12.8,1.5,1.8,0.333,0.9,1.7,0.508,0.504,0.2,0.8,1.8,1.6,
Zeke Nnaji,PF,3.7,2.6,0.6,0.3,0.5,0.3,0.47,2.9,0.773,0.8,0.5,2025-26,DEN,25.0,52.0,4.0,12.0,1.4,1.0,0.259,1.1,1.9,0.588,0.517,0.7,0.6,2.0,1.4,
Tolu Smith,PF,3.7,3.3,0.9,0.1,0.4,0.0,0.5,2.4,0.667,2.0,0.5,2025-26,DET,25.0,15.0,0.0,9.1,1.2,0.0,0.0,1.2,2.4,0.5,0.5,1.3,1.5,1.8,1.5,
Jeremy Sochan,PF,3.6,2.4,0.9,0.4,0.2,0.3,0.496,2.9,0.731,0.6,0.5,2025-26,2TM,22.0,44.0,0.0,10.7,1.5,1.0,0.244,1.2,1.9,0.631,0.539,0.4,0.8,1.6,1.4,
Mohamed Diawara,SF,3.6,1.4,0.8,0.2,0.1,0.7,0.423,3.1,0.75,0.3,0.4,2025-26,NYK,20.0,69.0,7.0,9.2,1.3,1.9,0.369,0.6,1.2,0.506,0.535,0.3,0.2,1.1,0.7,
Myron Gardner,SF,3.6,2.7,1.0,0.4,0.2,0.6,0.48,2.7,0.731,0.6,0.4,2025-26,MIA,24.0,45.0,7.0,9.1,1.3,1.4,0.406,0.7,1.3,0.559,0.585,0.4,0.9,1.8,1.7,
Olivier Sarr,C,3.5,2.8,1.3,0.5,0.8,0.5,0.714,1.8,0.4,1.3,0.5,2025-26,CLE,26.0,4.0,0.0,9.8,1.3,0.8,0.667,0.8,1.0,0.75,0.857,0.5,0.5,2.3,2.3,
Keaton Wallace,PG,3.5,1.1,1.8,0.5,0.1,0.7,0.398,3.2,0.667,0.3,0.5,2025-26,ATL,26.0,53.0,3.0,10.1,1.3,1.9,0.373,0.6,1.3,0.435,0.509,0.2,0.1,1.0,0.9,
Trayce Jackson-Davis,C,3.4,2.7,0.7,0.3,0.5,0.0,0.573,2.3,0.514,1.4,0.4,2025-26,2TM,25.0,53.0,1.0,9.4,1.3,0.0,1.0,1.3,2.3,0.569,0.577,0.7,1.2,1.5,0.8,
Taj Gibson,C,3.4,2.7,0.6,0.2,0.1,0.3,0.462,2.6,0.875,0.8,0.1,2025-26,MEM,40.0,10.0,1.0,9.7,1.2,0.6,0.5,0.9,2.0,0.45,0.519,0.7,1.1,1.6,1.4,
Yuki Kawamura,PG,3.4,1.8,2.6,0.5,0.0,0.6,0.327,2.9,0.895,1.1,0.8,2025-26,CHI,24.0,18.0,0.0,11.6,0.9,2.1,0.297,0.3,0.8,0.4,0.433,0.9,0.4,1.4,0.8,
Drew Timme,PF,3.4,1.2,0.9,0.2,0.0,0.4,0.576,2.4,0.556,0.3,0.5,2025-26,LAL,25.0,27.0,1.0,8.7,1.4,0.9,0.44,1.0,1.5,0.659,0.659,0.2,0.4,0.9,0.7,
AJ Johnson,SG,3.3,1.1,1.0,0.2,0.1,0.3,0.324,3.7,0.85,0.8,0.6,2025-26,2TM,21.0,48.0,0.0,9.5,1.2,1.2,0.211,0.9,2.5,0.378,0.358,0.7,0.3,0.9,0.6,
Dorian Finney-Smith,PF,3.3,2.5,1.0,0.4,0.2,0.7,0.333,3.6,0.889,0.2,0.6,2025-26,HOU,32.0,37.0,1.0,16.8,1.2,2.7,0.27,0.5,0.9,0.531,0.436,0.2,0.9,1.6,1.6,
Enrique Freeman,PF,3.3,2.5,0.5,0.5,0.8,0.5,0.5,2.0,0.75,1.0,0.5,2025-26,MIN,25.0,4.0,0.0,9.3,1.0,1.0,0.5,0.5,1.0,0.5,0.625,0.8,0.5,2.0,1.3,
Malevy Leons,SF,3.3,2.1,0.9,0.6,0.4,0.2,0.444,2.9,0.789,0.8,0.5,2025-26,GSW,26.0,25.0,2.0,11.0,1.3,0.6,0.25,1.1,2.2,0.5,0.472,0.6,1.2,0.9,1.2,
Dwight Powell,C,3.3,4.1,1.1,0.5,0.3,0.0,0.644,1.6,0.696,1.8,0.7,2025-26,DAL,34.0,63.0,12.0,14.3,1.0,0.1,0.286,1.0,1.5,0.67,0.653,1.2,1.5,2.6,2.1,
Isaiah Stevens,PG,3.3,1.0,3.3,1.7,0.0,0.0,0.429,2.3,1.0,1.3,0.7,2025-26,SAC,25.0,3.0,0.0,14.3,1.0,0.3,0.0,1.0,2.0,0.5,0.429,1.3,0.7,0.3,0.7,
James Wiseman,C,3.3,2.0,0.8,0.0,0.3,0.0,0.6,2.5,0.5,0.5,1.3,2025-26,IND,24.0,4.0,1.0,14.5,1.5,0.0,0.0,1.5,2.5,0.6,0.6,0.3,1.3,0.8,2.5,
Amir Coffey,SG,3.2,1.2,0.6,0.2,0.1,0.4,0.487,2.5,0.786,0.6,0.2,2025-26,2TM,28.0,46.0,3.0,10.7,1.2,1.1,0.347,0.8,1.4,0.594,0.562,0.5,0.4,0.8,0.7,
Alex Antetokounmpo,SF,3.2,1.0,0.2,0.0,0.2,0.3,0.375,1.3,0.733,2.5,0.2,2025-26,MIL,24.0,6.0,0.0,3.5,0.5,1.2,0.286,0.2,0.2,1.0,0.5,1.8,0.3,0.7,0.2,
Kelly Olynyk,C,3.2,1.8,1.2,0.4,0.1,0.3,0.49,2.3,0.711,0.9,0.6,2025-26,SAS,34.0,42.0,0.0,8.6,1.1,1.1,0.255,0.8,1.2,0.714,0.552,0.6,0.6,1.2,0.9,
Jamison Battle,SF,3.1,1.5,0.4,0.1,0.0,0.6,0.51,2.4,0.643,0.2,0.3,2025-26,TOR,24.0,61.0,2.0,8.5,1.2,1.4,0.412,0.6,1.0,0.65,0.631,0.1,0.3,1.1,0.7,
Miles Kelly,PG,3.1,1.7,0.9,0.3,0.1,0.7,0.364,3.1,1.0,0.1,0.4,2025-26,DAL,23.0,14.0,0.0,9.6,1.1,2.4,0.303,0.4,0.8,0.545,0.477,0.1,0.4,1.4,0.9,
Mark Sears,PG,3.1,0.3,0.3,0.0,0.0,0.6,0.462,1.9,0.75,1.1,0.6,2025-26,MIL,23.0,7.0,0.0,3.7,0.9,1.1,0.5,0.3,0.7,0.4,0.615,0.9,0.1,0.1,0.6,
Tyus Jones,PG,3.0,1.1,2.4,0.6,0.0,0.6,0.349,3.3,0.778,0.1,0.4,2025-26,3TM,29.0,67.0,12.0,14.6,1.1,2.0,0.292,0.5,1.2,0.444,0.44,0.1,0.2,1.0,0.5,
CJ Huntley,SF,3.0,1.3,0.5,0.3,0.0,0.0,0.545,2.8,0.0,0.0,0.0,2025-26,PHO,24.0,4.0,0.0,10.0,1.5,0.8,0.0,1.5,2.0,0.75,0.545,0.0,0.5,0.8,0.5,
Chris Livingston,SF,3.0,1.0,0.3,0.3,0.0,0.0,0.571,2.3,1.0,0.3,0.0,2025-26,CLE,22.0,3.0,0.0,5.7,1.3,1.0,0.0,1.3,1.3,1.0,0.571,0.3,0.0,1.0,1.3,
Khaman Maluach,C,3.0,2.9,0.1,0.1,0.7,0.1,0.533,2.3,0.71,0.7,0.5,2025-26,PHO,19.0,46.0,1.0,8.9,1.2,0.5,0.238,1.1,1.8,0.607,0.557,0.5,1.1,1.8,0.9,
Emanuel Miller,PF,3.0,0.6,0.8,0.4,0.0,0.4,0.462,2.6,0.5,0.4,0.0,2025-26,CHI,25.0,5.0,0.0,6.6,1.2,1.2,0.333,0.8,1.4,0.571,0.538,0.2,0.2,0.4,0.4,
Monte Morris,PG,3.0,1.2,1.5,0.2,0.2,0.3,0.35,3.3,0.5,0.7,0.3,2025-26,IND,30.0,6.0,0.0,10.8,1.2,1.3,0.25,0.8,2.0,0.417,0.4,0.3,0.2,1.0,0.5,
Julian Phillips,SF,2.9,1.0,0.2,0.5,0.1,0.4,0.421,2.5,0.783,0.5,0.2,2025-26,2TM,22.0,48.0,2.0,8.9,1.1,1.4,0.308,0.6,1.2,0.554,0.504,0.4,0.5,0.5,0.9,
Kobe Bufkin,SG,2.9,0.8,0.6,0.1,0.2,0.3,0.3,3.1,0.917,0.8,0.3,2025-26,LAL,22.0,16.0,1.0,7.4,0.9,1.6,0.192,0.6,1.5,0.417,0.35,0.7,0.1,0.8,0.6,
Bronny James,SG,2.9,0.5,1.2,0.5,0.1,0.5,0.409,2.7,0.857,0.2,0.6,2025-26,LAL,21.0,42.0,1.0,8.9,1.1,1.4,0.386,0.6,1.4,0.431,0.504,0.1,0.1,0.4,0.7,
Curtis Jones,SG,2.9,1.1,1.0,0.4,0.0,0.6,0.407,2.7,0.5,0.2,0.2,2025-26,DEN,24.0,10.0,0.0,8.8,1.1,1.8,0.333,0.5,0.9,0.556,0.519,0.1,0.2,0.9,0.6,
David Jones García,SF,2.9,1.2,1.6,0.5,0.1,0.3,0.52,2.3,0.5,0.5,0.5,2025-26,SAS,24.0,11.0,0.0,6.2,1.2,0.5,0.6,0.9,1.8,0.5,0.58,0.3,0.4,0.8,0.5,
Chris Paul,PG,2.9,1.8,3.3,0.7,0.0,0.6,0.321,3.5,0.5,0.1,1.0,2025-26,LAC,40.0,16.0,0.0,14.3,1.1,1.9,0.333,0.5,1.6,0.308,0.411,0.1,0.4,1.4,1.4,
Duop Reath,C,2.9,1.2,0.3,0.2,0.3,0.7,0.446,2.3,0.833,0.2,0.2,2025-26,POR,29.0,32.0,0.0,8.1,1.0,1.7,0.418,0.3,0.6,0.526,0.601,0.2,0.3,0.9,0.9,
Cam Christie,SG,2.8,1.4,0.6,0.3,0.1,0.2,0.381,2.5,0.76,0.9,0.4,2025-26,LAC,20.0,55.0,0.0,8.7,1.0,0.9,0.245,0.7,1.6,0.456,0.424,0.7,0.3,1.1,0.3,
Kevon Looney,C,2.8,5.6,1.6,0.4,0.5,0.1,0.417,2.9,0.7,0.5,0.4,2025-26,NOP,29.0,21.0,8.0,14.7,1.2,0.6,0.154,1.1,2.2,0.489,0.433,0.3,2.3,3.3,1.6,
Norchad Omier,PF,2.8,1.2,0.3,0.2,0.0,0.0,0.7,1.7,1.0,0.5,0.0,2025-26,LAC,24.0,6.0,0.0,4.0,1.2,0.2,0.0,1.2,1.5,0.778,0.7,0.5,0.7,0.5,0.7,
Jae'Sean Tate,SF,2.8,1.6,0.5,0.2,0.1,0.2,0.514,2.4,0.636,0.2,0.3,2025-26,HOU,30.0,46.0,1.0,8.8,1.2,0.7,0.313,1.0,1.7,0.597,0.56,0.2,0.7,0.9,1.0,
Rocco Zikarsky,C,2.8,2.8,0.4,0.0,1.0,0.0,0.625,1.6,1.0,0.8,0.2,2025-26,MIN,19.0,5.0,0.0,7.2,1.0,0.0,0.0,1.0,1.6,0.625,0.625,0.8,0.4,2.4,0.6,
Christian Koloko,C,2.7,3.0,0.7,0.5,0.9,0.0,0.419,2.7,0.667,0.6,0.6,2025-26,3TM,25.0,27.0,4.0,13.2,1.1,0.3,0.111,1.1,2.4,0.462,0.426,0.4,1.1,1.9,1.8,
Gary Harris,SG,2.7,1.3,1.1,0.6,0.2,0.6,0.442,2.2,0.889,0.2,0.4,2025-26,MIL,31.0,48.0,2.0,13.8,1.0,1.4,0.412,0.4,0.8,0.5,0.577,0.2,0.3,0.9,1.1,
Antonio Reeves,SG,2.7,0.8,0.3,0.1,0.0,0.7,0.5,2.0,0.0,0.0,0.1,2025-26,CHO,25.0,10.0,0.0,6.8,1.0,1.3,0.538,0.3,0.7,0.429,0.675,0.0,0.2,0.6,0.3,
Pat Connaughton,SG,2.6,1.5,0.4,0.3,0.0,0.5,0.447,2.0,0.65,0.5,0.3,2025-26,CHO,33.0,42.0,0.0,7.1,0.9,1.2,0.404,0.4,0.8,0.515,0.571,0.3,0.4,1.1,0.2,
Jonathan Isaac,PF,2.6,2.5,0.4,0.4,0.6,0.1,0.422,2.1,0.603,1.1,0.3,2025-26,ORL,28.0,52.0,0.0,10.0,0.9,0.7,0.184,0.8,1.4,0.549,0.454,0.7,0.8,1.7,0.8,
Mo Bamba,C,2.5,5.5,0.3,0.0,0.8,0.0,0.455,2.8,0.0,0.0,0.5,2025-26,2TM,27.0,4.0,0.0,11.0,1.3,0.0,0.0,1.3,2.8,0.455,0.455,0.0,2.5,3.0,1.5,
JD Davison,PG,2.5,1.2,1.3,0.2,0.2,0.3,0.375,2.3,0.684,0.7,0.3,2025-26,HOU,23.0,28.0,0.0,7.8,0.9,1.1,0.25,0.6,1.1,0.5,0.438,0.5,0.1,1.1,0.6,
John Tonje,SG,2.5,1.0,0.3,0.3,0.0,0.5,0.286,2.3,1.0,0.7,0.0,2025-26,BOS,24.0,6.0,0.0,7.0,0.7,1.7,0.3,0.2,0.7,0.25,0.393,0.7,0.0,1.0,0.8,
Hunter Dickinson,C,2.4,1.0,0.4,0.2,0.4,0.0,0.357,2.8,1.0,0.4,0.6,2025-26,NOP,25.0,5.0,0.0,8.4,1.0,0.8,0.0,1.0,2.0,0.5,0.357,0.4,0.4,0.6,1.2,
Andre Jackson Jr.,SG,2.4,1.5,0.9,0.4,0.1,0.3,0.328,2.5,0.625,0.7,0.6,2025-26,MIL,24.0,48.0,1.0,8.5,0.8,1.3,0.25,0.5,1.2,0.407,0.391,0.4,0.5,1.0,0.9,
Chaz Lanier,SG,2.4,0.7,0.5,0.2,0.0,0.6,0.315,2.6,0.833,0.2,0.1,2025-26,DET,24.0,34.0,0.0,7.7,0.8,2.0,0.284,0.3,0.6,0.409,0.421,0.1,0.2,0.4,0.4,
Kevin McCullar Jr.,SF,2.4,1.3,1.0,0.4,0.0,0.4,0.426,2.2,0.4,0.2,0.6,2025-26,NYK,24.0,21.0,0.0,7.4,1.0,1.1,0.333,0.6,1.1,0.522,0.511,0.1,0.5,0.8,1.0,
Lachlan Olbrich,C,2.4,3.0,1.1,0.3,0.2,0.1,0.468,2.1,0.375,1.1,0.4,2025-26,CHI,22.0,37.0,2.0,9.3,1.0,0.5,0.105,0.9,1.6,0.586,0.481,0.4,1.2,1.8,1.3,
Lindy Waters III,SG,2.4,0.7,0.5,0.2,0.0,0.7,0.375,2.2,0.667,0.1,0.2,2025-26,SAS,28.0,40.0,0.0,7.1,0.8,2.0,0.342,0.2,0.2,0.667,0.528,0.1,0.1,0.7,0.6,
Chris Boucher,PF,2.3,2.0,0.3,0.6,0.8,0.2,0.32,2.8,0.75,0.4,0.1,2025-26,BOS,33.0,9.0,0.0,10.4,0.9,1.7,0.133,0.7,1.1,0.6,0.36,0.3,0.2,1.8,1.9,
Caleb Houstan,SF,2.3,0.6,0.2,0.1,0.1,0.6,0.538,1.4,1.0,0.2,0.2,2025-26,ATL,23.0,18.0,0.0,4.2,0.8,1.2,0.524,0.2,0.3,0.6,0.75,0.2,0.3,0.3,0.6,
Luke Travers,SG,2.3,2.0,0.8,0.6,0.3,0.1,0.25,3.0,1.0,0.8,0.3,2025-26,CLE,24.0,12.0,0.0,8.6,0.8,1.3,0.063,0.7,1.7,0.4,0.264,0.8,0.8,1.3,0.5,
Jeff Green,PF,2.2,0.8,0.3,0.1,0.1,0.4,0.368,2.3,1.0,0.2,0.1,2025-26,HOU,39.0,30.0,0.0,5.8,0.8,1.5,0.273,0.4,0.8,0.542,0.456,0.2,0.2,0.6,0.4,
Yang Hansen,C,2.2,1.5,0.5,0.1,0.2,0.1,0.31,2.3,0.824,0.8,0.7,2025-26,POR,20.0,43.0,1.0,7.0,0.7,1.0,0.119,0.6,1.3,0.448,0.335,0.7,0.5,1.1,1.0,
Ariel Hukporti,C,2.2,2.9,0.5,0.2,0.5,0.0,0.563,1.5,0.788,0.6,0.6,2025-26,NYK,23.0,54.0,5.0,9.2,0.8,0.1,0.25,0.8,1.4,0.579,0.569,0.5,1.0,1.9,1.2,
Alijah Martin,SG,2.2,0.9,0.5,0.3,0.2,0.2,0.32,2.2,0.789,0.8,0.3,2025-26,TOR,24.0,23.0,0.0,6.3,0.7,0.9,0.19,0.5,1.3,0.414,0.36,0.7,0.4,0.5,0.5,
Hunter Tyson,PF,2.2,1.7,0.8,0.1,0.0,0.3,0.269,2.5,0.846,0.6,0.2,2025-26,DEN,25.0,21.0,2.0,7.7,0.7,1.6,0.212,0.3,0.9,0.368,0.337,0.5,0.2,1.5,0.6,
Chris Youngblood,SG,2.1,0.8,0.4,0.1,0.1,0.5,0.349,1.9,0.9,0.3,0.1,2025-26,2TM,23.0,34.0,0.0,5.4,0.6,1.6,0.333,0.1,0.3,0.444,0.492,0.3,0.2,0.6,0.6,
Dalano Banton,PG,2.0,0.8,1.8,0.3,0.8,0.0,0.333,2.0,1.0,0.7,1.3,2025-26,2TM,26.0,6.0,0.0,10.3,0.7,0.2,0.0,0.7,1.8,0.364,0.333,0.7,0.3,0.5,0.5,
Isaiah Crawford,SF,2.0,1.1,0.4,0.1,0.2,0.2,0.417,1.7,0.833,0.4,0.3,2025-26,HOU,24.0,14.0,0.0,6.6,0.7,0.9,0.231,0.5,0.8,0.636,0.479,0.4,0.2,0.9,0.3,
Trentyn Flowers,SF,2.0,0.5,0.5,0.0,0.0,0.0,0.667,1.5,0.0,0.0,0.5,2025-26,CHI,20.0,2.0,0.0,3.0,1.0,0.5,0.0,1.0,1.0,1.0,0.667,0.0,0.5,0.0,0.5,
Colby Jones,SG,2.0,4.0,2.0,0.0,0.0,0.0,0.333,3.0,0.0,0.0,0.0,2025-26,DET,23.0,1.0,0.0,7.0,1.0,2.0,0.0,1.0,1.0,1.0,0.333,0.0,0.0,4.0,1.0,
Johnny Juzang,SG,2.0,0.8,0.3,0.1,0.0,0.3,0.421,1.8,0.625,0.4,0.2,2025-26,MIN,24.0,21.0,0.0,4.2,0.8,1.1,0.25,0.5,0.7,0.714,0.5,0.2,0.2,0.6,0.1,
Jayson Kent,SF,2.0,1.0,0.0,0.2,0.2,0.2,0.571,1.4,1.0,0.2,0.0,2025-26,POR,23.0,5.0,0.0,4.4,0.8,0.8,0.25,0.6,0.6,1.0,0.643,0.2,0.0,1.0,0.2,
Maxi Kleber,PF,2.0,2.0,0.6,0.4,0.3,0.1,0.452,1.7,0.538,0.6,0.4,2025-26,LAL,34.0,43.0,1.0,10.7,0.8,0.6,0.231,0.6,1.1,0.574,0.493,0.3,0.8,1.1,1.4,
Jordan McLaughlin,PG,2.0,0.7,0.9,0.5,0.0,0.4,0.418,1.8,0.857,0.2,0.3,2025-26,SAS,29.0,44.0,0.0,6.4,0.8,0.9,0.425,0.4,0.9,0.41,0.525,0.1,0.2,0.6,0.3,
Alex Morales,PG,2.0,0.8,1.0,0.0,0.0,0.0,0.429,1.8,1.0,0.5,1.0,2025-26,ORL,28.0,4.0,0.0,6.0,0.8,0.3,0.0,0.8,1.5,0.5,0.429,0.5,0.3,0.5,1.8,
Sean Pedulla,PG,1.9,0.4,0.7,0.0,0.0,0.4,0.333,2.1,0.0,0.0,0.1,2025-26,LAC,23.0,7.0,0.0,4.4,0.7,1.4,0.3,0.3,0.7,0.4,0.433,0.0,0.0,0.4,0.6,
Adou Thiero,SF,1.9,1.1,0.4,0.3,0.1,0.0,0.516,1.2,0.636,0.9,0.4,2025-26,LAL,21.0,25.0,0.0,6.0,0.6,0.1,0.333,0.6,1.1,0.536,0.532,0.6,0.4,0.8,0.8,
Bobi Klintman,SF,1.8,1.6,0.5,0.3,0.0,0.3,0.333,2.3,0.0,0.3,0.5,2025-26,DET,22.0,12.0,0.0,5.9,0.8,1.1,0.308,0.4,1.2,0.357,0.407,0.0,0.4,1.2,0.9,
Isaiah Livers,PF,1.8,1.7,0.6,0.4,0.2,0.3,0.344,1.8,0.75,0.3,0.3,2025-26,PHO,27.0,36.0,0.0,9.6,0.6,1.1,0.3,0.3,0.7,0.417,0.438,0.3,0.5,1.2,0.8,
Cody Martin,SF,1.8,3.5,0.5,1.0,0.5,0.0,0.2,2.5,0.5,1.5,1.0,2025-26,IND,30.0,4.0,0.0,13.8,0.5,1.3,0.0,0.5,1.3,0.4,0.2,0.8,0.3,3.3,1.3,
Orlando Robinson,C,1.8,1.0,0.8,0.3,0.0,0.3,0.6,1.3,0.0,0.0,0.0,2025-26,ORL,25.0,4.0,1.0,6.3,0.8,0.5,0.5,0.5,0.8,0.667,0.7,0.0,0.5,0.5,0.8,
Jahmir Young,PG,1.8,0.3,0.6,0.1,0.0,0.2,0.4,1.8,1.0,0.1,0.2,2025-26,MIA,25.0,14.0,0.0,4.1,0.7,0.6,0.333,0.5,1.1,0.438,0.46,0.1,0.1,0.1,0.5,
Brooks Barnhizer,SG,1.7,2.0,0.6,0.3,0.1,0.2,0.38,1.8,0.7,0.3,0.3,2025-26,OKC,23.0,40.0,0.0,8.7,0.7,0.6,0.292,0.5,1.2,0.426,0.43,0.2,0.5,1.5,0.7,
Pacôme Dadiet,SG,1.7,0.9,0.4,0.1,0.0,0.2,0.333,1.7,0.818,0.4,0.1,2025-26,NYK,20.0,29.0,0.0,4.7,0.6,1.1,0.219,0.3,0.6,0.563,0.406,0.3,0.1,0.8,0.3,
Wendell Moore Jr.,SG,1.7,1.0,0.7,0.3,0.3,0.0,0.571,1.2,1.0,0.3,0.2,2025-26,DET,24.0,6.0,0.0,10.0,0.7,0.2,0.0,0.7,1.0,0.667,0.571,0.3,0.2,0.8,0.5,
Mason Plumlee,C,1.6,2.7,1.0,0.5,0.0,0.0,0.786,0.7,0.643,0.7,0.6,2025-26,2TM,35.0,20.0,3.0,8.6,0.6,0.0,0.0,0.6,0.7,0.786,0.786,0.5,0.9,1.8,0.9,
Harrison Ingram,SF,1.6,0.4,0.1,0.0,0.0,0.1,0.833,0.9,0.0,0.0,0.1,2025-26,SAS,23.0,7.0,0.0,3.7,0.7,0.1,1.0,0.6,0.7,0.8,0.917,0.0,0.4,0.0,0.3,
Jacob Toppin,SF,1.6,0.2,0.2,0.0,0.2,0.0,0.667,1.2,0.0,0.0,0.0,2025-26,ATL,25.0,5.0,0.0,3.4,0.8,0.0,0.0,0.8,1.2,0.667,0.667,0.0,0.0,0.2,0.2,
Xavier Tillman Sr.,C,1.5,1.4,0.4,0.3,0.2,0.1,0.435,1.5,0.25,0.1,0.3,2025-26,2TM,27.0,30.0,1.0,6.1,0.7,0.6,0.167,0.6,0.9,0.607,0.467,0.0,0.6,0.8,0.5,
Buddy Boeheim,SF,1.5,0.0,0.0,0.0,0.0,0.5,0.333,1.5,0.0,0.0,0.0,2025-26,OKC,26.0,4.0,0.0,3.8,0.5,1.5,0.333,0.0,0.0,0.0,0.5,0.0,0.0,0.0,0.3,
Joe Ingles,SF,1.5,0.7,1.3,0.3,0.1,0.3,0.593,1.0,1.0,0.1,0.5,2025-26,MIN,38.0,27.0,2.0,5.7,0.6,0.6,0.438,0.3,0.4,0.818,0.722,0.1,0.0,0.7,0.3,
Jonathan Mogbo,PF,1.5,1.7,0.6,0.3,0.2,0.0,0.591,1.1,0.643,0.4,0.4,2025-26,TOR,24.0,40.0,0.0,6.2,0.7,0.0,0.0,0.7,1.1,0.605,0.591,0.2,0.5,1.2,0.7,
Thanasis Antetokounmpo,SF,1.4,0.9,0.4,0.4,0.2,0.0,0.469,0.9,0.567,0.9,0.3,2025-26,MIL,33.0,34.0,0.0,4.4,0.4,0.1,0.0,0.4,0.8,0.536,0.469,0.5,0.4,0.5,0.5,
Amari Williams,PF,1.4,1.8,0.5,0.1,0.5,0.0,0.5,0.9,0.714,0.6,0.5,2025-26,BOS,24.0,22.0,2.0,6.6,0.5,0.0,0.0,0.5,0.9,0.5,0.5,0.5,0.4,1.4,0.9,
Isaac Jones,PF,1.3,0.7,0.1,0.0,0.1,0.0,0.429,1.0,0.75,0.6,0.1,2025-26,2TM,25.0,7.0,1.0,5.1,0.4,0.3,0.0,0.4,0.7,0.6,0.429,0.4,0.3,0.4,0.6,
Colin Castleton,C,1.3,2.0,0.3,0.3,0.0,0.0,0.4,1.3,1.0,0.3,0.5,2025-26,ORL,25.0,4.0,0.0,5.3,0.5,0.0,0.0,0.5,1.3,0.4,0.4,0.3,0.5,1.5,0.5,
Nigel Hayes-Davis,SF,1.3,1.2,0.3,0.3,0.1,0.1,0.326,1.7,0.5,0.1,0.3,2025-26,PHO,31.0,27.0,0.0,7.2,0.6,0.6,0.125,0.5,1.1,0.433,0.348,0.1,0.4,0.8,0.6,
Dillon Jones,SF,1.3,1.0,0.6,0.4,0.0,0.1,0.222,1.3,1.0,0.6,0.0,2025-26,NYK,24.0,7.0,0.0,5.6,0.3,0.7,0.2,0.1,0.6,0.25,0.278,0.6,0.3,0.7,0.9,
TyTy Washington Jr.,PG,1.3,0.4,1.1,0.4,0.2,0.2,0.474,1.2,0.0,0.0,0.2,2025-26,LAC,24.0,16.0,0.0,5.5,0.6,0.5,0.375,0.4,0.7,0.545,0.553,0.0,0.1,0.3,0.4,
Javonte Cooke,SG,1.2,1.0,0.4,0.3,0.0,0.2,0.22,2.2,1.0,0.1,0.5,2025-26,POR,26.0,19.0,0.0,4.9,0.5,1.2,0.13,0.3,0.9,0.333,0.256,0.1,0.2,0.8,0.3,
Kyle Lowry,PG,1.2,0.6,0.8,0.1,0.1,0.3,0.16,1.8,0.833,0.4,0.3,2025-26,PHI,39.0,14.0,0.0,8.4,0.3,1.8,0.16,0.0,0.0,0.0,0.24,0.4,0.0,0.6,0.6,
Trey Jemison,C,1.0,1.4,0.4,0.1,0.2,0.0,0.6,0.8,1.0,0.1,0.8,2025-26,NYK,26.0,13.0,0.0,6.3,0.5,0.0,0.0,0.5,0.8,0.6,0.6,0.1,0.6,0.8,0.8,
Trevor Keels,SG,1.0,0.3,0.0,0.1,0.0,0.3,0.25,1.5,0.0,0.0,0.0,2025-26,MIA,22.0,8.0,0.0,1.9,0.4,1.1,0.222,0.1,0.4,0.333,0.333,0.0,0.0,0.3,0.0,
Hunter Sallis,SG,1.0,0.1,0.6,0.0,0.1,0.0,0.6,0.7,0.5,0.3,0.7,2025-26,PHI,22.0,7.0,0.0,3.7,0.4,0.0,0.0,0.4,0.7,0.6,0.6,0.1,0.0,0.1,0.3,
Dario Šarić,C,1.0,1.2,0.4,0.0,0.0,0.2,0.167,1.2,1.0,0.4,0.4,2025-26,SAC,31.0,5.0,0.0,8.2,0.2,0.6,0.333,0.0,0.6,0.0,0.25,0.4,0.2,1.0,0.6,
Stanley Umude,SG,1.0,0.0,0.5,0.5,0.0,0.0,0.5,1.0,0.0,0.0,0.0,2025-26,SAS,26.0,2.0,0.0,3.5,0.5,0.5,0.0,0.5,0.5,1.0,0.5,0.0,0.0,0.0,1.0,
Bismack Biyombo,C,0.9,1.0,0.2,0.2,0.1,0.0,0.6,0.6,0.714,0.3,0.3,2025-26,SAS,33.0,25.0,1.0,5.6,0.4,0.0,0.0,0.4,0.6,0.6,0.6,0.2,0.2,0.8,1.1,
Johni Broome,C,0.9,1.5,0.4,0.3,0.2,0.0,0.167,2.2,0.333,0.5,0.3,2025-26,PHI,23.0,11.0,0.0,5.0,0.4,0.5,0.0,0.4,1.7,0.211,0.167,0.2,0.6,0.8,0.6,
N'Faly Dante,C,0.8,1.8,0.0,0.5,0.0,0.0,0.25,1.0,1.0,0.3,0.3,2025-26,ATL,24.0,4.0,0.0,3.8,0.3,0.0,0.0,0.3,1.0,0.25,0.25,0.3,0.8,1.0,0.3,
Markelle Fultz,PG,0.8,0.2,1.6,0.4,0.0,0.0,0.182,2.2,0.0,0.0,0.8,2025-26,TOR,27.0,5.0,0.0,7.2,0.4,0.0,0.0,0.4,2.2,0.182,0.182,0.0,0.0,0.2,0.4,
Vladislav Goldin,C,0.8,1.0,0.3,0.0,0.3,0.0,0.75,0.4,1.0,0.1,0.3,2025-26,MIA,24.0,9.0,0.0,2.7,0.3,0.0,0.0,0.3,0.4,0.75,0.75,0.1,0.3,0.7,0.6,
Chris Mañon,SG,0.8,1.1,0.3,0.6,0.2,0.0,0.333,0.7,0.75,0.4,0.1,2025-26,LAL,24.0,9.0,0.0,5.1,0.2,0.3,0.0,0.2,0.3,0.667,0.333,0.3,0.2,0.9,0.7,
Drew Peterson,PF,0.8,1.5,0.3,0.5,0.2,0.0,0.125,2.7,0.5,0.3,0.0,2025-26,CHO,26.0,6.0,0.0,10.7,0.3,2.0,0.0,0.3,0.7,0.5,0.125,0.2,0.5,1.0,0.5,
Garrett Temple,SG,0.8,0.4,0.4,0.2,0.1,0.1,0.267,0.7,0.667,0.4,0.3,2025-26,TOR,39.0,22.0,0.0,3.3,0.2,0.5,0.25,0.0,0.1,0.333,0.367,0.3,0.0,0.4,0.3,
Max Shulga,SG,0.6,0.5,0.2,0.1,0.0,0.1,0.25,0.7,1.0,0.2,0.3,2025-26,BOS,23.0,11.0,1.0,3.3,0.2,0.4,0.25,0.1,0.4,0.25,0.313,0.2,0.3,0.3,0.9,
Jahmyl Telfort,PF,0.1,0.4,0.1,0.1,0.0,0.0,0.0,0.5,0.25,0.5,0.1,2025-26,LAC,24.0,8.0,0.0,4.0,0.0,0.5,0.0,0.0,0.0,0.0,0.0,0.1,0.0,0.4,0.6,
Darius Brown II,SG,0.0,1.0,0.0,0.0,0.0,0.0,0.0,1.0,0.0,0.0,0.0,2025-26,CLE,26.0,1.0,0.0,3.0,0.0,0.0,0.0,0.0,1.0,0.0,0.0,0.0,0.0,1.0,0.0,
Noa Essengue,PF,0.0,0.0,0.0,0.5,0.0,0.0,0.0,1.5,0.0,0.0,0.0,2025-26,CHI,19.0,2.0,0.0,3.0,0.0,1.0,0.0,0.0,0.5,0.0,0.0,0.0,0.0,0.0,0.5,
Tosan Evbuomwan,SF,0.0,0.4,0.0,0.0,0.0,0.0,0.0,0.2,0.0,0.0,0.0,2025-26,NYK,24.0,5.0,0.0,1.6,0.0,0.0,0.0,0.0,0.2,0.0,0.0,0.0,0.2,0.2,0.2,
Chucky Hepburn,PG,0.0,0.5,1.0,0.5,0.0,0.0,0.0,3.0,0.0,0.0,0.5,2025-26,TOR,22.0,2.0,0.0,6.5,0.0,2.5,0.0,0.0,0.5,0.0,0.0,0.0,0.0,0.5,1.0,
League Average,,0.0,0.0,0.0,0.0,0.0,0.0,0.471,0.0,0.783,0.0,0.0,2025-26,,0.0,0.0,0.0,0.0,0.0,0.0,0.36,0.0,0.0,0.55,0.546,0.0,0.0,0.0,0.0,
