player_name,positions,team,overall_pick,college,predicted_games,college_games,translation,pts,reb,ast,stl,blk,fg3m,fga,fta,to,fg_pct,ft_pct
AJ Dybantsa,SF,WAS,1,Brigham Young,71,35.0,college_to_nba,20.473,5.233,3.462,0.77,0.189,1.327,14.441,4.447,2.496,0.5,0.791
Darryn Peterson,PG,UTA,2,Kansas,71,24.0,college_to_nba,16.164,3.225,1.476,1.032,0.345,2.488,12.413,2.892,1.281,0.428,0.843
Cameron Boozer,SF,MEM,3,Duke,71,38.0,college_to_nba,18.034,7.845,3.851,1.016,0.334,1.347,11.495,3.875,2.043,0.545,0.807
Caleb Wilson,SF,CHI,4,North Carolina,71,24.0,college_to_nba,15.897,7.216,2.485,1.093,0.76,0.276,10.251,3.966,1.584,0.568,0.73
Keaton Wagler,PG,LAC,5,Illinois,71,37.0,college_to_nba,14.362,3.894,3.955,0.669,0.209,2.229,10.268,3.07,1.443,0.435,0.814
Mikel Brown Jr.,PG,BKN,6,Louisville,60,21.0,college_to_nba,14.58,2.554,4.394,0.902,0.079,2.483,10.878,3.055,2.504,0.4,0.862
Darius Acuff Jr.,PG,SAC,7,Arkansas,60,36.0,college_to_nba,18.813,2.363,6.007,0.607,0.169,2.396,13.831,3.214,1.753,0.474,0.827
Kingston Flemings,PG,ATL,8,Houston,60,37.0,college_to_nba,12.868,3.107,4.837,1.103,0.179,1.05,10.539,1.833,1.443,0.466,0.862
Morez Johnson Jr.,SF,DAL,9,Michigan,60,40.0,college_to_nba,10.5,5.613,1.118,0.492,0.608,0.284,6.548,2.051,1.072,0.613,0.8
Brayden Burries,PG,MIL,10,Arizona,60,39.0,college_to_nba,12.865,3.753,2.27,1.102,0.113,1.701,9.183,2.279,1.182,0.48,0.822
Yaxel Lendeborg,SF,GSW,11,Michigan,60,40.0,college_to_nba,12.083,5.192,3.006,0.82,0.677,1.588,8.117,2.169,0.849,0.505,0.842
Aday Mara,C,OKC,12,Michigan,60,40.0,college_to_nba,9.698,5.173,2.26,0.255,1.423,0.071,6.297,1.841,1.597,0.658,0.582
Nate Ament,SF,MIA,13,Tennessee,60,35.0,college_to_nba,13.374,4.861,2.184,0.708,0.347,1.246,10.257,3.726,1.826,0.388,0.808
Hannes Steinbach,SF,CHA,14,Washington,60,30.0,college_to_nba,14.855,9.017,1.46,0.777,0.682,0.569,10.097,2.77,1.591,0.567,0.777
Dailyn Swain,PG,CHI,15,Texas,52,36.0,college_to_nba,13.871,5.769,3.34,1.194,0.169,0.843,9.182,2.922,2.157,0.532,0.832
Bennett Stirtz,PG,MEM,16,Iowa,52,37.0,college_to_nba,15.9,2.03,4.106,1.004,0.134,2.357,11.896,2.345,1.487,0.467,0.866
Ebuka Okorie,PG,OKC,17,Stanford,52,31.0,college_to_nba,18.59,2.793,3.337,1.152,0.178,1.926,13.578,3.834,1.513,0.455,0.849
Christian Anderson,PG,CHA,18,Texas Tech,52,33.0,college_to_nba,14.84,2.74,6.892,1.06,0.134,3.102,10.955,1.88,2.672,0.462,0.823
Allen Graves,SF,TOR,19,Santa Clara,52,35.0,college_to_nba,9.435,4.992,1.678,1.395,0.521,1.029,6.766,1.683,0.578,0.502,0.767
Jayden Quaintance,SF,SAS,20,Kentucky,52,4.0,college_to_nba,4.008,3.832,0.466,0.364,0.414,0.0,2.929,1.709,1.213,0.561,0.325
Karim Lopez,,DET,21,Breakers (New Zealand),52,,no_college_stats,,,,,,,,,,,
Labaron Philon,PG,PHI,22,Alabama,52,33.0,college_to_nba,17.609,2.717,4.66,0.839,0.1,2.327,12.299,3.155,2.059,0.491,0.815
Zuby Ejiofor,SF,ATL,23,St. John's (NY),52,37.0,college_to_nba,13.084,5.613,3.3,0.847,1.18,0.461,8.436,3.681,1.705,0.526,0.736
Cameron Carr,PG,NYK,24,Baylor,52,34.0,college_to_nba,15.135,4.44,2.467,0.643,0.731,2.147,10.755,2.567,1.927,0.484,0.819
Sergio de Larrea,,LAL,25,Valencia BC (Spain),52,,no_college_stats,,,,,,,,,,,
Tarris Reed Jr.,C,DEN,26,Connecticut,52,35.0,college_to_nba,11.794,6.875,2.13,0.666,1.089,0.0,8.272,2.314,1.502,0.597,0.634
Chris Cenac Jr.,SF,BOS,27,Houston,52,37.0,college_to_nba,7.625,6.027,0.68,0.551,0.269,0.769,6.672,0.824,0.721,0.475,0.638
Joshua Jefferson,SF,MIN,28,Iowa State,52,35.0,college_to_nba,13.168,5.693,4.447,1.187,0.458,1.029,9.85,3.2,2.057,0.461,0.717
Alex Karaban,SF,CLE,29,Houston,52,40.0,college_to_nba,10.56,4.042,2.19,0.601,0.456,1.825,8.473,1.144,0.87,0.454,0.868
Koa Peat,SF,DAL,30,Arizona,52,36.0,college_to_nba,11.31,4.321,2.408,0.465,0.384,0.184,8.81,2.366,1.303,0.517,0.641
Bruce Thornton,PG,NYK,31,Ohio State,38,34.0,college_to_nba,15.96,3.899,3.646,0.836,0.13,1.729,10.534,2.629,1.047,0.544,0.847
Richie Saunders,PG,MEM,32,Brigham Young,38,25.0,college_to_nba,14.459,4.414,1.939,1.253,0.155,2.427,10.209,2.293,1.327,0.478,0.834
Isaiah Evans,PG,BKN,33,Duke,38,38.0,college_to_nba,12.044,2.46,1.177,0.518,0.364,2.52,9.469,1.578,0.915,0.422,0.877
Meleek Thomas,PG,SAC,34,Arkansas,38,37.0,college_to_nba,12.543,2.941,2.318,1.122,0.105,2.101,10.562,1.535,0.809,0.424,0.86
Trevon Brazile,SF,SAS,35,Arkansas,38,36.0,college_to_nba,10.442,5.62,1.45,1.073,0.89,1.185,7.485,1.753,0.854,0.515,0.734
Baba Miller,SF,LAC,36,Cincinnati,38,31.0,college_to_nba,10.446,7.911,3.458,0.541,0.642,0.306,7.558,2.528,1.774,0.518,0.675
Ryan Conwell,PG,OKC,37,Louisville,38,34.0,college_to_nba,15.04,3.651,2.495,0.814,0.098,3.123,12.134,2.305,1.737,0.397,0.85
Braden Smith,PG,CHI,38,Purdue,38,39.0,college_to_nba,11.447,2.712,8.245,1.233,0.113,1.556,9.613,1.618,2.344,0.43,0.842
Jack Kayil,,HOU,39,Alba Berlin (Germany),38,,no_college_stats,,,,,,,,,,,
Dillon Mitchell,SF,BOS,40,St. John's (NY),38,37.0,college_to_nba,6.672,5.364,2.796,0.925,0.403,0.026,5.337,1.237,0.809,0.549,0.512
Otega Oweh,PG,MIA,41,Kentucky,38,36.0,college_to_nba,14.939,3.683,2.485,1.295,0.138,1.185,11.692,3.155,1.663,0.455,0.749
Ja'Kobi Gillespie,PG,SAS,42,Tennessee,38,37.0,college_to_nba,14.752,2.175,5.063,1.556,0.119,2.639,12.801,1.99,1.858,0.4,0.832
Tyler Bilodeau,SF,BKN,43,California-Los Angeles,38,31.0,college_to_nba,14.143,4.301,0.992,0.353,0.196,1.957,9.529,2.273,1.044,0.508,0.891
Maliq Brown,SF,SAS,44,Duke,38,38.0,college_to_nba,3.965,3.973,1.521,1.304,0.349,0.125,2.907,0.471,0.958,0.619,0.517
Emanuel Sharp,PG,SAC,45,Houston,38,37.0,college_to_nba,12.391,2.278,1.612,0.866,0.045,2.485,9.635,1.961,0.787,0.403,0.909
Felix Okpara,SF,ORL,46,Tennessee,22,35.0,college_to_nba,6.389,4.861,0.453,0.312,0.821,0.108,4.567,1.112,0.832,0.587,0.653
Tyler Nickel,SF,PHX,47,Vanderbilt,22,36.0,college_to_nba,10.821,2.491,1.113,0.567,0.292,2.897,8.508,0.862,0.584,0.435,0.865
Tobi Lawal,SF,DAL,48,Virginia Tech,22,23.0,college_to_nba,9.827,6.497,0.567,0.222,0.625,0.495,6.04,2.698,1.442,0.532,0.78
Bryce Hopkins,SF,DEN,49,St. John's (NY),22,37.0,college_to_nba,10.918,4.764,1.814,0.788,0.149,0.845,8.3,2.53,1.027,0.458,0.731
Jaden Bradley,PG,TOR,50,Arizona,22,39.0,college_to_nba,10.646,2.613,4.063,1.046,0.057,0.632,7.875,2.535,1.41,0.453,0.826
Izaiyah Nelson,SF,WAS,51,South Florida,22,34.0,college_to_nba,12.73,7.348,1.124,1.2,0.78,0.195,8.516,3.093,1.094,0.55,0.742
Henri Veesaar,C,LAC,52,North Carolina,22,31.0,college_to_nba,13.652,6.675,1.924,0.423,0.66,1.223,9.232,1.985,1.357,0.598,0.633
Ugonna Onyenso,C,HOU,53,Virginia,22,36.0,college_to_nba,5.21,3.747,0.544,0.445,1.612,0.263,3.928,0.643,0.359,0.558,0.745
Lajae Jones,PG,GSW,54,Florida State,22,33.0,college_to_nba,10.177,4.389,1.045,0.905,0.553,1.58,8.14,1.88,0.833,0.417,0.78
Nick Martinelli,SF,NYK,55,Northwestern,22,33.0,college_to_nba,18.435,4.737,1.864,0.574,0.201,1.293,13.338,3.506,1.152,0.499,0.827
Vsevolod Ishchenko,,CHI,56,Lokomotiv Kuban (Russia),22,,no_college_stats,,,,,,,,,,,
Narcisse Ngoy,,ATL,57,Poitiers Basket 86 (France),22,,no_college_stats,,,,,,,,,,,
Jaron Pierre Jr.,PG,NOP,58,Southern Methodist,22,34.0,college_to_nba,14.121,3.764,1.946,0.707,0.244,2.23,11.838,1.531,1.499,0.451,0.775
Trey Kaufman-Renn,SF,MIN,59,Purdue,22,37.0,college_to_nba,11.351,6.379,2.368,0.276,0.119,0.051,8.888,1.521,1.137,0.567,0.653
Malique Lewis,,WAS,60,South East Melbourne Magic (Australia),22,,no_college_stats,,,,,,,,,,,
